Name,Price,Square,Super Area,Status,Bathroom,Floor,Overlooking,Facing,Car Parking,Balcony,Society,Ownership,Transaction
"2 BHK Flat  for Sale in  Jadubabur Bazar, Bhawanipur, Kolkata",₹82 Lac ,"₹10,513 per sqft ",780 sqft,Ready to Move,2,2 out of 4,Main Road,,,,,Freehold,Resale
2 BHK Flat  for Sale in   Kolkata,₹28 Lac ,"₹3,500 per sqft ",800 sqft,Ready to Move,2,4 out of 5,,,,,,,Resale
"2 BHK Flat  for Sale in  Kudghat, Ashok Nagar, Kolkata",₹42 Lac ,"₹6,829 per sqft ",592 sqft,Ready to Move,2,3 out of 5,"Pool, Garden/Park, Main Road",South,,1,,Freehold,Resale
"3 BHK Flat  for Sale in  Baguiati, Kolkata",₹91 Lac ,"₹7,459 per sqft ",956 sqft,Ready to Move,2,4 out of 5,,South - East,,2,,Freehold,Resale
2 BHK Flat  for Sale in   Kolkata,₹32 Lac ,"₹3,828 per sqft ",836 sqft,Ready to Move,1,2 out of 4,,,,,,,Resale
"1 BHK Flat  for Sale in  Sonarpur, Kolkata",₹5.1 Lac ,"₹1,594 per sqft ",301 sqft,Ready to Move,1,3 out of 3,Garden/Park,South,,1,BGA Amrita Abashan III,Freehold,Resale
"3 BHK Flat  for Sale in  Dum Dum Park, Kolkata",₹45 Lac ,"₹3,462 per sqft ",1250 sqft,Ready to Move,3,2 out of 4,Garden/Park,North - East,,1,,,Resale
"3 BHK Flat  for Sale in  Joka, Kolkata",₹82 Lac ,"₹6,749 per sqft ",734 sqft,Ready to Move,2,6 out of 13,"Garden/Park, Main Road",,1 Covered,1,Godrej Seven,Freehold,Resale
"2 BHK Flat  for Sale in  Ashokgarh, Kolkata",₹40 Lac ,"₹4,938 per sqft ",680 sqft,Ready to Move,2,5 out of 5,,,,1,,,Resale
"3 BHK Flat  for Sale in  Behala Chowrasta, Kolkata",₹72 Lac ,"₹6,000 per sqft ",1200 sqft,Ready to Move,2,5 out of 5,"Garden/Park, Main Road",South,1 Covered,2,Oxford view,Freehold,Resale
"2 BHK Flat  for Sale in  Netaji Nagar, Kolkata",₹23.5 Lac ,"₹3,357 per sqft ",602 sqft,Ready to Move,1,4 out of 4,,,,1,Amiya Apartment,,Resale
"1 BHK Flat  for Sale in  Kankurgachi, Kolkata",₹42 Lac ,,400 sqft,Ready to Move,1,1 out of 4,Main Road,,,,,Freehold,Resale
"1 BHK Flat  for Sale in  Rajarhat, Kolkata",₹1.80 Cr ,"₹15,000 per sqft ",1200 sqft,Ready to Move,2,23 out of 32,,East,,1,,Freehold,Resale
"2 BHK Flat  for Sale in  Baranagar, Kolkata",₹39 Lac ,"₹4,875 per sqft ",591 sqft,Ready to Move,1,4 out of 5,Main Road,,,1,,Freehold,Resale
"2 BHK Flat  for Sale in  Durgapur Bally, Kolkata",₹24 Lac ,"₹3,034 per sqft ",672 sqft,Ready to Move,2,2 out of 5,Main Road,South -West,,1,,Freehold,Resale
"1 BHK Flat  for Sale in  Kaliganj, Kolkata",₹14 Lac ,"₹4,444 per sqft ",315 sqft,Ready to Move,1,1 out of 4,,,,,,,Resale
"2 BHK Flat  for Sale in  Keorapukur, Paschim Putiary, Kolkata",₹20 Lac ,"₹2,564 per sqft ",680 sqft,Ready to Move,2,2 out of 2,,,,1,,,Resale
"3 BHK Flat  for Sale in  Durga Nagar, Kolkata",₹61.5 Lac ,"₹4,800 per sqft ",1026 sqft,,2,3 out of 5,Garden/Park,South - East,1 Covered,1,,Freehold,New Property
"2 BHK Flat  for Sale in  Rajarhat, Kolkata",₹40 Lac ,"₹4,673 per sqft ",856 sqft,Ready to Move,2,1 out of 4,,North,,1,Kwality Oasis,Freehold,Resale
"4 BHK Flat  for Sale in  Nabapally Barasat, Kolkata",₹50 Lac ,"₹3,111 per sqft ",1400 sqft,Ready to Move,2,4 out of 5,,,,4,,,Resale
"3 BHK Flat  for Sale in  Ho Chi Minh Sarani, Kolkata",₹79 Lac ,"₹5,544 per sqft ",1425 sqft,Ready to Move,3,1 out of 12,Main Road,,,2,Diamond City West,Freehold,Resale
" Studio Apartment  for Sale in  Barrackpore, Kolkata",₹25 Lac ,"₹5,605 per sqft ",446 sqft,Ready to Move,1,1 out of 5,,,,,,,Resale
"2 BHK Flat  for Sale in  Panihati, Kolkata",₹50 Lac ,"₹5,030 per sqft ",725 sqft,Ready to Move,2,3 out of 4,,,,1,,,Resale
"3 BHK Flat  for Sale in  Tollygunge, Kolkata",₹25 Lac ,"₹2,941 per sqft ",700 sqft,Ready to Move,1,Ground out of 4,Main Road,West,,2,,Freehold,Resale
"2 BHK Flat  for Sale in  Nimta, Kolkata",₹21.2 Lac ,"₹3,157 per sqft ",670 sqft,,1,4,,,,,Birati Abasan,,Resale
"3 BHK Flat  for Sale in  Bonhooghly, Kolkata",₹75.5 Lac ,"₹6,229 per sqft ",1212 sqft,Ready to Move,2,6 out of 6,Main Road,South - East,,2,Sapnil Residency,Freehold,Resale
"2 BHK Flat  for Sale in  Santragachi, Kolkata",₹47 Lac ,"₹5,027 per sqft ",935 sqft,Ready to Move,2,3 out of 6,"Garden/Park, Pool",East,1 Open,1,Panchawati Lakeshore Apartment,Freehold,Resale
"3 BHK Flat  for Sale in  Basanta Lal Saha Road, Kolkata",₹85 Lac ,"₹5,923 per sqft ",1435 sqft,Ready to Move,2,1 out of 5,,,,,South City Villa,Freehold,Resale
"5 BHK Flat  for Sale in  Belur Math, Kolkata",₹48 Lac ,"₹2,667 per sqft ",1800 sqft,Ready to Move,2,1 out of 2,,South -West,,2,,Freehold,Resale
"2 BHK Flat  for Sale in  Action Area 1, Kolkata",₹93 Lac ,"₹8,416 per sqft ",900 sqft,Ready to Move,1,4 out of 5,Main Road,East,,,,Freehold,Resale
"3 BHK Flat  for Sale in  Selimpur Road, Kolkata",₹1.25 Cr ,"₹9,470 per sqft ",1320 sqft,Ready to Move,2,3 out of 3,Main Road,South,1 Covered,1,,Freehold,Resale
"3 BHK Flat  for Sale in  Rajarhat, Kolkata",₹1.20 Cr ,"₹9,231 per sqft ",928 sqft,Ready to Move,2,6 out of 14,Garden/Park,North - East,,3,PS The Soul,Freehold,Resale
"2 BHK Flat  for Sale in  Serampore, Kolkata",₹43.6 Lac ,"₹3,964 per sqft ",1100 sqft,Ready to Move,2,2 out of 4,,,,,RD Ganges,,Resale
5 BHK Flat  for Sale in   Kolkata,₹4.50 Cr ,"₹15,000 per sqft ",3000 sqft,Ready to Move,5,5 out of 9,,,,,,,Resale
"3 BHK Flat  for Sale in  Survey Park, Kolkata",₹76 Lac ,"₹7,238 per sqft ",800 sqft,Ready to Move,2,4 out of 4,"Garden/Park, Main Road",South -West,1 Covered,1,Calcutta Greens,Co-operative Society,Resale
"3 BHK Flat  for Sale in  Sector 5 Salt Lake City, Kolkata",₹1.29 Cr ,"₹8,746 per sqft ",1050 sqft,Ready to Move,2,17 out of 23,"Garden/Park, Pool, Main Road",South - East,,1,Ideal Aquaview,Freehold,Resale
"3 BHK Flat  for Sale in  Howrah, Kolkata",₹1.45 Cr ,"₹7,672 per sqft ",1475 sqft,Ready to Move,3,4 out of 5,Main Road,East,,2,Purbasha Apartment,Freehold,Resale
"3 BHK Flat  for Sale in  Jole Doba Para, Khardah, Kolkata",₹42 Lac ,"₹3,691 per sqft ",910 sqft,Ready to Move,2,1 out of 5,,South - East,1 Covered,2,,Freehold,Resale
"2 BHK Flat  for Sale in  Kabardanga, Kolkata",₹40 Lac ,,973 sqft,Ready to Move,2,3 out of 4,"Garden/Park, Main Road",,3 Covered,1,Eden Tolly Lakeside,,Resale
"2 BHK Flat  for Sale in  Haridevpur, Paschim Putiary, Kolkata",₹29 Lac ,"₹3,473 per sqft ",710 sqft,Ready to Move,2,3 out of 3,Main Road,North - West,,,,,Resale
"3 BHK Flat  for Sale in  East Mall Road, Kolkata",₹72 Lac ,"₹5,825 per sqft ",1050 sqft,Ready to Move,2,4 out of 4,"Garden/Park, Main Road",South - East,,1,,Freehold,Resale
"2 BHK Flat  for Sale in  Natunpara Bablatala, Kolkata",₹30.3 Lac ,"₹3,497 per sqft ",635 sqft,Ready to Move,2,1 out of 3,"Garden/Park, Main Road",North - East,,1,,Freehold,Resale
"2 BHK Flat  for Sale in  Madhyamgram, Kolkata",₹33 Lac ,"₹4,000 per sqft ",825 sqft,Ready to Move,2,4 out of 6,Main Road,East,,1,Tirath Divine,,Resale
"3 BHK Flat  for Sale in  Block B Lake Town, Kolkata",₹82.5 Lac ,"₹5,382 per sqft ",1226 sqft,Ready to Move,2,1 out of 5,Main Road,South,,1,,Freehold,Resale
"1 BHK Flat  for Sale in  Kalyan Nagar Rahara, Kolkata",₹13 Lac ,"₹2,692 per sqft ",410 sqft,Ready to Move,1,1 out of 5,"Garden/Park, Main Road",North,,1,,Freehold,Resale
"2 BHK Flat  for Sale in  Gouranganagar, Kolkata",₹75 Lac ,"₹8,950 per sqft ",838 sqft,Ready to Move,2,5 out of 7,,North,1 Covered,1,GPS Meena Graciya,Freehold,Resale
"3 BHK Flat  for Sale in  Baguiati, Kolkata",₹45 Lac ,"₹3,750 per sqft ",1000 sqft,Ready to Move,2,4 out of 8,Main Road,South,,1,,Freehold,Resale
"2 BHK Flat  for Sale in  Thakurpukur, Kolkata",₹44 Lac ,"₹3,492 per sqft ",1008 sqft,Ready to Move,2,2 out of 3,Main Road,South - East,,1,,Freehold,Resale
"2 BHK Flat  for Sale in  Bally, Kolkata",₹24 Lac ,"₹3,000 per sqft ",800 sqft,Ready to Move,2,1 out of 5,,,,,,,Resale
"2 BHK Flat  for Sale in  Madurdaha, Hussainpur, Kolkata",₹48 Lac ,"₹5,926 per sqft ",810 sqft,Ready to Move,2,2 out of 4,,East,1 Covered,2,,Co-operative Society,Resale
"3 BHK Flat  for Sale in  Rajarhat, Kolkata",₹1.25 Cr ,"₹9,630 per sqft ",1038 sqft,Ready to Move,2,8 out of 13,"Garden/Park, Pool, Main Road",South - East,,1,Siddha Galaxia Phase 2,Freehold,Resale
"4 BHK Flat  for Sale in  Basanta Lal Saha Road, Kolkata",₹1.80 Cr ,"₹7,469 per sqft ",1978 sqft,Ready to Move,3,1 out of 4,"Garden/Park, Main Road",South,1 Covered,2,South City Villa,Freehold,Resale
"3 BHK Flat  for Sale in  Behala Chowrasta, Kolkata",₹90 Lac ,"₹6,000 per sqft ",1200 sqft,Ready to Move,2,5 out of 7,"Garden/Park, Main Road",South - East,,,Harshvardhan Enclave,Freehold,New Property
"2 BHK Flat  for Sale in  Tollygunge, Kolkata",₹51 Lac ,"₹5,460 per sqft ",800 sqft,Ready to Move,2,4 out of 4,,,,1,Eden Tolly Signature Phase 2,,Resale
"3 BHK Flat  for Sale in  New Town, Kolkata",₹1.65 Cr ,"₹10,390 per sqft ",1270 sqft,Ready to Move,3,24 out of 30,Garden/Park,South - East,,2,Sureka Elita Garden Vista,Freehold,Resale
"4 BHK Flat  for Sale in  Tollygunge Karunamoyee, Kolkata",₹58 Lac ,"₹4,325 per sqft ",1100 sqft,Ready to Move,3,2 out of 3,Main Road,North,1 Covered,1,,Freehold,Resale
"3 BHK Flat  for Sale in  Rajarhat, Kolkata",₹1.80 Cr ,,1436 sqft,Ready to Move,2,6 out of 19,,,,2,Sankalpa 2,,Resale
"3 BHK Flat  for Sale in  Behala Chowrasta, Kolkata",₹62 Lac ,"₹5,652 per sqft ",877 sqft,Ready to Move,2,12 out of 12,"Garden/Park, Pool, Main Road",South,,1,Srijan Greenfield City,Freehold,New Property
"3 BHK Flat  for Sale in  Basanta Lal Saha Road, Kolkata",₹82 Lac ,"₹5,714 per sqft ",1148 sqft,Ready to Move,2,4 out of 4,Main Road,South - East,,1,South City Villa,Freehold,Resale
"2 BHK Flat  for Sale in  Dhakuria, Kolkata",₹55 Lac ,"₹7,333 per sqft ",646 sqft,Ready to Move,2,Ground out of 4,,North,,,,Freehold,Resale
"3 BHK Flat  for Sale in  Nayabad, Kolkata",₹55 Lac ,"₹4,583 per sqft ",840 sqft,Ready to Move,2,4 out of 4,"Garden/Park, Main Road",North,,1,Shubham Phase 1,Freehold,New Property
"3 BHK Flat  for Sale in  Jodhpur Park, Kolkata",₹1.85 Cr ,"₹12,628 per sqft ",1300 sqft,Ready to Move,2,2 out of 4,Main Road,South,1 Covered,2,,Freehold,Resale
"3 BHK Flat  for Sale in  Behala, Kolkata",₹52 Lac ,"₹4,685 per sqft ",832 sqft,Ready to Move,2,5 out of 7,"Garden/Park, Main Road",West,,1,Balaji Marigold,Freehold,Resale
"2 BHK Flat  for Sale in  Nagerbazar, Kolkata",₹23 Lac ,"₹3,286 per sqft ",700 sqft,Ready to Move,1,3 out of 4,,,,,,,Resale
"3 BHK Flat  for Sale in  Sector 5 Salt Lake City, Kolkata",₹85 Lac ,"₹7,060 per sqft ",950 sqft,Ready to Move,2,4 out of 5,Main Road,North - East,,1,,Freehold,Resale
"3 BHK Flat  for Sale in  Kaikhali, Kolkata",₹54 Lac ,"₹4,696 per sqft ",1150 sqft,Ready to Move,2,3 out of 5,,,,1,Green Woods Premium,,Resale
"2 BHK Flat  for Sale in  New Town, Kolkata",₹61 Lac ,"₹6,302 per sqft ",780 sqft,Ready to Move,2,4 out of 7,Garden/Park,South - East,1 Open,1,,Freehold,Resale
"2 BHK Flat  for Sale in  Joka, Kolkata",₹35 Lac ,"₹4,375 per sqft ",800 sqft,Ready to Move,2,3 out of 9,Main Road,East,,1,The Jain Dream World City,,Resale
"1 BHK Flat  for Sale in  Baranagar, Kolkata",₹17 Lac ,"₹3,594 per sqft ",402 sqft,Ready to Move,1,4 out of 5,Main Road,South - East,,1,,Freehold,Resale
"1 BHK Flat  for Sale in  Madhyamgram, Kolkata",₹21 Lac ,"₹3,621 per sqft ",380 sqft,Ready to Move,1,2 out of 4,Garden/Park,South,,,,Co-operative Society,Resale
"3 BHK Flat  for Sale in  New Alipore, Kolkata",₹1.70 Cr ,"₹10,513 per sqft ",1370 sqft,Ready to Move,2,1 out of 22,Pool,South,1 Open,2,Srijan Natura,Freehold,Resale
"3 BHK Flat  for Sale in  Sealdah, Raja Bazar, Kolkata",₹1.95 Cr ,"₹11,504 per sqft ",1695 sqft,Ready to Move,3,7 out of 16,,,,1,Ideal Heights,,Resale
"3 BHK Flat  for Sale in  Garia, Kolkata",₹65 Lac ,"₹5,417 per sqft ",1200 sqft,Ready to Move,2,2 out of 4,,,,1,Mayukh Apartment,Freehold,Resale
"2 BHK Flat  for Sale in  Nayabad, Kolkata",₹35.5 Lac ,"₹4,356 per sqft ",600 sqft,Ready to Move,2,2 out of 4,"Garden/Park, Main Road",East,1 Covered,1,,Freehold,Resale
"3 BHK Flat  for Sale in  Dash Drone, Rajarhat Newtown, Kolkata",₹60 Lac ,"₹4,448 per sqft ",1349 sqft,Ready to Move,3,4 out of 4,,,1 Covered,2,Meena Wood,Freehold,Resale
"3 BHK Flat  for Sale in  Purbalok, Mukundapur, Kolkata",₹90 Lac ,"₹6,429 per sqft ",950 sqft,Ready to Move,2,1 out of 4,,South -West,,1,,Freehold,Resale
"3 BHK Flat  for Sale in  New Town, Kolkata",₹1.30 Cr ,"₹10,961 per sqft ",966 sqft,Ready to Move,2,4 out of 4,"Garden/Park, Main Road",East,1 Covered,1,,Co-operative Society,Resale
"3 BHK Flat  for Sale in  Madurdaha, Hussainpur, Kolkata",₹82 Lac ,"₹6,260 per sqft ",1280 sqft,Ready to Move,2,4 out of 4,"Garden/Park, Main Road",West,,1,Urban Tower,Freehold,Resale
"3 BHK Flat  for Sale in  New Town, Kolkata",₹1.75 Cr ,"₹19,531 per sqft ",896 sqft,Ready to Move,2,7 out of 13,"Garden/Park, Pool, Main Road",South - East,1 Covered,,Ambuja Ecospace Residencia,Freehold,Resale
"3 BHK Flat  for Sale in  Naktala, Garia, Kolkata",₹75 Lac ,"₹4,934 per sqft ",1313 sqft,Ready to Move,2,4 out of 4,Main Road,North - East,1 Covered,1,Adya Pearl Residency,Freehold,New Property
"2 BHK Flat  for Sale in  Kamalgazi, Narendrapur, Kolkata",₹40 Lac ,"₹3,846 per sqft ",1040 sqft,Ready to Move,2,4 out of 4,,,,,Green Land Park,,Resale
"3 BHK Flat  for Sale in  Joka, Kolkata",₹80 Lac ,"₹7,092 per sqft ",1128 sqft,Ready to Move,2,9 out of 15,,,,2,PS The 102,,Resale
"4 BHK Flat  for Sale in  Birati, Kolkata",₹1 Cr ,"₹5,828 per sqft ",1500 sqft,Ready to Move,4,2 out of 6,Garden/Park,East,1 Covered,4,Kendriya Vihar Phase 2,Freehold,Resale
"2 BHK Flat  for Sale in  Sonarpur, Kolkata",₹28 Lac ,"₹3,608 per sqft ",558 sqft,Ready to Move,2,3 out of 3,Main Road,West,,1,,Freehold,Resale
"2 BHK Flat  for Sale in  Behala, Kolkata",₹30 Lac ,"₹4,000 per sqft ",600 sqft,Ready to Move,2,2 out of 4,,,,2,Merlin Next,,Resale
"4 BHK Flat  for Sale in  Jodhpur Park, Kolkata",₹2 Cr ,"₹12,415 per sqft ",1611 sqft,Ready to Move,2,3 out of 3,Main Road,,"1 Covered,",2,,,Resale
"3 BHK Flat  for Sale in  Joka, Kolkata",₹75 Lac ,"₹5,531 per sqft ",792 sqft,Ready to Move,3,12 out of 14,,,1 Covered,2,Godrej Seven,Freehold,Resale
"3 BHK Flat  for Sale in  Tollygunge, Kolkata",₹1.35 Cr ,"₹7,357 per sqft ",1468 sqft,Ready to Move,2,5 out of 14,"Garden/Park, Main Road",South - East,1 Covered,1,Rajat Aagaman,Freehold,Resale
"2 BHK Flat  for Sale in  Beleghata, Kolkata",₹35 Lac ,"₹5,303 per sqft ",550 sqft,Ready to Move,1,Ground out of 3,,South - East,,1,beliaghata joramandir post office buildi,Freehold,Resale
"2 BHK Flat  for Sale in  Kalindi Housing Estate, Kolkata",₹45 Lac ,"₹4,808 per sqft ",780 sqft,Ready to Move,1,2 out of 4,Main Road,South - East,,1,Kalindi Housing Estate,Freehold,Resale
"3 BHK Flat  for Sale in  Nayabad, Kolkata",₹56 Lac ,"₹4,308 per sqft ",1160 sqft,Ready to Move,2,1 out of 3,,East,,2,Aayushmaan Apartment,Freehold,Resale
"2 BHK Flat  for Sale in  Garia Main Road, Kolkata",₹46 Lac ,"₹5,111 per sqft ",700 sqft,Ready to Move,2,7 out of 16,"Garden/Park, Main Road",North,,1,,Freehold,Resale
"3 BHK Flat  for Sale in  Naktala, Garia, Kolkata",₹1.20 Cr ,"₹6,857 per sqft ",1350 sqft,,3,3 out of 4,,,,1,Sri Guru Complex,,Resale
"2 BHK Flat  for Sale in  Khardaha, Kolkata",₹30 Lac ,"₹3,750 per sqft ",800 sqft,Ready to Move,2,3 out of 4,Main Road,South - East,,1,,Freehold,Resale
"3 BHK Flat  for Sale in  Joka, Kolkata",₹37 Lac ,"₹2,846 per sqft ",1200 sqft,Ready to Move,2,Ground out of 4,Garden/Park,,,1,Minerva Garden,Freehold,Resale
"2 BHK Flat  for Sale in  Narkeldanga, Kolkata",₹65 Lac ,"₹6,915 per sqft ",910 sqft,Ready to Move,2,1 out of 3,"Garden/Park, Main Road",South - East,1 Open,1,,Freehold,Resale
"2 BHK Flat  for Sale in  Joka, Kolkata",₹62 Lac ,"₹6,181 per sqft ",803 sqft,Ready to Move,2,8 out of 15,"Garden/Park, Main Road",South,1 Covered,2,PS The 102,Freehold,Resale
"2 BHK Flat  for Sale in  Joka, Kolkata",₹45 Lac ,"₹5,051 per sqft ",891 sqft,Ready to Move,2,5 out of 6,"Garden/Park, Pool, Main Road",North - East,,2,,Freehold,Resale
"3 BHK Flat  for Sale in  Rajpur Sonarpur, Kolkata",₹75 Lac ,"₹5,245 per sqft ",1144 sqft,Ready to Move,2,4 out of 4,Main Road,South - East,,,RDB Regent Sonarpur Phase I,Freehold,Resale
"3 BHK Flat  for Sale in  Uttarpara Chinsurah, Kolkata",₹57 Lac ,"₹5,094 per sqft ",1119 sqft,Ready to Move,2,6 out of 12,"Garden/Park, Main Road",South,,2,Shriram Grand One,Freehold,Resale
"2 BHK Flat  for Sale in  New Garia Station Road, Kolkata",₹40 Lac ,"₹4,717 per sqft ",700 sqft,Ready to Move,2,4 out of 5,Main Road,South - East,,1,,Freehold,Resale
"2 BHK Flat  for Sale in  Madhyamgram, Kolkata",₹30 Lac ,"₹3,529 per sqft ",700 sqft,Ready to Move,2,4 out of 4,"Garden/Park, Main Road",South -West,,1,,Freehold,Resale
"2 BHK Flat  for Sale in  Action Area 2D, Kolkata",₹70 Lac ,"₹9,859 per sqft ",710 sqft,Ready to Move,2,2 out of 11,"Garden/Park, Main Road",South -West,1 Open,1,Greenfield Ambition,Freehold,Resale
"3 BHK Flat  for Sale in  Manicktala, Kolkata",₹1.65 Cr ,"₹11,761 per sqft ",1403 sqft,,3,21 out of 23,,,,3,,,Resale
"2 BHK Flat  for Sale in  Birati, Kolkata",₹30 Lac ,"₹3,571 per sqft ",550 sqft,Ready to Move,2,1 out of 4,Main Road,South - East,,1,,Freehold,Resale
"1 BHK Flat  for Sale in  Joka, Kolkata",₹19.8 Lac ,"₹3,845 per sqft ",412 sqft,Ready to Move,1,4 out of 8,"Garden/Park, Main Road",North - East,,2,Gems City,Freehold,Resale
"2 BHK Flat  for Sale in  Math Bagan, Kolkata",₹30 Lac ,"₹3,000 per sqft ",865 sqft,Ready to Move,2,3 out of 4,,North - East,,1,,Freehold,Resale
"3 BHK Flat  for Sale in  Rabindra Sarobar, Kolkata",₹2.25 Cr ,"₹13,694 per sqft ",1250 sqft,Ready to Move,2,3 out of 4,Main Road,North,,1,,Freehold,Resale
"3 BHK Flat  for Sale in  Boral, Kolkata",₹35 Lac ,"₹3,365 per sqft ",884 sqft,Ready to Move,2,3 out of 4,Main Road,South - East,1 Open,1,Pacific Rajeshwari Apartment,Freehold,Resale
"3 BHK Flat  for Sale in  Kamalgazi Sonarpur Road, Kolkata",₹95 Lac ,"₹6,291 per sqft ",1208 sqft,Ready to Move,2,2 out of 11,Main Road,South - East,,2,Rajwada Springfield,Freehold,Resale
"2 BHK Flat  for Sale in  Joka, Kolkata",₹31 Lac ,"₹4,000 per sqft ",476 sqft,Ready to Move,2,1 out of 4,"Pool, Main Road",South - East,,1,Solace Joka,Freehold,Resale
"2 BHK Flat  for Sale in  Kasba, Kolkata",₹40 Lac ,"₹4,571 per sqft ",780 sqft,Ready to Move,2,2 out of 3,,,,1,,Freehold,Resale
"3 BHK Flat  for Sale in  Action Area 2, Kolkata",₹60 Lac ,"₹4,926 per sqft ",1018 sqft,Ready to Move,2,1 out of 5,"Garden/Park, Main Road",South - East,,1,,Freehold,Resale
"2 BHK Flat  for Sale in  Narendrapur Rajpur Sonarpur, Kolkata",₹30 Lac ,"₹3,297 per sqft ",910 sqft,Ready to Move,2,4 out of 4,,South,,1,Mayfair Whitefield,Freehold,Resale
"3 BHK Flat  for Sale in  Kalikapur Road, Kolkata",₹67 Lac ,"₹5,360 per sqft ",1250 sqft,Ready to Move,2,2 out of 4,Garden/Park,South - East,,1,,Freehold,Resale
"2 BHK Flat  for Sale in  Vivekananda Nagar Madhyamgram, Kolkata",₹75 Lac ,"₹6,499 per sqft ",786 sqft,Ready to Move,2,6 out of 8,"Pool, Garden/Park",East,1 Covered,1,Space Navita,,Resale
"3 BHK Flat  for Sale in  Rajarhat, Kolkata",₹91 Lac ,"₹10,190 per sqft ",893 sqft,Ready to Move,2,2 out of 15,Main Road,South -West,1 Covered,,Loharuka Urban Vista,Freehold,Resale
"2 BHK Flat  for Sale in  Lake Market, Kalighat, Kolkata",₹70 Lac ,"₹8,485 per sqft ",550 sqft,Ready to Move,2,2 out of 4,Garden/Park,,,1,,Freehold,Resale
"2 BHK Flat  for Sale in  Rajarhat, Kolkata",₹42.3 Lac ,"₹4,024 per sqft ",765 sqft,Ready to Move,2,2 out of 4,,South,1 Covered,1,Regent City,Freehold,Resale
"2 BHK Flat  for Sale in  Krishnapur Kestopur, Kolkata",₹40 Lac ,"₹5,333 per sqft ",750 sqft,Ready to Move,2,4 out of 4,,,,,,,Resale
"3 BHK Flat  for Sale in  Beleghata Main Road, Kolkata",₹1.75 Cr ,"₹8,642 per sqft ",1556 sqft,Ready to Move,1,8 out of 14,Main Road,North - East,,1,,Freehold,Resale
"2 BHK Flat  for Sale in  Sinthee, Kolkata",₹70 Lac ,,1100 sqft,Ready to Move,2,1 out of 4,,,,1,,,Resale
"2 BHK Flat  for Sale in  Jyangra, Kolkata",₹19 Lac ,"₹2,111 per sqft ",750 sqft,Ready to Move,1,2 out of 4,Garden/Park,East,,1,,Freehold,Resale
"2 BHK Flat  for Sale in  Kasba, Kolkata",₹24 Lac ,"₹3,529 per sqft ",550 sqft,Ready to Move,2,Ground out of 3,,South -West,,1,,,Resale
"2 BHK Flat  for Sale in  Survey Park, Kolkata",₹58 Lac ,"₹6,517 per sqft ",710 sqft,Ready to Move,2,4 out of 4,Main Road,South -West,1 Covered,1,,Freehold,Resale
"4 BHK Flat  for Sale in  Rajarhat, Kolkata",₹1.35 Cr ,"₹6,959 per sqft ",1450 sqft,,3,13 out of 14,Garden/Park,,1 Covered,4,DTC Capital City,,Resale
"1 BHK Flat  for Sale in  Eastern Metropolitan Bypass, Kolkata",₹35 Lac ,"₹8,750 per sqft ",400 sqft,Ready to Move,1,1 out of 4,Main Road,South - East,,1,Avishikta 2,Freehold,Resale
"4 BHK Flat  for Sale in  Eastern Metropolitan Bypass, Kolkata",₹3.50 Cr ,"₹16,447 per sqft ",2128 sqft,Ready to Move,3,7 out of 37,Main Road,,2 Open,1,Mani Megh Mani,Freehold,Resale
"3 BHK Flat  for Sale in  Jessore Road, Kolkata",₹1.70 Cr ,"₹8,817 per sqft ",1928 sqft,Ready to Move,3,6 out of 13,"Garden/Park, Pool, Main Road",North - East,1 Covered,2,Emami City,,Resale
"4 BHK Flat  for Sale in  Tollygunge, Kolkata",₹2.25 Cr ,"₹10,849 per sqft ",1348 sqft,Ready to Move,4,,Garden/Park,North - East,1 Covered,1,Diamond City South,Freehold,Resale
"2 BHK Flat  for Sale in  Tollygunge, Kolkata",₹1.20 Cr ,"₹9,677 per sqft ",1240 sqft,Ready to Move,2,1 out of 7,Garden/Park,East,,1,MK Towers,Freehold,Resale
"3 BHK Flat  for Sale in  Tollygunge, Kolkata",₹1.39 Cr ,"₹10,342 per sqft ",1344 sqft,Ready to Move,2,10 out of 12,"Garden/Park, Pool, Main Road",South -West,1 Open,1,Mani Shankhmani,Freehold,Resale
"3 BHK Flat  for Sale in  New Alipore, Kolkata",₹3.20 Cr ,"₹16,385 per sqft ",1953 sqft,Ready to Move,3,8 out of 11,Pool,North - East,,1,PS VYOM,Freehold,Resale
"2 BHK Flat  for Sale in  Garfa Main Road, Kolkata",₹32 Lac ,"₹4,211 per sqft ",700 sqft,Ready to Move,2,Ground out of 3,Main Road,South,1 Covered,1,,Freehold,Resale
"3 BHK Flat  for Sale in  Kalikapur Haltu, Kolkata",₹70 Lac ,"₹6,487 per sqft ",1079 sqft,Ready to Move,2,2 out of 4,Main Road,East,,1,,Freehold,Resale
"2 BHK Flat  for Sale in  Tagore Park, Kasba, Kolkata",₹47 Lac ,"₹5,875 per sqft ",800 sqft,Ready to Move,2,3 out of 3,,South,,1,,Freehold,Resale
"2 BHK Flat  for Sale in  Maheshtala, Kolkata",₹27 Lac ,"₹3,792 per sqft ",712 sqft,Ready to Move,2,7 out of 14,,,,1,Hiland Greens,,Resale
"3 BHK Flat  for Sale in  New Town, Kolkata",₹1.78 Cr ,"₹9,252 per sqft ",1539 sqft,Ready to Move,4,5 out of 11,Main Road,South - East,,2,,Co-operative Society,Resale
"2 BHK Flat  for Sale in  Dum Dum, Kolkata",₹55 Lac ,"₹5,500 per sqft ",1000 sqft,Ready to Move,1,4 out of 4,,South,,1,,,Resale
"3 BHK Flat  for Sale in  Serampore, Kolkata",₹40 Lac ,"₹4,396 per sqft ",587 sqft,Ready to Move,2,1 out of 12,,,,1,Eden Solaris City Serampore,,Resale
"2 BHK Flat  for Sale in  Harinavi, Kolkata",₹28 Lac ,"₹2,976 per sqft ",742 sqft,Ready to Move,2,3 out of 4,Pool,South,,1,,Freehold,Resale
"3 BHK Flat  for Sale in  Kustia, Kolkata",₹1 Cr ,"₹6,667 per sqft ",1500 sqft,Ready to Move,3,1 out of 5,Garden/Park,South - East,,1,,Freehold,Resale
"2 BHK Flat  for Sale in  Kalyan Nagar Rahara, Kolkata",₹25 Lac ,"₹2,778 per sqft ",720 sqft,Ready to Move,2,4 out of 4,,,1 Covered,1,,Freehold,Resale
"3 BHK Flat  for Sale in  Metropolitan Co Operative Housing Society Limited, Kolkata",₹2.50 Cr ,,1671 sqft,Ready to Move,3,30 out of 46,,,,1,WB Avidipta,,Resale
"2 BHK Flat  for Sale in  Boral Main Road, Kolkata",₹35 Lac ,"₹3,684 per sqft ",808 sqft,Ready to Move,2,1 out of 3,"Garden/Park, Main Road",South - East,,1,,Freehold,Resale
"2 BHK Flat  for Sale in  Narendrapur Rajpur Sonarpur, Kolkata",₹41.8 Lac ,"₹4,988 per sqft ",838 sqft,Ready to Move,2,1 out of 4,"Garden/Park, Main Road",South -West,,,Sherwood Estate,Freehold,Resale
"2 BHK Flat  for Sale in  Maheshtala, Kolkata",₹24 Lac ,"₹3,371 per sqft ",468 sqft,Ready to Move,2,1 out of 14,"Garden/Park, Pool, Main Road",South - East,68 Open,1,Hiland Greens,Freehold,Resale
"3 BHK Flat  for Sale in  Bramhapur, Kolkata",₹43 Lac ,"₹4,526 per sqft ",808 sqft,Ready to Move,2,3 out of 3,,,1 Covered,1,,Freehold,Resale
"2 BHK Flat  for Sale in  Picnic Garden, Tiljala, Kolkata",₹29 Lac ,"₹4,462 per sqft ",650 sqft,Ready to Move,1,4 out of 4,,,,,,,Resale
"3 BHK Flat  for Sale in  Alipore, Kolkata",₹1.50 Cr ,"₹9,888 per sqft ",1137 sqft,Ready to Move,3,1 out of 8,Main Road,North,1 Covered,1,,Co-operative Society,Resale
"3 BHK Flat  for Sale in  Kestopur, Kolkata",₹1.25 Cr ,"₹6,757 per sqft ",1182 sqft,Ready to Move,3,9 out of 10,,,,2,Viswakarma Shyam Residency,,Resale
"2 BHK Flat  for Sale in  Garia, Kolkata",₹37 Lac ,"₹5,286 per sqft ",650 sqft,Ready to Move,2,3 out of 3,Main Road,South,,1,,Freehold,Resale
"3 BHK Flat  for Sale in  Ultadanga, Kolkata",₹2.50 Cr ,"₹14,221 per sqft ",1758 sqft,Ready to Move,3,18 out of 18,Main Road,South - East,1 Open,2,,Leasehold,Resale
"2 BHK Flat  for Sale in  Joka, Kolkata",₹49 Lac ,"₹5,998 per sqft ",817 sqft,,2,15 out of 17,Pool,South -West,,1,Orchard PH 2B at Godrej Se7en,Freehold,Resale
"3 BHK Flat  for Sale in  Chinar Park, Rajarhat, Kolkata",₹79.5 Lac ,"₹5,368 per sqft ",1150 sqft,Ready to Move,2,2 out of 4,Main Road,South - East,1 Covered,1,Symphoni Enclave,Freehold,Resale
"5 BHK Flat  for Sale in  Bhowanipore, Kolkata",₹4.25 Cr ,"₹15,741 per sqft ",2700 sqft,Ready to Move,5,3 out of 6,,,,,,,Resale
"3 BHK Flat  for Sale in  Eastern Metropolitan Bypass, Kolkata",₹1.35 Cr ,"₹9,285 per sqft ",1050 sqft,Ready to Move,2,11 out of 11,"Pool, Main Road",North - East,,1,4 Sight Impression,Freehold,Resale
"4 BHK Flat  for Sale in  Basanta Lal Saha Road, Kolkata",₹1.65 Cr ,"₹6,846 per sqft ",2000 sqft,Ready to Move,3,4 out of 4,"Garden/Park, Main Road",East,,2,South City Villa,Freehold,Resale
"2 BHK Flat  for Sale in  Maheshtala, Kolkata",₹29 Lac ,"₹5,206 per sqft ",447 sqft,Ready to Move,2,5 out of 14,,East,,1,Hiland Greens,Freehold,New Property
"3 BHK Flat  for Sale in  Barasat, Kolkata",₹22 Lac ,"₹2,280 per sqft ",772 sqft,Ready to Move,2,4 out of 6,"Garden/Park, Pool",South - East,1 Covered,1,Larica Township,Freehold,Resale
2 BHK Flat  for Sale in   Kolkata,₹33 Lac ,"₹4,628 per sqft ",713 sqft,Ready to Move,2,Ground out of 4,,South - East,,1,,Freehold,Resale
"2 BHK Flat  for Sale in  Chandni Chawk, Bow Bazar, Kolkata",₹1 Cr ,"₹3,497 per sqft ",3811 sqft,Ready to Move,1,4 out of 4,Main Road,,5 Open,1,,Freehold,Resale
"3 BHK Flat  for Sale in  Nayabad, Kolkata",₹60 Lac ,"₹4,528 per sqft ",1000 sqft,Ready to Move,2,3 out of 3,,South - East,,1,Mayfair Bliss,Freehold,Resale
" Studio Apartment  for Sale in  Amtala, Diamond Harbour Road, Kolkata",₹31 Lac ,"₹5,616 per sqft ",552 sqft,Ready to Move,1,3 out of 4,,South -West,1 Covered,1,Merlin Greens,Freehold,Resale
2 BHK Flat  for Sale in   Kolkata,₹1 Cr ,"₹6,614 per sqft ",1150 sqft,Ready to Move,2,1 out of 4,"Garden/Park, Main Road",South - East,,1,,,Resale
"2 BHK Flat  for Sale in  Rajarhat, Kolkata",₹75 Lac ,"₹11,013 per sqft ",618 sqft,Ready to Move,2,8 out of 18,"Garden/Park, Pool, Main Road",North - East,,1,Loharuka Urban Vista,Freehold,Resale
"3 BHK Flat  for Sale in  Picnic Garden Road, Kolkata",₹1.59 Cr ,"₹10,593 per sqft ",1501 sqft,Ready to Move,3,6 out of 12,Pool,South - East,,1,Merlin Iland,Freehold,Resale
"2 BHK Flat  for Sale in  Eastern Metropolitan Bypass, Kolkata",₹40 Lac ,"₹5,089 per sqft ",562 sqft,Ready to Move,2,4 out of 4,Garden/Park,South,1 Covered,1,,Freehold,Resale
"3 BHK Flat  for Sale in  Rajarhat, Kolkata",₹55 Lac ,"₹5,446 per sqft ",800 sqft,Ready to Move,2,2 out of 4,"Garden/Park, Pool",South - East,,1,Siddha Town,Freehold,Resale
"3 BHK Flat  for Sale in  Katju Nagar, Kolkata",₹1.10 Cr ,"₹8,800 per sqft ",1150 sqft,Ready to Move,2,3 out of 5,,,,1,,,Resale
"2 BHK Flat  for Sale in  New Ballygunge, Kasba, Kolkata",₹31 Lac ,"₹4,241 per sqft ",640 sqft,Ready to Move,1,3 out of 4,Main Road,East,,1,,Freehold,New Property
"3 BHK Flat  for Sale in  Mandirtala Shibpur, Kolkata",₹90 Lac ,"₹7,212 per sqft ",1200 sqft,Ready to Move,2,1 out of 4,,,,2,,,Resale
"3 BHK Flat  for Sale in  Mukundapur, Kolkata",₹5 Cr ,"₹17,117 per sqft ",2336 sqft,Ready to Move,3,22 out of 24,Main Road,South - East,2 Covered,2,Ambuja Utalika The Condoville,Freehold,Resale
"3 BHK Flat  for Sale in  Khidirpur, Kolkata",₹80 Lac ,"₹7,273 per sqft ",1100 sqft,Ready to Move,2,2 out of 5,,,,,,,Resale
"2 BHK Flat  for Sale in  Haltu, Kolkata",₹68 Lac ,"₹6,538 per sqft ",900 sqft,Ready to Move,2,1 out of 4,Main Road,South - East,,1,Imarat Nest,Freehold,Resale
"2 BHK Flat  for Sale in  South K Deb Road, Kolkata",₹35 Lac ,,707 sqft,Ready to Move,2,4 out of 4,Garden/Park,South -West,,1,,Freehold,Resale
"2 BHK Flat  for Sale in  Netaji Nagar, Kolkata",₹18 Lac ,"₹3,072 per sqft ",586 sqft,Ready to Move,1,Ground out of 5,,East,,1,Kalyani Apartment,Freehold,Resale
"2 BHK Flat  for Sale in  Kudghat, Ashok Nagar, Kolkata",₹19 Lac ,"₹3,592 per sqft ",450 sqft,Ready to Move,1,3 out of 3,Main Road,West,,,,Freehold,Resale
3 BHK Flat  for Sale in   Kolkata,₹1.20 Cr ,"₹7,059 per sqft ",1050 sqft,Ready to Move,3,1 out of 3,Main Road,,,1,,Leasehold,Resale
"3 BHK Flat  for Sale in  Parui Mauza, Kolkata",₹42 Lac ,"₹3,801 per sqft ",785 sqft,Ready to Move,2,1 out of 5,"Garden/Park, Main Road",South,,1,Balaji Crimson 2,Freehold,Resale
"2 BHK Flat  for Sale in  Khardaha, Kolkata",₹18.5 Lac ,"₹2,256 per sqft ",670 sqft,Ready to Move,2,2 out of 2,,,,1,,,Resale
"2 BHK Flat  for Sale in  Alipore, Kolkata",₹40 Lac ,"₹5,263 per sqft ",760 sqft,Ready to Move,2,2 out of 4,"Main Road, Garden/Park",South - East,,1,,Freehold,New Property
1 BHK Flat  for Sale in   Kolkata,₹13 Lac ,"₹2,167 per sqft ",500 sqft,Ready to Move,1,4 out of 5,,,,,,,Resale
"2 BHK Flat  for Sale in  Action Area 1, Kolkata",₹65 Lac ,"₹6,842 per sqft ",950 sqft,Ready to Move,2,1 out of 4,"Garden/Park, Main Road",East,,1,,Co-operative Society,New Property
"3 BHK Flat  for Sale in  Rajarhat, Kolkata",₹30 Lac ,"₹3,275 per sqft ",916 sqft,Ready to Move,2,7 out of 7,,,,1,,,Resale
"4 BHK Flat  for Sale in  Behala Thana, Kolkata",₹35 Lac ,"₹2,800 per sqft ",945 sqft,Ready to Move,2,Ground out of 3,,,,1,,,Resale
"3 BHK Flat  for Sale in  Action Area 1, Kolkata",₹1.20 Cr ,"₹7,317 per sqft ",1100 sqft,Ready to Move,3,5 out of 5,Main Road,North - East,,1,,Freehold,Resale
"2 BHK Flat  for Sale in  Boral, Kolkata",₹27 Lac ,"₹3,600 per sqft ",750 sqft,Ready to Move,2,1 out of 3,Main Road,South - East,1 Covered,1,,Freehold,New Property
"3 BHK Flat  for Sale in  Baidyabati, Kolkata",₹30 Lac ,"₹3,158 per sqft ",950 sqft,Ready to Move,2,4 out of 6,,,,1,River Breeze Baidyabati,,Resale
"2 BHK Flat  for Sale in  Bhowanipore, Kolkata",₹2.50 Cr ,"₹17,007 per sqft ",1470 sqft,Ready to Move,2,3 out of 6,"Garden/Park, Main Road",North,1 Covered,1,,Freehold,Resale
"2 BHK Flat  for Sale in  Action Area 2, Kolkata",₹1.30 Cr ,"₹8,371 per sqft ",1553 sqft,Ready to Move,2,9 out of 14,,,,2,Hiland Willows,,Resale
"2 BHK Flat  for Sale in  Barrackpore, Kolkata",₹44 Lac ,"₹4,004 per sqft ",765 sqft,Ready to Move,2,1 out of 3,,,,1,,,Resale
"2 BHK Flat  for Sale in  Narendrapur Rajpur Sonarpur, Kolkata",₹34 Lac ,"₹4,444 per sqft ",494 sqft,Ready to Move,2,1 out of 9,,,,1,Vishnu Happy Homes V,,Resale
"3 BHK Flat  for Sale in  Barrackpore Trunk Road, Kolkata",₹70 Lac ,"₹5,833 per sqft ",1200 sqft,Ready to Move,2,1 out of 20,"Pool, Garden/Park, Main Road",East,,1,Godrej Prakriti,Freehold,Resale
"2 BHK Flat  for Sale in  Philips Colony, Kolkata",₹18 Lac ,"₹2,951 per sqft ",610 sqft,Ready to Move,1,2 out of 4,,,,1,,Freehold,Resale
"2 BHK Flat  for Sale in  Madurdaha Main Road, Kolkata",₹48 Lac ,"₹5,955 per sqft ",600 sqft,Ready to Move,2,3 out of 4,Main Road,South -West,,1,,Freehold,New Property
"3 BHK Flat  for Sale in  Rajarhat, Kolkata",₹65 Lac ,"₹4,943 per sqft ",1315 sqft,Ready to Move,3,1 out of 6,,,,1,Jain Dream Excellency,,Resale
"2 BHK Flat  for Sale in  Hindmotor, Kolkata",₹14 Lac ,"₹2,154 per sqft ",550 sqft,Ready to Move,1,2 out of 4,,East,,1,,Freehold,Resale
"2 BHK Flat  for Sale in  Rajarhat, Kolkata",₹25 Lac ,"₹3,333 per sqft ",637 sqft,Ready to Move,1,Ground out of 4,,South - East,,,Realtech Nirman Maya,Freehold,Resale
2 BHK Flat  for Sale in   Kolkata,₹41 Lac ,"₹4,154 per sqft ",987 sqft,Ready to Move,2,1 out of 5,,,,,,Freehold,Resale
"2 BHK Flat  for Sale in  Senhati Colony, Kolkata",₹45 Lac ,"₹5,114 per sqft ",710 sqft,Ready to Move,2,3 out of 3,,West,,1,Behala,Freehold,New Property
3 BHK Flat  for Sale in   Kolkata,₹65 Lac ,"₹5,856 per sqft ",950 sqft,Ready to Move,2,3 out of 4,,South,,1,,Freehold,Resale
"3 BHK Flat  for Sale in  Action Area 3, Kolkata",₹82 Lac ,"₹5,655 per sqft ",1450 sqft,,2,1 out of 4,,,,3,Kalpanik Co Operative Society,,Resale
"4 BHK Flat  for Sale in  Action Area 1, Kolkata",₹1.01 Cr ,"₹6,580 per sqft ",1000 sqft,,3,5 out of 16,Main Road,East,1 Covered,2,,Co-operative Society,New Property
"1 BHK Flat  for Sale in  Sinthee, Kolkata",₹27 Lac ,"₹3,857 per sqft ",600 sqft,Ready to Move,1,3 out of 4,Main Road,South - East,,1,,Freehold,Resale
"2 BHK Flat  for Sale in  Loudon Street, Kolkata",₹40.8 Lac ,"₹2,560 per sqft ",1594 sqft,,2,,,,,,,,Resale
"3 BHK Flat  for Sale in  Mourigram, Kolkata",₹38 Lac ,"₹2,800 per sqft ",1356 sqft,Ready to Move,3,5 out of 6,Main Road,North - East,,1,Ackruti Geetobitan,Freehold,Resale
"2 BHK Flat  for Sale in  Rajarhat, Kolkata",₹22 Lac ,"₹2,914 per sqft ",755 sqft,Ready to Move,2,4 out of 4,"Garden/Park, Pool, Main Road",South - East,,1,Macwel Ushali Amar Thikana,Freehold,Resale
"2 BHK Flat  for Sale in  New Town, Kolkata",₹28 Lac ,"₹4,112 per sqft ",578 sqft,Ready to Move,1,4 out of 4,Main Road,South - East,,1,GM Meena Surya,Freehold,Resale
2 BHK Flat  for Sale in   Kolkata,₹1.20 Cr ,"₹11,257 per sqft ",1066 sqft,Ready to Move,2,1 out of 4,,,,,,,Resale
"2 BHK Flat  for Sale in  Bhadrakali, Kolkata",₹15 Lac ,"₹1,765 per sqft ",800 sqft,Ready to Move,2,4 out of 4,,North,,1,Sibtala Lalbari,Freehold,Resale
"1 BHK Flat  for Sale in  Bhangar, Kolkata",₹13 Lac ,"₹2,882 per sqft ",451 sqft,Ready to Move,1,4 out of 4,,,,,,,Resale
"2 BHK Flat  for Sale in  Entally, Kolkata",₹66 Lac ,"₹8,250 per sqft ",650 sqft,Ready to Move,2,Ground out of 2,Garden/Park,South - East,,,,Freehold,Resale
"2 BHK Flat  for Sale in  Nagerbazar, Kolkata",₹25 Lac ,"₹3,125 per sqft ",772 sqft,Ready to Move,2,3 out of 3,"Garden/Park, Main Road",North - East,,1,Mrinmoyee Apartment,Freehold,Resale
"3 BHK Flat  for Sale in  Madhyamgram, Kolkata",₹39 Lac ,"₹3,316 per sqft ",1176 sqft,Ready to Move,2,4 out of 4,Garden/Park,South,,2,Fortune City,Freehold,Resale
4 BHK Flat  for Sale in   Kolkata,₹85 Lac ,"₹4,250 per sqft ",1700 sqft,Ready to Move,4,3 out of 5,,,,2,,Co-operative Society,Resale
"3 BHK Flat  for Sale in  Maheshtala, Kolkata",₹55 Lac ,"₹3,387 per sqft ",1515 sqft,Ready to Move,3,5 out of 15,"Garden/Park, Main Road",East,,1,Eden City Maheshtala,Freehold,Resale
"2 BHK Flat  for Sale in  Behala, Kolkata",₹28 Lac ,"₹3,733 per sqft ",750 sqft,Ready to Move,2,1 out of 3,Main Road,North,,1,Matri Neer,Freehold,Resale
"2 BHK Flat  for Sale in  Sahid Khudiram Bose Sarani, Kolkata",₹30.1 Lac ,"₹4,673 per sqft ",546 sqft,Ready to Move,1,3 out of 3,Main Road,South,,1,,Freehold,Resale
"3 BHK Flat  for Sale in  Kalyani, Kolkata",₹45 Lac ,"₹3,147 per sqft ",1100 sqft,Ready to Move,2,3 out of 5,,,,2,,,Resale
"2 BHK Flat  for Sale in  Joka, Kolkata",₹45 Lac ,"₹5,000 per sqft ",900 sqft,Ready to Move,2,3 out of 4,Main Road,North - West,,1,Ankita Apartment,,Resale
"3 BHK Flat  for Sale in  New Alipore, Kolkata",₹70 Lac ,"₹6,796 per sqft ",897 sqft,Ready to Move,2,3 out of 4,,,,,,,Resale
"3 BHK Flat  for Sale in  Ranaghat, Kolkata",₹49 Lac ,"₹2,988 per sqft ",1350 sqft,Ready to Move,3,3 out of 4,Main Road,East,,2,,Freehold,Resale
3 BHK Flat  for Sale in   Kolkata,₹80 Lac ,"₹6,926 per sqft ",1155 sqft,Ready to Move,2,2 out of 3,Main Road,East,,1,,Freehold,Resale
"2 BHK Flat  for Sale in  Purbalok, Mukundapur, Kolkata",₹39 Lac ,"₹5,493 per sqft ",568 sqft,Ready to Move,2,4 out of 5,Main Road,South,,1,,Freehold,Resale
"3 BHK Flat  for Sale in  Narendrapur Rajpur Sonarpur, Kolkata",₹45 Lac ,"₹4,091 per sqft ",715 sqft,Ready to Move,2,1 out of 4,"Garden/Park, Pool, Main Road",South -West,,1,Su Casa Unique,Freehold,Resale
"1 BHK Flat  for Sale in  Seal Lane Tangra, Kolkata",₹15 Lac ,"₹3,282 per sqft ",457 sqft,Ready to Move,1,1 out of 4,,North,,,,Freehold,Resale
"2 BHK Flat  for Sale in  Nandan Kanan Santoshpur, Kolkata",₹45 Lac ,,700 sqft,Ready to Move,2,1 out of 4,Main Road,,,,,Freehold,Resale
"2 BHK Flat  for Sale in  Motijheel Avenue, Kolkata",₹40 Lac ,"₹3,876 per sqft ",850 sqft,Ready to Move,2,4 out of 4,"Garden/Park, Main Road",South - East,,1,,Freehold,Resale
"3 BHK Flat  for Sale in  Barasat, Kolkata",₹34 Lac ,"₹3,189 per sqft ",850 sqft,Ready to Move,2,4 out of 4,"Pool, Main Road",West,1 Covered,2,Fortune Township,Freehold,Resale
"2 BHK Flat  for Sale in  Vip Road, Kolkata",₹52 Lac ,"₹8,176 per sqft ",700 sqft,Ready to Move,2,1 out of 4,,,,1,Anupama Housing Complex,Co-operative Society,Resale
"1 BHK Flat  for Sale in  Ramrajatala Station Road, Kolkata",₹22 Lac ,"₹4,752 per sqft ",463 sqft,Ready to Move,1,3 out of 6,,South - East,,1,,,Resale
"2 BHK Flat  for Sale in  Bally, Kolkata",₹17 Lac ,"₹2,810 per sqft ",500 sqft,Ready to Move,2,4 out of 4,,East,,1,,Freehold,Resale
"2 BHK Flat  for Sale in  Narendrapur Rajpur Sonarpur, Kolkata",₹46 Lac ,"₹5,617 per sqft ",524 sqft,Ready to Move,2,9 out of 12,,South,,1,Amaya Residences,Freehold,Resale
"3 BHK Flat  for Sale in  Lake Range, Kolkata",₹4 Cr ,"₹16,842 per sqft ",1900 sqft,Ready to Move,3,4 out of 6,Main Road,South - East,"1 Covered,",,,Freehold,Resale
"4 BHK Flat  for Sale in  Baghajatin Colony, Kolkata",₹90 Lac ,"₹6,429 per sqft ",1400 sqft,Ready to Move,2,2 out of 6,,South,"4 Covered,",2,,Freehold,Resale
"5 BHK Flat  for Sale in  Baguiati, Kolkata",₹94.5 Lac ,"₹4,541 per sqft ",1800 sqft,Ready to Move,2,4 out of 4,"Garden/Park, Main Road",West,,2,,Freehold,Resale
"3 BHK Flat  for Sale in  Madhyamgram, Kolkata",₹70 Lac ,"₹6,648 per sqft ",850 sqft,Ready to Move,2,11 out of 12,Main Road,South - East,,1,Eternis,Freehold,Resale
"3 BHK Flat  for Sale in  Rajpur Sonarpur, Kolkata",₹1.18 Cr ,"₹7,712 per sqft ",1530 sqft,Ready to Move,3,3 out of 15,,,,,Primarc Southwinds,,Resale
"2 BHK Flat  for Sale in  International Airport, Dum Dum, Jessore Road, Kolkata",₹52 Lac ,"₹5,253 per sqft ",841 sqft,Ready to Move,2,4 out of 4,,North - East,1 Covered,1,Airport City I,Freehold,Resale
"2 BHK Flat  for Sale in  Rajpur Sonarpur, Kolkata",₹28 Lac ,"₹3,733 per sqft ",750 sqft,Ready to Move,2,1 out of 4,,South -West,,,Radhakrishna Apartment,Freehold,Resale
3 BHK Flat  for Sale in   Kolkata,₹52 Lac ,"₹4,522 per sqft ",1150 sqft,Ready to Move,2,1 out of 1,,,,,,,Resale
"3 BHK Flat  for Sale in  New Town, Kolkata",₹1.10 Cr ,"₹9,167 per sqft ",1200 sqft,Ready to Move,3,7 out of 8,,,,3,,,Resale
"3 BHK Flat  for Sale in  Barrackpore Trunk Road, Kolkata",₹60 Lac ,"₹5,639 per sqft ",1064 sqft,Ready to Move,2,3 out of 4,"Garden/Park, Pool",South,,2,Green View,Freehold,Resale
"2 BHK Flat  for Sale in  Hastings, Kolkata",₹1.10 Cr ,"₹9,813 per sqft ",977 sqft,Ready to Move,2,1 out of 6,"Garden/Park, Main Road",South,,1,Hastings Court,Co-operative Society,Resale
"3 BHK Flat  for Sale in  Bansdroni, Kolkata",₹50 Lac ,"₹4,464 per sqft ",896 sqft,Ready to Move,2,1 out of 3,Main Road,South,,1,,Power Of Attorney,Resale
"2 BHK Flat  for Sale in  Purbachal Garden, Haltu, Kolkata",₹40 Lac ,"₹5,128 per sqft ",780 sqft,,2,3 out of 5,,,,,,,Resale
"2 BHK Flat  for Sale in  Banerjee Para Paschim Putiary, Kolkata",₹27 Lac ,"₹3,750 per sqft ",720 sqft,Ready to Move,2,Ground out of 1,,,,,,Freehold,Resale
"3 BHK Flat  for Sale in  Tegharia Baguiati, Kolkata",₹67 Lac ,"₹5,194 per sqft ",1290 sqft,Ready to Move,2,4 out of 4,Garden/Park,,,1,Meena Residency,Freehold,Resale
"2 BHK Flat  for Sale in  Kalibari Uluberia, Kolkata",₹19.2 Lac ,"₹2,560 per sqft ",750 sqft,,2,,,,,,,,Resale
"2 BHK Flat  for Sale in  Jadavpur, Kolkata",₹40 Lac ,"₹5,333 per sqft ",750 sqft,Ready to Move,2,1 out of 3,Main Road,South - East,,,,Freehold,Resale
"3 BHK Flat  for Sale in  Dum Dum, Kolkata",₹1.18 Cr ,"₹14,880 per sqft ",674 sqft,Ready to Move,2,2 out of 13,"Garden/Park, Pool",South - East,,1,Merlin Urvan,Freehold,Resale
2 BHK Flat  for Sale in   Kolkata,₹45 Lac ,,1089 sqft,Ready to Move,2,2 out of 5,,,,1,,,Resale
"2 BHK Flat  for Sale in  Rajarhat, Kolkata",₹83 Lac ,"₹9,765 per sqft ",860 sqft,Ready to Move,2,4 out of 14,"Garden/Park, Main Road",North - West,,2,Siddha Galaxia Phase 2,,Resale
"2 BHK Flat  for Sale in  Maheshtala, Kolkata",₹35 Lac ,"₹4,916 per sqft ",580 sqft,Ready to Move,2,6 out of 14,"Garden/Park, Main Road",East,,1,Hiland Greens,Freehold,Resale
"3 BHK Flat  for Sale in  New Town, Kolkata",₹1.30 Cr ,"₹8,966 per sqft ",1000 sqft,Ready to Move,2,7 out of 8,,,,2,,,Resale
"2 BHK Flat  for Sale in  Narkel Bagan, Kolkata",₹26.9 Lac ,"₹2,562 per sqft ",850 sqft,,2,,,,,,,,Resale
"2 BHK Flat  for Sale in  Kalyan Nagar Rahara, Kolkata",₹24.3 Lac ,"₹2,558 per sqft ",780 sqft,,2,,,,,,,,Resale
"3 BHK Flat  for Sale in  Tollygunge, Kolkata",₹1.90 Cr ,"₹9,995 per sqft ",1420 sqft,Ready to Move,3,5 out of 9,Main Road,North,2 Covered,1,Merlin Manor,Freehold,New Property
"2 BHK Flat  for Sale in  Barrackpore Trunk Road, Kolkata",₹82 Lac ,"₹7,489 per sqft ",850 sqft,Ready to Move,2,10 out of 19,Garden/Park,South -West,,1,Dhoot Pratham,Freehold,Resale
"3 BHK Flat  for Sale in  Shrirampur, Kolkata",₹22.6 Lac ,"₹2,559 per sqft ",780 sqft,,2,,,,,,,,Resale
"2 BHK Flat  for Sale in  Sodepur Paschim Putiary, Kolkata",₹28 Lac ,"₹3,733 per sqft ",637 sqft,Ready to Move,2,1 out of 3,Main Road,South -West,,1,,Freehold,Resale
"2 BHK Flat  for Sale in  Jagannathpur, Kolkata",₹17.9 Lac ,"₹2,564 per sqft ",698 sqft,,2,,,,,,,,Resale
"2 BHK Flat  for Sale in  Rajpur, Kolkata",₹36 Lac ,"₹3,956 per sqft ",910 sqft,Ready to Move,2,3 out of 5,Main Road,,,1,,Freehold,Resale
"2 BHK Flat  for Sale in  Survey Park, Kolkata",₹57.5 Lac ,"₹6,298 per sqft ",913 sqft,Ready to Move,2,2 out of 3,,,,1,,Freehold,New Property
"2 BHK Flat  for Sale in  Howrah, Kolkata",₹29 Lac ,"₹3,498 per sqft ",829 sqft,Ready to Move,2,6 out of 7,,,,,Riya Manbhari Greens,,Resale
"4 BHK Flat  for Sale in  Shyambazar Hati Bagan, Kolkata",₹1.34 Cr ,"₹8,764 per sqft ",1350 sqft,Ready to Move,2,4 out of 5,"Garden/Park, Main Road",South - East,,,,Freehold,Resale
"3 BHK Flat  for Sale in  Mominpore, Kolkata",₹2.50 Cr ,"₹13,889 per sqft ",1800 sqft,Ready to Move,3,3 out of 9,,,,,Signum Cloud 9,,Resale
"3 BHK Flat  for Sale in  Nandi Bagan Salkia, Kolkata",₹22 Lac ,"₹3,333 per sqft ",640 sqft,Ready to Move,1,2 out of 4,,,,,,Freehold,Resale
"4 BHK Flat  for Sale in  Dakshin Jagaddal, Kolkata",₹1.10 Cr ,"₹6,753 per sqft ",1018 sqft,Ready to Move,3,5 out of 12,"Garden/Park, Pool, Main Road",South - East,2 Open,2,Prudent Pragati,Freehold,Resale
"2 BHK Flat  for Sale in  Jorabagan, Kolkata",₹32 Lac ,"₹4,211 per sqft ",760 sqft,Ready to Move,1,2 out of 4,,,,,,,Resale
"2 BHK Flat  for Sale in  Titagarh, Barrackpore, Kolkata",₹35 Lac ,"₹4,342 per sqft ",614 sqft,Ready to Move,2,2 out of 5,Main Road,East,,1,,Freehold,Resale
"3 BHK Flat  for Sale in  Eastern Metropolitan Bypass, Kolkata",₹2.65 Cr ,"₹12,619 per sqft ",2100 sqft,Ready to Move,3,8 out of 10,,,,,Udita Apartments,,Resale
"3 BHK Flat  for Sale in  Jodhpur Park, Kolkata",₹85 Lac ,"₹6,538 per sqft ",1000 sqft,Ready to Move,2,1 out of 3,Garden/Park,South - East,,1,Kajal Apartment,Freehold,Resale
"3 BHK Flat  for Sale in  New Town, Kolkata",₹1.20 Cr ,"₹7,186 per sqft ",1670 sqft,Ready to Move,2,3 out of 5,,,,1,Space Clubtown Gateway,,Resale
"2 BHK Flat  for Sale in  Ghola, Sodepur, Kolkata",₹19 Lac ,"₹2,487 per sqft ",764 sqft,Ready to Move,1,Ground out of 4,Main Road,West,,1,,Co-operative Society,Resale
"3 BHK Flat  for Sale in  Topsia, Kolkata",₹1.65 Cr ,"₹9,851 per sqft ",1675 sqft,Ready to Move,3,7 out of 10,,,,,Arihant Viento,,Resale
"2 BHK Flat  for Sale in  Rajarhat, Kolkata",₹34 Lac ,"₹4,014 per sqft ",847 sqft,Ready to Move,2,1 out of 4,Garden/Park,South,,1,DCJ Homes,Freehold,New Property
"3 BHK Flat  for Sale in  Barrackpore Trunk Road, Kolkata",₹1.40 Cr ,"₹8,573 per sqft ",1633 sqft,Ready to Move,3,6 out of 22,,,,1,Dhoot Pratham,,Resale
"3 BHK Flat  for Sale in  Kaikhali Boinchberia, Kolkata",₹60 Lac ,"₹4,422 per sqft ",1357 sqft,Ready to Move,2,2 out of 4,Garden/Park,,,,Panchvati Complex,Freehold,Resale
"3 BHK Flat  for Sale in  Charu Chandra Avenue, Kolkata",₹85 Lac ,,720 sqft,Ready to Move,2,1 out of 3,Main Road,South - East,,,,Freehold,Resale
2 BHK Flat  for Sale in   Kolkata,₹21 Lac ,"₹3,360 per sqft ",540 sqft,Ready to Move,2,3 out of 3,Main Road,,1 Covered,1,,Freehold,Resale
"2 BHK Flat  for Sale in  New Town, Kolkata",₹57 Lac ,"₹7,197 per sqft ",792 sqft,,2,1 out of 4,"Garden/Park, Main Road",South,,3,Realtech Curiocity Classic,Freehold,Resale
"3 BHK Flat  for Sale in  Rajarhat, Kolkata",₹47 Lac ,"₹4,336 per sqft ",880 sqft,Ready to Move,2,4 out of 5,Garden/Park,North,,2,Rupasi Abasan,Freehold,Resale
"3 BHK Flat  for Sale in  Nabapally Barasat, Kolkata",₹38.5 Lac ,"₹3,360 per sqft ",1146 sqft,Ready to Move,2,1 out of 5,,South - East,,1,,Freehold,Resale
"2 BHK Flat  for Sale in  Nayabad, Kolkata",₹55 Lac ,"₹6,659 per sqft ",619 sqft,Ready to Move,2,4 out of 4,Main Road,East,1 Covered,1,,Freehold,Resale
"3 BHK Flat  for Sale in  New Town, Kolkata",₹95 Lac ,"₹7,202 per sqft ",1055 sqft,Ready to Move,2,5 out of 14,"Garden/Park, Pool, Main Road",South - East,,1,,Co-operative Society,Resale
"2 BHK Flat  for Sale in  Action Area 1, Kolkata",₹1.15 Cr ,"₹10,000 per sqft ",920 sqft,Ready to Move,2,7 out of 9,Main Road,South - East,,2,,Co-operative Society,Resale
"2 BHK Flat  for Sale in  Silpara, Purba Barisha, Kolkata",₹24.5 Lac ,"₹3,311 per sqft ",740 sqft,Ready to Move,2,2 out of 3,Main Road,South,1 Open,1,Natore Colony,Freehold,Resale
"4 BHK Flat  for Sale in  New Alipore, Kolkata",₹2.80 Cr ,"₹12,174 per sqft ",1670 sqft,Ready to Move,3,1 out of 10,"Garden/Park, Pool, Main Road",West,,3,Ganges Castle,Freehold,Resale
"4 BHK Flat  for Sale in  Eastern Metropolitan Bypass, Kolkata",₹3.30 Cr ,"₹15,508 per sqft ",1356 sqft,Ready to Move,3,8 out of 105,"Garden/Park, Pool, Main Road",South -West,,1,Mani Megh Mani,Freehold,Resale
"2 BHK Flat  for Sale in  Bansdroni Mauza, Krishnanagar, Kolkata",₹32.5 Lac ,"₹4,276 per sqft ",750 sqft,Ready to Move,1,Ground out of 4,,,,1,,,Resale
"3 BHK Flat  for Sale in  Block N New Alipore, Kolkata",₹2.10 Cr ,"₹10,500 per sqft ",1700 sqft,Ready to Move,2,2 out of 5,Main Road,South - East,1 Covered,1,,Freehold,Resale
"1 BHK Flat  for Sale in  Behala, Kolkata",₹33 Lac ,"₹6,322 per sqft ",455 sqft,Ready to Move,1,4 out of 4,,South,,1,Fort Residency,Freehold,Resale
"2 BHK Flat  for Sale in  Bramhapur, Kolkata",₹31 Lac ,"₹4,133 per sqft ",750 sqft,Ready to Move,1,Ground out of 3,,,,1,,,Resale
"3 BHK Flat  for Sale in  New Town, Kolkata",₹83 Lac ,"₹5,929 per sqft ",1120 sqft,Ready to Move,2,4 out of 5,Main Road,South - East,1 Covered,1,,Co-operative Society,Resale
"3 BHK Flat  for Sale in  Diamond City West, Kolkata",₹1.45 Cr ,"₹7,413 per sqft ",1565 sqft,Ready to Move,3,13 out of 13,"Garden/Park, Pool, Main Road",South - East,,1,,Freehold,Resale
"2 BHK Flat  for Sale in  Haltu, Kolkata",₹27.5 Lac ,"₹3,618 per sqft ",760 sqft,Ready to Move,2,2 out of 2,"Pool, Main Road",South - East,1 Open,1,,Freehold,Resale
"2 BHK Flat  for Sale in  Kalindi Housing Estate, Kolkata",₹32.5 Lac ,"₹4,514 per sqft ",720 sqft,Ready to Move,2,3 out of 4,,East,,,Kalindi Housing,Freehold,Resale
"3 BHK Flat  for Sale in  Barrackpore Trunk Road, Kolkata",₹1.95 Cr ,"₹11,484 per sqft ",1698 sqft,Ready to Move,3,18 out of 20,"Garden/Park, Pool, Main Road",,,1,Avishi Trident,,New Property
"3 BHK Flat  for Sale in  Kaikhali, Kolkata",₹37 Lac ,"₹3,645 per sqft ",1015 sqft,Ready to Move,2,4 out of 5,,,,,,,Resale
"3 BHK Flat  for Sale in  Howrah, Kolkata",₹85 Lac ,"₹6,641 per sqft ",1280 sqft,Ready to Move,3,7 out of 8,,,,,Swastika Pearl,,Resale
"2 BHK Flat  for Sale in  Ganguly Bagan, Beliaghata, Kolkata",₹2.50 Cr ,"₹40,453 per sqft ",518 sqft,Ready to Move,2,Ground out of 3,,,,1,,,Resale
"2 BHK Flat  for Sale in  Bardhanpalli, Joka, Kolkata",₹23.9 Lac ,"₹3,299 per sqft ",445 sqft,Ready to Move,2,2 out of 3,,,1 Covered,1,,Power Of Attorney,Resale
"3 BHK Flat  for Sale in  Tollygunge, Kolkata",₹72 Lac ,"₹6,857 per sqft ",1050 sqft,Ready to Move,2,8 out of 13,,,,,,,Resale
"2 BHK Flat  for Sale in  Belghoria, Kolkata",₹25.8 Lac ,"₹3,225 per sqft ",580 sqft,Ready to Move,2,4 out of 5,Main Road,East,,1,Belgharia,Freehold,Resale
"4 BHK Flat  for Sale in  Kasba, Kolkata",₹1 Cr ,"₹7,143 per sqft ",1190 sqft,Ready to Move,3,2 out of 3,Main Road,South - East,"1 Covered,",,,Freehold,Resale
"2 BHK Flat  for Sale in  Picnic Garden Road, Kolkata",₹21 Lac ,"₹3,500 per sqft ",550 sqft,Ready to Move,2,1 out of 3,,South - East,,,,Freehold,Resale
"2 BHK Flat  for Sale in  Ramlal Bazar, Haltu, Kolkata",₹27 Lac ,"₹3,857 per sqft ",700 sqft,Ready to Move,2,3 out of 3,,South -West,,1,,,Resale
"3 BHK Flat  for Sale in  Nayabad, Kolkata",₹66.5 Lac ,"₹5,437 per sqft ",863 sqft,Ready to Move,3,2 out of 3,Garden/Park,East,,1,Eden Saffron,Freehold,Resale
"5 BHK Flat  for Sale in  Chinar Park, Rajarhat, Kolkata",₹2.29 Cr ,"₹11,744 per sqft ",1658 sqft,Ready to Move,4,5 out of 5,Main Road,South,2 Covered,,,Freehold,Resale
"2 BHK Flat  for Sale in  Usha Park, Bansdroni, Kolkata",₹35 Lac ,"₹4,587 per sqft ",610 sqft,Ready to Move,2,2 out of 3,Main Road,North - West,1 Covered,1,,Freehold,Resale
"3 BHK Flat  for Sale in  Bijoygarh, Kolkata",₹70 Lac ,"₹5,833 per sqft ",950 sqft,Ready to Move,2,3 out of 3,"Garden/Park, Main Road",North,,1,,Freehold,Resale
"2 BHK Flat  for Sale in  Narendrapur Rajpur Sonarpur, Kolkata",₹34 Lac ,"₹4,000 per sqft ",675 sqft,Ready to Move,2,1 out of 4,"Garden/Park, Main Road",East,,1,Vijaylakshmi  Pleasant Palace,Freehold,Resale
"2 BHK Flat  for Sale in  Rajarhat, Kolkata",₹62 Lac ,"₹6,250 per sqft ",800 sqft,Ready to Move,2,11 out of 12,"Garden/Park, Pool, Main Road",South - East,,1,Magnolia Oxygen,Freehold,Resale
"4 BHK Flat  for Sale in  VIP Service Road, Kolkata",₹1.10 Cr ,"₹4,614 per sqft ",2100 sqft,Ready to Move,3,1 out of 5,"Garden/Park, Pool",North - West,,1,,Freehold,New Property
"3 BHK Flat  for Sale in  Rajarhat, Kolkata",₹1.75 Cr ,"₹12,195 per sqft ",1435 sqft,Ready to Move,2,2 out of 13,,,1 Open,1,Sankalpa 2,Freehold,Resale
"3 BHK Flat  for Sale in  Budge Budge, Kolkata",₹39 Lac ,"₹3,686 per sqft ",1058 sqft,Ready to Move,2,1 out of 5,Main Road,North,,2,,Freehold,New Property
"2 BHK Flat  for Sale in  New Town, Kolkata",₹45 Lac ,"₹4,688 per sqft ",693 sqft,Ready to Move,2,4 out of 5,Garden/Park,South -West,,1,Moon Beam Apartment,Freehold,Resale
"4 BHK Flat  for Sale in  Dum Dum Park, Kolkata",₹83 Lac ,"₹4,882 per sqft ",1700 sqft,Ready to Move,3,1 out of 1,,,,,,,Resale
"3 BHK Flat  for Sale in  North Dumdum, Kolkata",₹55 Lac ,,1017 sqft,Ready to Move,2,2 out of 4,,South -West,,1,Shanti Apartment,,Resale
"3 BHK Flat  for Sale in  Phool Bagan Kankurgachi, Kolkata",₹1.03 Cr ,,1050 sqft,Ready to Move,2,4 out of 5,,North,,1,,Freehold,Resale
"2 BHK Flat  for Sale in  Paschim Nischintapur, Kolkata",₹28 Lac ,"₹3,522 per sqft ",765 sqft,Ready to Move,2,2 out of 3,"Garden/Park, Main Road",,,1,,Power Of Attorney,Resale
"3 BHK Flat  for Sale in  Maheshtala, Kolkata",₹44 Lac ,"₹3,291 per sqft ",1337 sqft,Ready to Move,2,11 out of 15,"Garden/Park, Pool, Main Road",,,1,Eden City Maheshtala,Power Of Attorney,Resale
"3 BHK Flat  for Sale in  Behala, Kolkata",₹85 Lac ,"₹6,058 per sqft ",1403 sqft,Ready to Move,2,2 out of 8,Main Road,East,,1,Balaji Marigold,Freehold,Resale
"2 BHK Flat  for Sale in  Neogipara, Kolkata",₹45 Lac ,"₹3,886 per sqft ",926 sqft,Ready to Move,3,4 out of 4,Pool,East,,1,Sapnil Residency,Freehold,New Property
"3 BHK Flat  for Sale in  Topsia, Kolkata",₹3.10 Cr ,"₹13,753 per sqft ",1504 sqft,Ready to Move,3,5 out of 21,"Garden/Park, Main Road",South - East,,3,PS  ZEN,Freehold,Resale
"5 BHK Flat  for Sale in  Maheshtala, Kolkata",₹1.09 Cr ,"₹3,436 per sqft ",3172 sqft,Ready to Move,5,20 out of 26,"Garden/Park, Main Road",East,,2,Hiland Riverfront,Freehold,Resale
"3 BHK Flat  for Sale in  Serampore, Kolkata",₹34 Lac ,"₹3,340 per sqft ",1018 sqft,Ready to Move,2,2 out of 5,,,,,,,Resale
"1 BHK Flat  for Sale in  Dum Dum, Kolkata",₹15 Lac ,"₹3,297 per sqft ",455 sqft,Ready to Move,1,3 out of 8,,North,,1,Venketesh Heights,Freehold,Resale
"2 BHK Flat  for Sale in  Khardaha, Kolkata",₹43 Lac ,"₹4,897 per sqft ",672 sqft,Ready to Move,2,11 out of 14,,East,,2,Siddha Waterfront,Freehold,Resale
"2 BHK Flat  for Sale in  Barasat, Kolkata",₹31.6 Lac ,"₹3,607 per sqft ",876 sqft,Ready to Move,2,4 out of 5,"Garden/Park, Pool, Main Road",,,1,Magnolia City,,Resale
"3 BHK Flat  for Sale in  Garia, Kolkata",₹1.60 Cr ,"₹10,159 per sqft ",1575 sqft,Ready to Move,3,8 out of 16,,South - East,,1,Modello Highs,Freehold,New Property
2 BHK Flat  for Sale in   Kolkata,₹55 Lac ,"₹6,486 per sqft ",591 sqft,Ready to Move,2,1 out of 5,Main Road,East,,1,,Freehold,Resale
"2 BHK Flat  for Sale in  Manton, Kolkata",₹55 Lac ,"₹6,286 per sqft ",875 sqft,Ready to Move,2,1 out of 3,Main Road,North - East,,1,,Freehold,Resale
"2 BHK Flat  for Sale in  Bandhaghat, Kolkata",₹32 Lac ,,769 sqft,Ready to Move,2,4 out of 4,,,,,,,Resale
"2 BHK Flat  for Sale in  Prince Anwar Shah Road, Kolkata",₹1.35 Cr ,"₹11,739 per sqft ",990 sqft,Ready to Move,2,11 out of 15,Main Road,North,1 Open,1,City High,Freehold,Resale
"3 BHK Flat  for Sale in  Madurdaha, Hussainpur, Kolkata",₹1.20 Cr ,"₹8,054 per sqft ",1200 sqft,Ready to Move,2,2 out of 3,,,,1,Mayfair Tulip,Freehold,Resale
"2 BHK Flat  for Sale in  Barasat, Kolkata",₹35 Lac ,"₹3,375 per sqft ",1037 sqft,Ready to Move,2,1 out of 4,,,,2,Fortune Township,,Resale
"5 BHK Flat  for Sale in  Eastern Metropolitan Bypass, Kolkata",₹6 Cr ,"₹11,806 per sqft ",3557 sqft,Ready to Move,7,19 out of 19,"Garden/Park, Pool, Main Road",South,,4,Upohar The Condoville,Freehold,Resale
"3 BHK Flat  for Sale in  East Topsia, Topsia, Kolkata",₹1.25 Cr ,"₹8,065 per sqft ",1550 sqft,Ready to Move,2,11 out of 38,Garden/Park,,1 Covered,2,Ruchi Active Acres Angelica,Power Of Attorney,Resale
"3 BHK Flat  for Sale in  Harish Mukherjee Road, Kolkata",₹1.80 Cr ,"₹11,250 per sqft ",1100 sqft,Ready to Move,3,2 out of 4,"Garden/Park, Main Road",East,,1,,Freehold,New Property
"2 BHK Flat  for Sale in  Tangra, Kolkata",₹28.5 Lac ,,550 sqft,Ready to Move,2,3 out of 3,Main Road,West,,,,Freehold,Resale
"2 BHK Flat  for Sale in  Rajarhat, Kolkata",₹1.20 Cr ,"₹10,283 per sqft ",723 sqft,,2,5 out of 9,"Garden/Park, Pool, Main Road",,,1,Ambey Gateway,Freehold,Resale
"1 BHK Flat  for Sale in  Ghoshpara Patipukur, Kolkata",₹27 Lac ,"₹4,390 per sqft ",600 sqft,Ready to Move,1,5 out of 5,Garden/Park,South - East,,1,RMB Abhilasha,Freehold,Resale
"3 BHK Flat  for Sale in  Rajarhat, Kolkata",₹50 Lac ,"₹3,846 per sqft ",1300 sqft,Ready to Move,2,3 out of 5,Garden/Park,North,,3,Vedic Smart Homes,Freehold,New Property
"2 BHK Flat  for Sale in  New Alipore, Kolkata",₹50 Lac ,"₹5,714 per sqft ",875 sqft,Ready to Move,1,4 out of 5,Main Road,East,,1,,Freehold,Resale
"3 BHK Flat  for Sale in  Joka, Kolkata",₹68 Lac ,"₹6,028 per sqft ",903 sqft,Ready to Move,2,10 out of 15,Main Road,South - East,,3,PS The 102,Freehold,Resale
"1 BHK Flat  for Sale in  Santoshpur, Kolkata",₹25 Lac ,"₹7,246 per sqft ",310 sqft,Ready to Move,2,1 out of 4,Main Road,South,1 Open,1,Utsav Utsarg Housing,Co-operative Society,Resale
"3 BHK Flat  for Sale in  Chinar Park, Rajarhat, Kolkata",₹1.22 Cr ,"₹12,815 per sqft ",952 sqft,Ready to Move,2,1 out of 10,"Garden/Park, Pool, Main Road",East,,1,Display Vinimay Urban Greens,Freehold,Resale
"2 BHK Flat  for Sale in  Sodepur, Kolkata",₹55 Lac ,"₹5,319 per sqft ",820 sqft,Ready to Move,2,8 out of 14,"Garden/Park, Pool",East,,1,Godrej Prakriti,Co-operative Society,Resale
"5 BHK Flat  for Sale in  Lake Gardens, Kolkata",₹2.75 Cr ,"₹9,821 per sqft ",2800 sqft,Ready to Move,4,4 out of 4,Garden/Park,,,,,Freehold,Resale
"3 BHK Flat  for Sale in  Howrah, Kolkata",₹75 Lac ,"₹6,250 per sqft ",1000 sqft,Ready to Move,2,4 out of 19,,,,1,Shapoorji Pallonji Joyville Howrah,,Resale
"3 BHK Flat  for Sale in  Camac Street, Kolkata",₹4.75 Cr ,"₹16,379 per sqft ",1700 sqft,Ready to Move,3,7 out of 10,"Garden/Park, Main Road",,2 Covered,2,,Freehold,Resale
"3 BHK Flat  for Sale in  Sector 5 Salt Lake City, Kolkata",₹1.50 Cr ,"₹10,101 per sqft ",1020 sqft,Ready to Move,2,7 out of 20,,,,1,Ideal Aquaview,,Resale
"2 BHK Flat  for Sale in  Baranagar, Kolkata",₹32 Lac ,"₹4,678 per sqft ",500 sqft,Ready to Move,2,2 out of 3,,,,1,,,Resale
"3 BHK Flat  for Sale in  Khardaha, Kolkata",₹47.5 Lac ,"₹4,241 per sqft ",896 sqft,Ready to Move,2,3 out of 4,Main Road,South - East,,1,,Freehold,Resale
"2 BHK Flat  for Sale in  Konnagar, Kolkata",₹38 Lac ,"₹4,606 per sqft ",825 sqft,Ready to Move,2,2 out of 4,,,,,KIC Millenium Plaza,,Resale
"3 BHK Flat  for Sale in  Rajarhat, Kolkata",₹1.35 Cr ,"₹9,643 per sqft ",1400 sqft,,3,1 out of 24,Garden/Park,South - East,1 Covered,1,Rishi Pranaya,Freehold,Resale
"3 BHK Flat  for Sale in  Action Area 1A, Kolkata",₹87 Lac ,"₹7,817 per sqft ",891 sqft,Ready to Move,2,3 out of 4,Main Road,North - West,1 Open,1,NCB Dreamville,Freehold,Resale
"3 BHK Flat  for Sale in  Rajarhat, Kolkata",₹1.75 Cr ,"₹8,282 per sqft ",2113 sqft,Ready to Move,4,9 out of 28,Main Road,South -West,1 Covered,2,DLF New Town Heights,Freehold,Resale
"2 BHK Flat  for Sale in  Survey Park, Kolkata",₹80 Lac ,"₹8,743 per sqft ",915 sqft,Ready to Move,2,2 out of 4,Main Road,,1 Covered,1,,Freehold,Resale
"2 BHK Flat  for Sale in  Rajarhat, Kolkata",₹30 Lac ,"₹4,878 per sqft ",615 sqft,Ready to Move,1,4 out of 4,Pool,,,1,16 Aana,,Resale
"2 BHK Flat  for Sale in  Bangur Avenue, Lake Town, Kolkata",₹40 Lac ,"₹5,333 per sqft ",625 sqft,Ready to Move,2,1 out of 3,,South -West,,2,Bangur Avenue,Freehold,Resale
"2 BHK Flat  for Sale in  New Garia, Garia, Kolkata",₹42 Lac ,"₹4,941 per sqft ",850 sqft,Ready to Move,2,1 out of 4,Garden/Park,East,1 Covered,1,,Freehold,Resale
"3 BHK Flat  for Sale in  Paschim Putiary, Kolkata",₹50 Lac ,"₹5,000 per sqft ",1000 sqft,Ready to Move,2,Ground out of 3,,,,,,,Resale
"2 BHK Flat  for Sale in  Baghajatin Colony, Kolkata",₹40 Lac ,"₹4,000 per sqft ",1000 sqft,Ready to Move,2,2 out of 3,,,,,,,Resale
"2 BHK Flat  for Sale in  Mahishabathan Road, Kolkata",₹1.35 Cr ,"₹13,261 per sqft ",815 sqft,Ready to Move,2,16 out of 18,Main Road,South - East,,1,Merlin 5th Avenue,Freehold,Resale
"2 BHK Flat  for Sale in  Joka, Kolkata",₹65 Lac ,"₹7,945 per sqft ",48 sqm,Ready to Move,2,6 out of 12,,South - East,1 Open,1,Godrej Seven,Leasehold,Resale
"3 BHK Flat  for Sale in  New Town, Kolkata",₹90 Lac ,"₹7,826 per sqft ",920 sqft,Ready to Move,2,2 out of 4,Main Road,South - East,1 Covered,1,,Co-operative Society,Resale
3 BHK Flat  for Sale in   Kolkata,₹41 Lac ,,1065 sqft,Ready to Move,2,1 out of 4,Main Road,South,,1,,,Resale
"2 BHK Flat  for Sale in  Prafulla Kanan, Kolkata",₹60 Lac ,"₹5,831 per sqft ",800 sqft,Ready to Move,2,1 out of 4,Garden/Park,East,,1,,Freehold,Resale
"2 BHK Flat  for Sale in  Durga Nagar, Kolkata",₹17 Lac ,"₹3,238 per sqft ",425 sqft,Ready to Move,1,2 out of 4,Main Road,East,,,,Freehold,Resale
"2 BHK Flat  for Sale in  Rajarhat, Kolkata",₹75 Lac ,"₹9,363 per sqft ",801 sqft,Ready to Move,2,11 out of 12,"Pool, Garden/Park, Main Road",North - East,,4,Realtech HIJIBIJI,Power Of Attorney,Resale
"2 BHK Flat  for Sale in  Narayantala, Kolkata",₹49 Lac ,"₹4,455 per sqft ",850 sqft,Ready to Move,2,2 out of 4,Main Road,North,,1,,Freehold,Resale
"2 BHK Flat  for Sale in  New Barrakpur, Kolkata",₹26 Lac ,"₹3,611 per sqft ",605 sqft,Ready to Move,1,Ground out of 4,Main Road,North - East,,,,Freehold,Resale
"5 BHK Flat  for Sale in  Rawdon Street, Kolkata",₹7 Cr ,"₹23,333 per sqft ",2550 sqft,Ready to Move,5,Ground out of 4,Garden/Park,South - East,"1 Covered,",,Rawdon Heights,Freehold,Resale
"2 BHK Flat  for Sale in  Madhyamgram, Kolkata",₹60 Lac ,"₹6,303 per sqft ",809 sqft,Ready to Move,2,1 out of 4,"Garden/Park, Main Road",South - East,1 Open,1,,Freehold,Resale
"3 BHK Flat  for Sale in  Noapara Sukanta Pally, Kolkata",₹1.30 Cr ,"₹6,027 per sqft ",2157 sqft,Ready to Move,3,4 out of 4,Garden/Park,South,,2,Realtech Titli,Freehold,Resale
"3 BHK Flat  for Sale in  Joka, Kolkata",₹78 Lac ,"₹6,420 per sqft ",1215 sqft,Ready to Move,2,6 out of 11,Garden/Park,South - East,,1,Godrej Seven,Power Of Attorney,Resale
"3 BHK Flat  for Sale in  Action Area 1B, Kolkata",₹90 Lac ,"₹7,200 per sqft ",850 sqft,Ready to Move,2,1 out of 5,"Garden/Park, Main Road",South - East,"1 Covered,",1,,Freehold,Resale
"2 BHK Flat  for Sale in  Baguiati, Kolkata",₹36 Lac ,"₹3,692 per sqft ",780 sqft,Ready to Move,1,1 out of 4,"Garden/Park, Main Road",South - East,,1,Monalisa Apartment,Freehold,Resale
"4 BHK Flat  for Sale in  Maniktala Main Road, Kolkata",₹1.95 Cr ,"₹11,143 per sqft ",1750 sqft,,3,2 out of 3,Main Road,South,1 Covered,2,,Freehold,Resale
" Studio Apartment  for Sale in  Rabindrapally Kestopur, Kolkata",₹8 Lac ,"₹4,000 per sqft ",200 sqft,Ready to Move,1,Ground out of 3,,,,,,,Resale
"3 BHK Flat  for Sale in  Mahatma Gandhi Road, Kolkata",₹90 Lac ,"₹6,813 per sqft ",1321 sqft,Ready to Move,3,1 out of 4,,South -West,,1,Eden Tolly Signature Phase 1,Freehold,Resale
"2 BHK Flat  for Sale in  Rabindranagar, Kolkata",₹36 Lac ,"₹4,143 per sqft ",869 sqft,Ready to Move,1,3 out of 3,,,,1,,Freehold,Resale
"3 BHK Flat  for Sale in  Konnagar, Kolkata",₹70 Lac ,"₹3,621 per sqft ",1933 sqft,Ready to Move,2,1 out of 4,Main Road,North,1 Covered,2,,Freehold,Resale
"2 BHK Flat  for Sale in  Ward Number 113, Kolkata",₹40 Lac ,"₹4,211 per sqft ",950 sqft,Ready to Move,1,Ground out of 3,,East,,,,Co-operative Society,Resale
"3 BHK Flat  for Sale in  Bhadrakali, Kolkata",₹85 Lac ,"₹6,080 per sqft ",1090 sqft,Ready to Move,2,11 out of 11,"Garden/Park, Pool",South - East,165 Open,1,Unimark Riviera,Freehold,Resale
"2 BHK Flat  for Sale in  Usha Park, Bansdroni, Kolkata",₹32 Lac ,"₹3,951 per sqft ",605 sqft,Ready to Move,2,3 out of 3,,North,,1,Prajakta,,Resale
"4 BHK Flat  for Sale in  Dhakuria, Kolkata",₹1 Cr ,"₹6,667 per sqft ",1500 sqft,Ready to Move,2,3 out of 4,,,,,,,Resale
2 BHK Flat  for Sale in   Kolkata,₹52 Lac ,"₹5,417 per sqft ",960 sqft,Ready to Move,2,1 out of 4,"Garden/Park, Main Road",South - East,,1,,Freehold,Resale
"2 BHK Flat  for Sale in  Nagerbazar, Kolkata",₹32 Lac ,"₹4,000 per sqft ",800 sqft,Ready to Move,2,1 out of 4,,North - West,,1,Satyam Shivam Sundaram Housing Complex,Freehold,Resale
"4 BHK Flat  for Sale in  Howrah, Kolkata",₹1.15 Cr ,"₹9,583 per sqft ",1200 sqft,Ready to Move,3,7 out of 10,,South,,1,Panchsheel Apartment,Leasehold,Resale
"2 BHK Flat  for Sale in  Rajarhat, Kolkata",₹42 Lac ,"₹4,789 per sqft ",702 sqft,Ready to Move,2,4 out of 5,Main Road,South - East,,1,Realtech Nirman Basanta,Freehold,Resale
3 BHK Flat  for Sale in   Kolkata,₹1.55 Cr ,"₹13,839 per sqft ",1120 sqft,Ready to Move,3,4 out of 4,,,,,,,Resale
"3 BHK Flat  for Sale in  Kasba, Kolkata",₹1.10 Cr ,"₹7,333 per sqft ",1375 sqft,Ready to Move,2,3 out of 4,Main Road,,,,,Freehold,Resale
"2 BHK Flat  for Sale in  Sakher Bazar, Purba Barisha, Kolkata",₹25 Lac ,"₹3,497 per sqft ",500 sqft,Ready to Move,2,1 out of 4,Main Road,,,1,,Freehold,Resale
"3 BHK Flat  for Sale in  Behala, Kolkata",₹65 Lac ,"₹5,390 per sqft ",928 sqft,Ready to Move,2,2 out of 4,Main Road,South - East,,2,Merlin Vasundhara,Freehold,Resale
"3 BHK Flat  for Sale in  Nayabad, Kolkata",₹55 Lac ,"₹4,400 per sqft ",1000 sqft,Ready to Move,2,2 out of 4,Main Road,North,,1,Nayabad Lakeview Apartment,Freehold,Resale
"4 BHK Flat  for Sale in  Basanta Lal Saha Road, Kolkata",₹3 Cr ,"₹13,630 per sqft ",1774 sqft,Ready to Move,4,10 out of 19,Garden/Park,South - East,,2,Sugam Morya,Freehold,New Property
"3 BHK Flat  for Sale in  Dum Dum Cantonment, Kolkata",₹33 Lac ,"₹4,024 per sqft ",650 sqft,Ready to Move,2,4 out of 5,"Garden/Park, Main Road",South,,1,,Freehold,New Property
"2 BHK Flat  for Sale in  New Garia, Garia, Kolkata",₹36 Lac ,"₹4,072 per sqft ",707 sqft,Ready to Move,2,3 out of 5,"Garden/Park, Main Road",South,,1,Puspanjali,Co-operative Society,Resale
"3 BHK Flat  for Sale in  Dover Lane, Kolkata",₹1.40 Cr ,"₹10,972 per sqft ",1140 sqft,Ready to Move,2,4 out of 4,Main Road,South - East,1 Covered,2,,Freehold,Resale
"2 BHK Flat  for Sale in  Grand Trunk Road, Kolkata",₹50 Lac ,"₹3,030 per sqft ",1450 sqft,Ready to Move,2,3 out of 5,Main Road,South - East,,1,Hooghly Residency,Freehold,Resale
"3 BHK Flat  for Sale in  Sanjib Pally, Kolkata",₹71.5 Lac ,"₹5,500 per sqft ",900 sqft,Ready to Move,2,3 out of 5,Garden/Park,South - East,1 Covered,2,Mangalam Park,Freehold,New Property
"2 BHK Flat  for Sale in  Diamond Harbour Road, Kolkata",₹40 Lac ,"₹4,878 per sqft ",656 sqft,Ready to Move,2,2 out of 14,Main Road,East,,2,Jalan NVR Pride,Freehold,Resale
"2 BHK Flat  for Sale in  Chinar Park, Rajarhat, Kolkata",₹42 Lac ,"₹4,651 per sqft ",620 sqft,Ready to Move,2,2 out of 4,,,,1,,,Resale
"3 BHK Flat  for Sale in  Behala Chowrasta, Kolkata",₹71.4 Lac ,"₹5,101 per sqft ",1100 sqft,Ready to Move,2,4 out of 4,"Garden/Park, Main Road",South - East,,1,Kanak Apartment,Co-operative Society,Resale
"2 BHK Flat  for Sale in  Joka, Kolkata",₹56 Lac ,"₹6,285 per sqft ",891 sqft,Ready to Move,2,12 out of 14,"Garden/Park, Main Road",South - East,,2,Godrej Seven,Freehold,Resale
"2 BHK Flat  for Sale in  Chinar Park, Rajarhat, Kolkata",₹85 Lac ,"₹12,126 per sqft ",701 sqft,Ready to Move,2,9 out of 10,"Garden/Park, Pool, Main Road",South - East,1 Covered,1,Loharuka Urban Greens Phase 2,Freehold,Resale
"2 BHK Flat  for Sale in  Baguiati, Kolkata",₹35 Lac ,"₹4,375 per sqft ",700 sqft,Ready to Move,1,2 out of 4,Main Road,South - East,,1,Jaas Parimal Apartment,,Resale
"3 BHK Flat  for Sale in  Action Area 3, Kolkata",₹50 Lac ,"₹5,556 per sqft ",900 sqft,Ready to Move,2,3 out of 14,,North - East,,1,,,Resale
"2 BHK Flat  for Sale in  Elgin, Kolkata",₹1.19 Cr ,"₹9,528 per sqft ",1000 sqft,Ready to Move,2,1 out of 10,Main Road,South - East,,1,Embassy Apartment,Freehold,Resale
"2 BHK Flat  for Sale in  Math Bagan, Kolkata",₹40 Lac ,"₹4,938 per sqft ",570 sqft,Ready to Move,2,9 out of 18,Pool,East,1 Covered,1,Godrej Prakriti Phase 4,Freehold,Resale
"4 BHK Flat  for Sale in  New Alipore, Kolkata",₹3.65 Cr ,"₹12,807 per sqft ",1913 sqft,Ready to Move,4,2 out of 11,"Garden/Park, Pool",North,2 Covered,3,PS Navyom,Freehold,Resale
"2 BHK Flat  for Sale in  Paddapukur, Bhawanipur, Kolkata",₹1.20 Cr ,"₹10,909 per sqft ",880 sqft,Ready to Move,2,4 out of 4,Main Road,South - East,,1,KIC Raj Laxmi,Freehold,Resale
"3 BHK Flat  for Sale in  Rajarhat, Kolkata",₹45 Lac ,"₹4,839 per sqft ",744 sqft,Ready to Move,2,4 out of 4,"Garden/Park, Main Road",South - East,,1,Ambey Niketan,Freehold,Resale
"2 BHK Flat  for Sale in  Kasba, Kolkata",₹60 Lac ,"₹5,469 per sqft ",932 sqft,Ready to Move,2,2 out of 2,,South - East,"1 Covered,",1,,Freehold,Resale
"2 BHK Flat  for Sale in  Joka, Kolkata",₹55 Lac ,"₹4,614 per sqft ",800 sqft,Ready to Move,2,2 out of 4,Main Road,South,1 Covered,2,Riddhi Siddhi Garden,Freehold,Resale
"3 BHK Flat  for Sale in  Action Area 1, Kolkata",₹1.35 Cr ,"₹8,637 per sqft ",1006 sqft,Ready to Move,3,5 out of 12,,South - East,,2,Shrachi Greenwood Nest,Freehold,Resale
"3 BHK Flat  for Sale in  Ramgarh Garia, Kolkata",₹40 Lac ,"₹3,810 per sqft ",1050 sqft,Ready to Move,2,3 out of 4,,,,,,,Resale
"3 BHK Flat  for Sale in  South Dumdum, Kolkata",₹65 Lac ,"₹4,571 per sqft ",1200 sqft,Ready to Move,2,4 out of 5,"Garden/Park, Main Road",South - East,,1,,Freehold,Resale
"2 BHK Flat  for Sale in  Kanchrapara, Kolkata",₹22 Lac ,"₹2,895 per sqft ",760 sqft,Ready to Move,2,3 out of 4,,South,,1,,Freehold,Resale
"2 BHK Flat  for Sale in  Unique Park Behala, Kolkata",₹27 Lac ,"₹2,919 per sqft ",900 sqft,Ready to Move,2,1 out of 3,"Garden/Park, Main Road",South,,2,,Freehold,Resale
"3 BHK Flat  for Sale in  Baghajatin Road, Kolkata",₹59 Lac ,"₹5,301 per sqft ",891 sqft,Ready to Move,2,2 out of 3,Main Road,South -West,,1,,Freehold,Resale
"4 BHK Flat  for Sale in  Nagerbazar, Kolkata",₹70 Lac ,"₹4,667 per sqft ",1305 sqft,Ready to Move,2,5 out of 5,Main Road,South - East,,1,,Freehold,Resale
"2 BHK Flat  for Sale in  Fartabad, Garia, Kolkata",₹32 Lac ,"₹4,414 per sqft ",580 sqft,Ready to Move,2,1 out of 3,Main Road,North - West,,1,,Freehold,Resale
"3 BHK Flat  for Sale in  Rajpur Sonarpur, Kolkata",₹75 Lac ,"₹5,357 per sqft ",1392 sqft,Ready to Move,2,3 out of 4,Garden/Park,South -West,,2,RDB Regent Sonarpur Phase I,Freehold,Resale
"3 BHK Flat  for Sale in  Patuli, Kolkata",₹1.25 Cr ,"₹9,936 per sqft ",863 sqft,,2,11 out of 24,"Garden/Park, Pool, Main Road",South - East,,2,Unimark Altamount,,Resale
"3 BHK Flat  for Sale in  Ballygunge Park Road, Kolkata",₹7 Cr ,"₹21,916 per sqft ",2555 sqft,Ready to Move,3,1 out of 7,Main Road,South - East,"1 Covered,",1,,Freehold,Resale
"3 BHK Flat  for Sale in  Haridevpur, Paschim Putiary, Kolkata",₹45 Lac ,"₹2,903 per sqft ",1318 sqft,Ready to Move,2,3 out of 3,"Garden/Park, Main Road",South -West,,,Swastik Apartment,Freehold,Resale
" Apartment  for Sale in  Sonarpur, Kolkata",₹65 Lac ,"₹4,339 per sqft ",1498 sqft,,,,,,1 Covered,,Baron Enclave,Freehold,Resale
"2 BHK Flat  for Sale in  Konnagar, Kolkata",₹16 Lac ,"₹2,353 per sqft ",560 sqft,Ready to Move,1,1 out of 4,Garden/Park,South - East,"1 Covered,",1,,Co-operative Society,Resale
"2 BHK Flat  for Sale in  Rathtala, Kolkata",₹46 Lac ,"₹5,913 per sqft ",778 sqft,Ready to Move,2,3 out of 6,"Garden/Park, Main Road",South - East,,1,,Freehold,Resale
"2 BHK Flat  for Sale in  Uttarpara Chinsurah, Kolkata",₹41 Lac ,"₹4,958 per sqft ",827 sqft,Ready to Move,2,13 out of 15,Pool,South,1 Covered,,Shriram Grand City,Freehold,Resale
"3 BHK Flat  for Sale in  Kanchrapara M, Kolkata",₹42 Lac ,"₹3,944 per sqft ",850 sqft,Ready to Move,2,4 out of 4,,,,1,,,Resale
"2 BHK Flat  for Sale in  Rajendra Prasad Colony, Kolkata",₹65 Lac ,"₹7,222 per sqft ",700 sqft,Ready to Move,2,1 out of 3,Main Road,South - East,1 Open,1,,Freehold,Resale
"3 BHK Flat  for Sale in  Buroshibtalla, Behala, Kolkata",₹1.10 Cr ,"₹5,238 per sqft ",2100 sqft,Ready to Move,3,1 out of 6,,,,,,,Resale
2 BHK Flat  for Sale in   Kolkata,₹1.10 Cr ,"₹13,415 per sqft ",820 sqft,Ready to Move,2,4 out of 5,Main Road,,,1,,Co-operative Society,Resale
"2 BHK Flat  for Sale in  Arabinda Nagar Thakurpukur, Kolkata",₹22 Lac ,"₹2,444 per sqft ",760 sqft,Ready to Move,1,2 out of 3,Main Road,East,1 Covered,1,,Freehold,Resale
"3 BHK Flat  for Sale in  Paikpara, Kolkata",₹95 Lac ,"₹7,956 per sqft ",860 sqft,Ready to Move,2,4 out of 4,Main Road,North,1 Covered,1,,Freehold,Resale
"3 BHK Flat  for Sale in  Daspara Mukundapur, Kolkata",₹50 Lac ,"₹3,333 per sqft ",1200 sqft,Ready to Move,3,4 out of 4,Main Road,South - East,,2,Bypass Valley Abasan,Freehold,Resale
"3 BHK Flat  for Sale in  New Town, Kolkata",₹1.41 Cr ,"₹9,246 per sqft ",1525 sqft,Ready to Move,3,27 out of 27,"Pool, Garden/Park",North,,1,Sureka Elita Garden Vista,Freehold,Resale
"2 BHK Flat  for Sale in  Eastern Metropolitan Bypass, Kolkata",₹95 Lac ,"₹11,072 per sqft ",564 sqft,Ready to Move,2,22 out of 29,Main Road,South - East,1 Covered,1,Bengal Peerless Avidipta Phase 2,Freehold,Resale
"3 BHK Flat  for Sale in  New Town, Kolkata",₹2.10 Cr ,"₹10,000 per sqft ",1500 sqft,Ready to Move,4,1 out of 4,,,,1,Sanjeeva Orchard,,Resale
"2 BHK Flat  for Sale in  Garia, Kolkata",₹69 Lac ,"₹6,900 per sqft ",800 sqft,Ready to Move,2,4 out of 4,"Garden/Park, Main Road",South - East,1 Covered,1,,Freehold,Resale
"3 BHK Flat  for Sale in  Muchipara, Kolkata",₹1.20 Cr ,"₹7,273 per sqft ",1200 sqft,Ready to Move,3,3 out of 4,"Garden/Park, Main Road",South - East,,1,,Freehold,Resale
"2 BHK Flat  for Sale in  Uttarpara Chinsurah, Kolkata",₹48 Lac ,"₹5,804 per sqft ",827 sqft,Ready to Move,2,3 out of 14,,,,2,Shriram Grand One,,Resale
"3 BHK Flat  for Sale in  Ramchandrapur Narendrapur, Kolkata",₹45 Lac ,"₹4,151 per sqft ",1084 sqft,Ready to Move,2,4 out of 4,Main Road,East,,1,,,Resale
"2 BHK Flat  for Sale in  Narendrapur Rajpur Sonarpur, Kolkata",₹58 Lac ,"₹5,598 per sqft ",1036 sqft,Ready to Move,1,6 out of 19,,,,,Rajwada Royal Gardens,,Resale
"3 BHK Flat  for Sale in  Murari Pukur, Ultadanga, Kolkata",₹1.60 Cr ,"₹12,698 per sqft ",1008 sqft,Ready to Move,2,3 out of 12,Main Road,South - East,,,Merlin Warden Lake View,Freehold,Resale
"2 BHK Flat  for Sale in  Survey Park, Kolkata",₹52 Lac ,"₹5,991 per sqft ",680 sqft,Ready to Move,2,2 out of 3,Main Road,South - East,,1,,Freehold,Resale
"3 BHK Flat  for Sale in  Santoshpur, Kolkata",₹86 Lac ,"₹6,853 per sqft ",1255 sqft,Ready to Move,2,4 out of 4,,,1 Covered,,,,Resale
2 BHK Flat  for Sale in   Kolkata,₹22 Lac ,,750 sqft,Ready to Move,2,1 out of 3,,,,1,,,Resale
"2 BHK Flat  for Sale in  Patuli, Kolkata",₹95 Lac ,"₹10,983 per sqft ",582 sqft,Ready to Move,2,15 out of 18,Garden/Park,,,1,Unimark Lakewood Estate,Freehold,Resale
"3 BHK Flat  for Sale in  Dhali Para Paschim Putiary, Kolkata",₹56.5 Lac ,"₹5,335 per sqft ",1059 sqft,Ready to Move,2,1 out of 5,"Garden/Park, Pool",East,,2,Larica Tolly,,Resale
"4 BHK Flat  for Sale in  Action Area 2B, Kolkata",₹1.45 Cr ,"₹6,502 per sqft ",1700 sqft,Ready to Move,4,9 out of 10,Garden/Park,West,,2,Sunny Fort,Freehold,Resale
"2 BHK Flat  for Sale in  Rajarhat Main Road, Kolkata",₹64 Lac ,"₹6,497 per sqft ",788 sqft,Ready to Move,2,2 out of 8,Garden/Park,South - East,,1,Siddha Pine Woods,Freehold,Resale
"2 BHK Flat  for Sale in  Bandel Chinsurah, Kolkata",₹22 Lac ,"₹2,095 per sqft ",920 sqft,Ready to Move,,1 out of 2,,,,1,,,Resale
"2 BHK Flat  for Sale in  Dhakuria, Kolkata",₹49 Lac ,"₹3,062 per sqft ",1200 sqft,Ready to Move,2,3 out of 3,Main Road,North,,1,,Freehold,Resale
"2 BHK Flat  for Sale in  Purbachal Haltu, Kolkata",₹55 Lac ,"₹6,111 per sqft ",750 sqft,Ready to Move,2,2 out of 3,,South,,2,,Freehold,Resale
"2 BHK Flat  for Sale in  Maheshtala, Kolkata",₹32 Lac ,"₹4,494 per sqft ",464 sqft,Ready to Move,2,5 out of 17,,,,1,Hiland Greens,,Resale
"3 BHK Flat  for Sale in  Alipore, Kolkata",₹3 Cr ,"₹12,500 per sqft ",2400 sqft,Ready to Move,3,1 out of 1,,,,,,,Resale
"3 BHK Flat  for Sale in  Shibrampur, Shibrampur Mauza, Kolkata",₹55 Lac ,"₹4,955 per sqft ",1110 sqft,Ready to Move,2,1 out of 11,,East,,2,Greenfield City,,Resale
"2 BHK Flat  for Sale in  Chandannagar, Hooghly-Chinsurah, Kolkata",₹47 Lac ,"₹5,222 per sqft ",800 sqft,Ready to Move,2,3 out of 4,Main Road,South -West,,1,,Freehold,Resale
"4 BHK Flat  for Sale in  Action Area 2, Kolkata",₹2.50 Cr ,"₹8,065 per sqft ",3110 sqft,Ready to Move,4,7 out of 12,"Garden/Park, Main Road",South - East,1 Covered,3,Anahita,Freehold,Resale
"2 BHK Flat  for Sale in  Barrackpore, Kolkata",₹29.5 Lac ,"₹3,933 per sqft ",680 sqft,Ready to Move,2,3 out of 3,"Garden/Park, Main Road",South - East,1 Open,1,Own Property,Freehold,Resale
"3 BHK Flat  for Sale in  Sarangpur, Kolkata",₹1.40 Cr ,"₹8,600 per sqft ",1150 sqft,Ready to Move,3,15 out of 15,Garden/Park,South - East,1 Open,3,Unitech Fresco,Freehold,Resale
"2 BHK Flat  for Sale in  Rajarhat, Kolkata",₹63.5 Lac ,"₹7,763 per sqft ",654 sqft,Ready to Move,2,2 out of 12,Garden/Park,South -West,,1,Siddha Galaxia Phase I,Freehold,Resale
"3 BHK Flat  for Sale in  Maheshtala, Kolkata",₹1.20 Cr ,"₹6,000 per sqft ",1765 sqft,Ready to Move,3,5 out of 9,,,,2,HILAND GOLF,,Resale
"2 BHK Flat  for Sale in  Kalikapur Haltu, Kolkata",₹77 Lac ,"₹10,969 per sqft ",550 sqft,Ready to Move,2,1 out of 9,,,,1,Green Wood Nook,,Resale
2 BHK Flat  for Sale in   Kolkata,₹19.5 Lac ,"₹3,916 per sqft ",498 sqft,Ready to Move,1,3 out of 4,,,,,,,Resale
"4 BHK Flat  for Sale in  Block A Lake Town, Kolkata",₹1.40 Cr ,"₹6,880 per sqft ",1700 sqft,Ready to Move,3,2 out of 4,Main Road,South - East,,3,,Freehold,Resale
"2 BHK Flat  for Sale in  Jessore Road, Kolkata",₹88 Lac ,"₹7,652 per sqft ",767 sqft,Ready to Move,2,8 out of 14,"Garden/Park, Pool",South - East,,2,Emami City,Freehold,Resale
"2 BHK Flat  for Sale in  New Garia, Garia, Kolkata",₹45 Lac ,"₹6,338 per sqft ",710 sqft,Ready to Move,2,4 out of 5,,,,,,,Resale
"2 BHK Flat  for Sale in  Garia Bazaar, Kolkata",₹28 Lac ,"₹4,000 per sqft ",625 sqft,Ready to Move,1,1 out of 4,,South - East,,1,,Freehold,Resale
3 BHK Flat  for Sale in   Kolkata,₹82 Lac ,"₹4,881 per sqft ",1680 sqft,Ready to Move,3,5 out of 5,,,,,,,Resale
"3 BHK Flat  for Sale in  Garia, Kolkata",₹40.5 Lac ,"₹3,695 per sqft ",850 sqft,Ready to Move,2,Ground out of 4,Main Road,South,1 Open,2,,Freehold,Resale
"3 BHK Flat  for Sale in  Tollygunge, Kolkata",₹60 Lac ,"₹5,106 per sqft ",975 sqft,Ready to Move,2,4 out of 4,Garden/Park,North,,1,Dream Villa,Freehold,Resale
"3 BHK Flat  for Sale in  Garia, Kolkata",₹50 Lac ,"₹4,167 per sqft ",1200 sqft,Ready to Move,2,4 out of 4,Main Road,East,,2,,Power Of Attorney,Resale
"2 BHK Flat  for Sale in  Subhasgram, Kolkata",₹28 Lac ,"₹3,279 per sqft ",712 sqft,Ready to Move,2,1 out of 3,,,,1,,,Resale
"2 BHK Flat  for Sale in  Sukant Nagar Sector 4 Salt Lake, Kolkata",₹20 Lac ,"₹3,636 per sqft ",450 sqft,Ready to Move,1,1 out of 4,Main Road,South - East,"1 Covered,",,,Freehold,Resale
"3 BHK Flat  for Sale in  Santoshpur, Kolkata",₹45 Lac ,"₹3,750 per sqft ",910 sqft,Ready to Move,2,3 out of 3,Main Road,South - East,,1,,Co-operative Society,New Property
3 BHK Flat  for Sale in   Kolkata,₹86.7 Lac ,"₹7,225 per sqft ",1200 sqft,Ready to Move,2,2 out of 4,Main Road,East,"1 Covered,",,,Freehold,Resale
"2 BHK Flat  for Sale in  Baranagar, Kolkata",₹33 Lac ,"₹4,400 per sqft ",637 sqft,Ready to Move,1,2 out of 3,"Garden/Park, Main Road",South - East,,1,,Freehold,Resale
"3 BHK Flat  for Sale in  Maheshtala, Kolkata",₹60 Lac ,"₹3,937 per sqft ",1524 sqft,Ready to Move,3,3 out of 15,Garden/Park,South,,1,Eden City Maheshtala,Freehold,Resale
2 BHK Flat  for Sale in   Kolkata,₹19 Lac ,,832 sqft,Ready to Move,2,3 out of 4,Pool,South - East,,1,,Freehold,Resale
"3 BHK Flat  for Sale in  Purbachal Haltu, Kolkata",₹55 Lac ,"₹5,000 per sqft ",1000 sqft,Ready to Move,2,Ground out of 3,Garden/Park,South - East,,1,,Freehold,Resale
"2 BHK Flat  for Sale in  Dhakuria, Kolkata",₹35 Lac ,"₹4,545 per sqft ",770 sqft,Ready to Move,1,1 out of 2,,,,,,,Resale
"4 BHK Flat  for Sale in  Howrah, Kolkata",₹38 Lac ,"₹2,823 per sqft ",1346 sqft,Ready to Move,4,2 out of 3,Main Road,North,,2,,Freehold,Resale
"3 BHK Flat  for Sale in  Rajarhat, Kolkata",₹1.50 Cr ,"₹7,673 per sqft ",1564 sqft,Ready to Move,3,23 out of 40,Main Road,South - East,2 Covered,1,Sureka Merlin Elita Garden Vista Phase 2,Freehold,Resale
"2 BHK Flat  for Sale in  New Town, Kolkata",₹1.40 Cr ,"₹12,727 per sqft ",784 sqft,Ready to Move,2,2 out of 19,Garden/Park,North - East,1 Covered,1,PS ONE10,Freehold,Resale
"2 BHK Flat  for Sale in  Tollygunge, Kolkata",₹29 Lac ,"₹3,580 per sqft ",689 sqft,Ready to Move,2,2 out of 3,Main Road,East,1 Open,1,Madhuri Apartment,Freehold,Resale
"2 BHK Flat  for Sale in  Desh Bandhu Nagar Baguiati, Kolkata",₹50.5 Lac ,"₹4,810 per sqft ",850 sqft,Ready to Move,1,4 out of 4,Garden/Park,East,,1,,Freehold,Resale
"2 BHK Flat  for Sale in  Howrah, Kolkata",₹50 Lac ,"₹4,401 per sqft ",900 sqft,Ready to Move,2,20 out of 20,"Garden/Park, Pool, Main Road",North - West,1 Open,1,Shapoorji Pallonji Joyville Howrah Tower A1 Pinnacle,Freehold,Resale
"3 BHK Flat  for Sale in  Kasba, Kolkata",₹75 Lac ,"₹5,725 per sqft ",1150 sqft,,2,4 out of 4,Main Road,,,2,,Co-operative Society,Resale
"2 BHK Flat  for Sale in  Bansdroni, Kolkata",₹32 Lac ,"₹4,103 per sqft ",780 sqft,Ready to Move,2,3 out of 4,,,,,,,Resale
"3 BHK Flat  for Sale in  Narendrapur Rajpur Sonarpur, Kolkata",₹47 Lac ,"₹4,234 per sqft ",832 sqft,Ready to Move,2,3 out of 4,Main Road,South -West,,1,T N Associate Green Wood,Freehold,Resale
"2 BHK Flat  for Sale in  Behala, Kolkata",₹57 Lac ,"₹5,377 per sqft ",848 sqft,Ready to Move,2,11 out of 12,"Garden/Park, Main Road",South - East,,1,Ideal Regency,Co-operative Society,Resale
"2 BHK Flat  for Sale in  Belur Math, Kolkata",₹42 Lac ,"₹4,167 per sqft ",1008 sqft,Ready to Move,2,2 out of 5,Main Road,North,,1,,Co-operative Society,Resale
"2 BHK Flat  for Sale in  Khardaha, Kolkata",₹26.3 Lac ,"₹3,232 per sqft ",652 sqft,Ready to Move,2,4 out of 4,Main Road,South - East,,1,,Freehold,Resale
"2 BHK Flat  for Sale in  Joka, Kolkata",₹52 Lac ,"₹5,836 per sqft ",537 sqft,Ready to Move,2,2 out of 14,Garden/Park,North,1 Covered,2,Godrej Seven,Freehold,Resale
"2 BHK Flat  for Sale in  Howrah, Kolkata",₹35 Lac ,"₹3,889 per sqft ",885 sqft,Ready to Move,2,4 out of 8,Main Road,South - East,,1,Fortune Annapurna Apartment,,Resale
"1 BHK Flat  for Sale in  Serampore, Kolkata",₹40 Lac ,,650 sqft,Ready to Move,1,26 out of 28,Garden/Park,,,1,Alcove New Kolkata Sangam,Freehold,Resale
"2 BHK Flat  for Sale in  Nagerbazar, Kolkata",₹38 Lac ,"₹4,750 per sqft ",640 sqft,Ready to Move,2,4 out of 4,Main Road,South,,,,Freehold,Resale
"3 BHK Flat  for Sale in  Eastern Metropolitan Bypass, Kolkata",₹1.35 Cr ,"₹7,492 per sqft ",1260 sqft,Ready to Move,2,5 out of 22,"Garden/Park, Main Road",South,1 Covered,2,Ruchi Active Acres Angelica,Freehold,Resale
"3 BHK Flat  for Sale in  Chiriamore, Kolkata",₹1.50 Cr ,"₹9,375 per sqft ",1500 sqft,Ready to Move,3,8 out of 12,Garden/Park,South,,2,Orbit Lumiere,Freehold,New Property
"3 BHK Flat  for Sale in  Mukundapur, Kolkata",₹65 Lac ,"₹4,467 per sqft ",1455 sqft,Ready to Move,2,3 out of 4,Main Road,South - East,,1,Bengal Abasan Urban Sabujayan,Freehold,Resale
"2 BHK Flat  for Sale in  Naktala, Garia, Kolkata",₹30 Lac ,,550 sqft,Ready to Move,1,1 out of 4,,,,1,,,Resale
"2 BHK Flat  for Sale in  Bablatala, Gopalpur Gram, Kolkata",₹34 Lac ,"₹3,568 per sqft ",943 sqft,Ready to Move,2,3 out of 5,Main Road,East,,2,,Freehold,Resale
"3 BHK Flat  for Sale in  Bansdroni, Kolkata",₹45 Lac ,"₹2,903 per sqft ",1550 sqft,Ready to Move,2,3 out of 3,,,,2,,,Resale
2 BHK Flat  for Sale in   Kolkata,₹42 Lac ,"₹4,506 per sqft ",932 sqft,Ready to Move,2,3 out of 4,,,,,,,Resale
"1 BHK Flat  for Sale in  Uttarpara Chinsurah, Kolkata",₹22 Lac ,"₹4,691 per sqft ",469 sqft,Ready to Move,2,11 out of 15,Garden/Park,,,1,Shriram Grand One,Freehold,Resale
"3 BHK Flat  for Sale in  Rajarhat Main Road, Kolkata",₹1 Cr ,"₹9,756 per sqft ",692 sqft,,2,21 out of 24,Garden/Park,North,,2,Merlin Rise Sports Republic Phase 1 A,Freehold,New Property
"6 BHK Flat  for Sale in  Sector 2 Salt Lake City, Kolkata",₹2.80 Cr ,"₹9,333 per sqft ",3000 sqft,Ready to Move,5,2 out of 3,Main Road,South - East,"1 Covered,",,,Leasehold,Resale
"2 BHK Flat  for Sale in  Rajarhat, Kolkata",₹65 Lac ,"₹7,446 per sqft ",873 sqft,Ready to Move,2,4 out of 10,,,,1,Realtech HIJIBIJI,,Resale
"2 BHK Flat  for Sale in  Sonarpur Station Road, Kolkata",₹60 Lac ,"₹6,000 per sqft ",684 sqft,Ready to Move,2,2 out of 4,Main Road,South,,1,,Freehold,Resale
"2 BHK Flat  for Sale in  Airport Area, Kolkata",₹54 Lac ,"₹4,596 per sqft ",940 sqft,Ready to Move,2,2 out of 5,Main Road,North - East,,1,,Freehold,Resale
"2 BHK Flat  for Sale in  Rajarhat, Kolkata",₹50 Lac ,"₹6,510 per sqft ",502 sqft,Ready to Move,2,8 out of 12,Garden/Park,North - East,,2,Realtech HIJIBIJI,Freehold,Resale
"2 BHK Flat  for Sale in  Jessore Road, Kolkata",₹1.38 Cr ,"₹10,591 per sqft ",1303 sqft,Ready to Move,2,3 out of 14,Main Road,East,,2,Emami City,Freehold,Resale
"2 BHK Flat  for Sale in  Madhyamgram, Kolkata",₹25 Lac ,"₹2,561 per sqft ",976 sqft,Ready to Move,2,1 out of 4,,,,1,,,Resale
"3 BHK Flat  for Sale in  Jawaharlal Nehru Road, Kolkata",₹3.95 Cr ,"₹14,107 per sqft ",1953 sqft,Ready to Move,3,14 out of 17,"Garden/Park, Main Road",West,1 Open,2,Kailash Building,Co-operative Society,Resale
"2 BHK Flat  for Sale in  Garia, Kolkata",₹50 Lac ,"₹5,734 per sqft ",872 sqft,Ready to Move,2,3 out of 7,,South - East,,1,,Freehold,Resale
"3 BHK Flat  for Sale in  Rajarhat, Kolkata",₹55 Lac ,"₹4,645 per sqft ",800 sqft,Ready to Move,2,1 out of 6,Garden/Park,East,,1,,Freehold,Resale
"3 BHK Flat  for Sale in  SIP Deshapriya Park Area, Kolkata",₹2.75 Cr ,"₹13,750 per sqft ",2000 sqft,Ready to Move,3,2 out of 3,,,,,,,Resale
"2 BHK Flat  for Sale in  Action Area 3, Kolkata",₹35 Lac ,"₹5,147 per sqft ",480 sqft,Ready to Move,2,2 out of 14,"Pool, Garden/Park, Main Road",North - East,1 Covered,1,Shapoorji Pallonji Bengal Shapoorji Shukhobristhi,Freehold,Resale
"2 BHK Flat  for Sale in  Alipore, Kolkata",₹1.80 Cr ,,1600 sqft,Ready to Move,2,14 out of 14,Garden/Park,North,1 Open,1,Amar Jyoti,Freehold,Resale
"3 BHK Flat  for Sale in  Rajarhat, Kolkata",₹1.20 Cr ,"₹10,929 per sqft ",878 sqft,Ready to Move,2,1 out of 5,"Garden/Park, Pool, Main Road",South - East,,1,PS Vinayak  Arham,Freehold,Resale
"3 BHK Flat  for Sale in  Mahamaya Tala, Garia, Kolkata",₹98 Lac ,"₹5,886 per sqft ",1200 sqft,Ready to Move,2,3 out of 4,"Garden/Park, Main Road",South - East,4 Covered,2,Rajwada Estate Phase II,Freehold,Resale
"3 BHK Flat  for Sale in  Kabardanga, Kolkata",₹60 Lac ,"₹3,750 per sqft ",1240 sqft,Ready to Move,2,1 out of 3,,South - East,1 Covered,1,,Freehold,Resale
"2 BHK Flat  for Sale in  Garia, Kolkata",₹32 Lac ,"₹5,517 per sqft ",580 sqft,Ready to Move,1,1 out of 4,Main Road,South,,,Madhumita Apartment,Freehold,Resale
"2 BHK Flat  for Sale in  New Town, Kolkata",₹53 Lac ,"₹5,550 per sqft ",695 sqft,Ready to Move,2,1 out of 4,,South - East,,1,J P Umang Vihar,Freehold,Resale
"2 BHK Flat  for Sale in  Park Street, Kolkata",₹2.38 Cr ,"₹15,256 per sqft ",1180 sqft,Ready to Move,2,5 out of 6,Garden/Park,North - East,1 Open,1,Neelam Apartment,Freehold,Resale
"4 BHK Flat  for Sale in  Barasat, Kolkata",₹95 Lac ,"₹4,755 per sqft ",1500 sqft,Ready to Move,3,10 out of 11,"Garden/Park, Pool, Main Road",South - East,,4,Fortune Heights Barasat,Freehold,Resale
"4 BHK Flat  for Sale in  Rajarhat, Kolkata",₹1.10 Cr ,"₹4,231 per sqft ",2330 sqft,Ready to Move,4,2 out of 4,"Garden/Park, Main Road",South - East,1 Open,4,Vedic Green Tech City,Freehold,Resale
"2 BHK Flat  for Sale in  Ultadanga, Kolkata",₹1.05 Cr ,"₹8,750 per sqft ",960 sqft,Ready to Move,2,2 out of 11,Main Road,South -West,,2,Northern Heights,Freehold,Resale
"2 BHK Flat  for Sale in  North Purbachal, Kolkata",₹55 Lac ,"₹5,851 per sqft ",660 sqft,Ready to Move,2,1 out of 4,,,1 Covered,1,,Freehold,Resale
"2 BHK Flat  for Sale in  Agarpara, Kolkata",₹24 Lac ,"₹2,963 per sqft ",705 sqft,Ready to Move,1,1 out of 4,Main Road,East,1 Open,1,D P Apartment,Freehold,Resale
"3 BHK Flat  for Sale in  Lake Gardens, Kolkata",₹1.25 Cr ,"₹7,812 per sqft ",1280 sqft,Ready to Move,3,3 out of 4,Main Road,South - East,,1,,Freehold,Resale
"1 BHK Flat  for Sale in  Rajarhat, Kolkata",₹13.5 Lac ,"₹2,700 per sqft ",400 sqft,Ready to Move,1,Ground out of 4,,,,1,Belani Zest,,Resale
"2 BHK Flat  for Sale in  Beleghata, Kolkata",₹1.35 Cr ,"₹8,438 per sqft ",1600 sqft,Ready to Move,2,2 out of 5,,North,119 Covered,,,Freehold,Resale
"2 BHK Flat  for Sale in  Dum Dum Cantonment, Kolkata",₹42 Lac ,"₹4,941 per sqft ",680 sqft,Ready to Move,2,2 out of 6,"Garden/Park, Main Road",West,,1,,Freehold,Resale
"2 BHK Flat  for Sale in  Block O New Alipore, Kolkata",₹1.30 Cr ,"₹12,671 per sqft ",872 sqft,Ready to Move,2,Ground out of 2,Main Road,South - East,,,,Freehold,Resale
"2 BHK Flat  for Sale in  Joka, Kolkata",₹52 Lac ,"₹5,836 per sqft ",595 sqft,Ready to Move,2,13 out of 14,"Garden/Park, Main Road",South,,2,Godrej Seven,Freehold,Resale
"3 BHK Flat  for Sale in  Tegharia Baguiati, Kolkata",₹65 Lac ,"₹5,692 per sqft ",950 sqft,Ready to Move,2,4 out of 5,Garden/Park,South - East,,1,Meena Residency 2,Freehold,New Property
"2 BHK Flat  for Sale in  Haridevpur, Paschim Putiary, Kolkata",₹30 Lac ,"₹4,286 per sqft ",550 sqft,Ready to Move,1,2 out of 3,Main Road,,1 Covered,,,Freehold,Resale
"3 BHK Flat  for Sale in  Behala, Kolkata",₹69 Lac ,"₹5,308 per sqft ",1100 sqft,Ready to Move,2,2 out of 4,,,,1,,,Resale
"3 BHK Flat  for Sale in  Ballygunge, Kolkata",₹2 Cr ,"₹13,633 per sqft ",1170 sqft,Ready to Move,2,4 out of 8,Main Road,South,1 Covered,1,,Freehold,Resale
"2 BHK Flat  for Sale in  Hindustan Park, Gariahat, Kolkata",₹1.25 Cr ,"₹10,593 per sqft ",980 sqft,Ready to Move,2,4 out of 5,Main Road,North,1 Open,1,,Freehold,Resale
"3 BHK Flat  for Sale in  Haltu, Kolkata",₹45 Lac ,,1050 sqft,Ready to Move,3,2 out of 3,,,,1,Perfect Mention,,Resale
"2 BHK Flat  for Sale in  Mukundapur, Kolkata",₹68 Lac ,"₹6,538 per sqft ",1040 sqft,Ready to Move,2,1 out of 3,Main Road,South,,1,,Freehold,Resale
"2 BHK Flat  for Sale in  Narendrapur Rajpur Sonarpur, Kolkata",₹32 Lac ,"₹4,233 per sqft ",605 sqft,Ready to Move,2,2 out of 4,Main Road,South - East,,1,,Freehold,Resale
" Apartment  for Sale in  Shibrampur, Shibrampur Mauza, Kolkata",₹40 Lac ,,,,,,,,,,Greenfield City,,Resale
"2 BHK Flat  for Sale in  EM Bypass Connector, Kolkata",₹50 Lac ,"₹5,981 per sqft ",668 sqft,Ready to Move,2,9 out of 18,Main Road,South - East,,1,,Freehold,Resale
"3 BHK Flat  for Sale in  Madhyamgram, Kolkata",₹62 Lac ,"₹4,133 per sqft ",1300 sqft,Ready to Move,2,2 out of 5,"Garden/Park, Main Road",South,1 Covered,2,Panorama Residency,Freehold,Resale
"2 BHK Flat  for Sale in  Tollygunge, Kolkata",₹45 Lac ,"₹4,934 per sqft ",912 sqft,Ready to Move,2,4 out of 6,,,,,,,Resale
"2 BHK Flat  for Sale in  Vip Road, Kolkata",₹60 Lac ,"₹5,848 per sqft ",800 sqft,Ready to Move,2,3 out of 5,Garden/Park,South - East,,1,Regent Sagar,Freehold,Resale
"2 BHK Flat  for Sale in  Shanti Nagar Liluah, Kolkata",₹25 Lac ,"₹2,994 per sqft ",735 sqft,Ready to Move,2,2 out of 5,,,,,,,Resale
2 BHK Flat  for Sale in   Kolkata,₹26 Lac ,"₹3,824 per sqft ",586 sqft,Ready to Move,1,2 out of 4,,,,,,,Resale
"3 BHK Flat  for Sale in  Dum Dum, Kolkata",₹1.40 Cr ,"₹9,150 per sqft ",1224 sqft,Ready to Move,2,6 out of 12,"Garden/Park, Main Road",South - East,,1,Amaya Kshitij,Freehold,Resale
"5 BHK Flat  for Sale in  New Town, Kolkata",₹3.41 Cr ,"₹13,115 per sqft ",2200 sqft,Ready to Move,5,7 out of 15,"Garden/Park, Main Road",South - East,,4,Greenwood Sonata,Freehold,Resale
"2 BHK Flat  for Sale in  Bhadrakali, Kolkata",₹22.5 Lac ,"₹2,500 per sqft ",792 sqft,Ready to Move,2,4 out of 4,Main Road,South,,1,,Freehold,Resale
"3 BHK Flat  for Sale in  Kaikhali, Kolkata",₹3.60 Cr ,"₹18,000 per sqft ",2000 sqft,Ready to Move,3,3 out of 9,"Garden/Park, Main Road",,1 Covered,2,PS Vinayak Heights LLP Magnum,Freehold,Resale
"3 BHK Flat  for Sale in  Dum Dum, Kolkata",₹1.17 Cr ,"₹8,080 per sqft ",1106 sqft,Ready to Move,3,7 out of 12,Garden/Park,South - East,,1,Amaya Kshitij,Freehold,Resale
"2 BHK Flat  for Sale in  Narendrapur Rajpur Sonarpur, Kolkata",₹38 Lac ,"₹4,343 per sqft ",700 sqft,Ready to Move,2,4 out of 4,"Garden/Park, Main Road",South,,1,Mayfair Elite,Freehold,Resale
2 BHK Flat  for Sale in   Kolkata,₹29 Lac ,"₹3,322 per sqft ",800 sqft,Ready to Move,2,1 out of 5,,,,1,,,Resale
"3 BHK Flat  for Sale in  Kamarhati, Kolkata",₹1.40 Cr ,"₹9,253 per sqft ",1000 sqft,Ready to Move,2,18 out of 19,"Garden/Park, Pool, Main Road",South - East,1 Open,2,Dhoot Pratham,Freehold,Resale
"2 BHK Flat  for Sale in  Eastern Metropolitan Bypass, Kolkata",₹1.50 Cr ,"₹11,538 per sqft ",1300 sqft,Ready to Move,2,13 out of 35,,South,1 Covered,1,Siddha Sky,Freehold,Resale
"3 BHK Flat  for Sale in  Action Area 1, Kolkata",₹1.45 Cr ,"₹9,904 per sqft ",1171 sqft,Ready to Move,2,11 out of 16,Main Road,South - East,1 Open,3,,Freehold,Resale
"1 BHK Flat  for Sale in  Nehru Colony Dakshindari, Kolkata",₹14 Lac ,"₹3,733 per sqft ",300 sqft,Ready to Move,1,1 out of 5,,North - East,,1,,Freehold,Resale
"1 BHK Flat  for Sale in  Behala Chowrasta, Kolkata",₹18 Lac ,"₹2,069 per sqft ",540 sqft,Ready to Move,2,4 out of 4,Main Road,South - East,,1,,Freehold,Resale
"2 BHK Flat  for Sale in  East Kolkata Township, Kolkata",₹47 Lac ,"₹5,875 per sqft ",680 sqft,Ready to Move,2,3 out of 4,,South - East,,1,,Freehold,Resale
"2 BHK Flat  for Sale in  Howrah, Kolkata",₹20 Lac ,,700 sqft,Ready to Move,1,4 out of 5,Main Road,North - East,,1,Banalata Apartment,Freehold,Resale
"2 BHK Flat  for Sale in  Rajarhat, Kolkata",₹31 Lac ,"₹3,547 per sqft ",700 sqft,Ready to Move,2,3 out of 5,"Garden/Park, Main Road",South - East,,1,,Freehold,Resale
"2 BHK Flat  for Sale in  Harinavi, Kolkata",₹28.5 Lac ,"₹3,074 per sqft ",927 sqft,Ready to Move,2,1 out of 5,"Garden/Park, Pool, Main Road",,,1,Sweet Srijoni,,Resale
"3 BHK Flat  for Sale in  Eastern Metropolitan Bypass, Kolkata",₹4.25 Cr ,"₹16,667 per sqft ",2550 sqft,,3,4 out of 40,,South - East,,1,Urbana,Freehold,Resale
"3 BHK Flat  for Sale in  Rajarhat, Kolkata",₹1 Cr ,"₹6,680 per sqft ",1497 sqft,Ready to Move,2,5 out of 7,Main Road,North - East,150 Covered,2,Belani Zest,Freehold,Resale
"2 BHK Flat  for Sale in  Chandannagar, Hooghly-Chinsurah, Kolkata",₹30 Lac ,"₹5,199 per sqft ",577 sqft,Ready to Move,2,3 out of 4,,,,,Vinayak Apartment,,Resale
3 BHK Flat  for Sale in   Kolkata,₹1.50 Cr ,"₹10,000 per sqft ",1500 sqft,Ready to Move,2,3 out of 4,,,,,,,Resale
"4 BHK Flat  for Sale in  Tollygunge, Kolkata",₹2.65 Cr ,"₹12,649 per sqft ",1850 sqft,Ready to Move,4,6 out of 8,Main Road,South - East,"1 Covered,",2,Jubilee Park,Freehold,Resale
"3 BHK Flat  for Sale in  Behala Chowrasta, Kolkata",₹2.07 Cr ,"₹8,625 per sqft ",1920 sqft,Ready to Move,2,9 out of 9,Main Road,South - East,2 Covered,2,Kshetrum Aspire,Freehold,Resale
"3 BHK Flat  for Sale in  Sealdah, Raja Bazar, Kolkata",₹1.99 Cr ,"₹12,399 per sqft ",1155 sqft,Ready to Move,3,16 out of 23,"Garden/Park, Main Road, Pool",South - East,1 Open,,Ideal Heights,Freehold,Resale
"2 BHK Flat  for Sale in  Madhyamgram, Kolkata",₹42 Lac ,"₹4,492 per sqft ",748 sqft,Ready to Move,2,3 out of 4,"Garden/Park, Pool, Main Road",South - East,,1,Siddha Town,Freehold,Resale
"2 BHK Flat  for Sale in  Rajbari, Kolkata",₹30 Lac ,"₹3,614 per sqft ",692 sqft,Ready to Move,2,1 out of 5,,,,1,Basundhara Apartment,,Resale
"2 BHK Flat  for Sale in  Kamalgazi, Narendrapur, Kolkata",₹38.5 Lac ,"₹4,300 per sqft ",672 sqft,Ready to Move,2,2 out of 4,"Garden/Park, Main Road",South,4 Covered,1,Navyug Model,Freehold,New Property
"2 BHK Flat  for Sale in  Dover Terrace, Ballygunge, Kolkata",₹58 Lac ,"₹7,250 per sqft ",640 sqft,Ready to Move,2,2 out of 5,,East,,1,,Freehold,New Property
"4 BHK Flat  for Sale in  Action Area 2, Kolkata",₹1.70 Cr ,"₹7,727 per sqft ",2200 sqft,Ready to Move,2,1 out of 4,Main Road,,1 Covered,1,Stand Alone,Freehold,Resale
"3 BHK Flat  for Sale in  Selimpur Road, Kolkata",₹1.15 Cr ,"₹7,372 per sqft ",1200 sqft,Ready to Move,3,3 out of 3,,,,1,,,Resale
"2 BHK Flat  for Sale in  Hindmotor, Kolkata",₹22.8 Lac ,"₹2,676 per sqft ",850 sqft,Ready to Move,2,1 out of 4,Main Road,South,,,,Freehold,Resale
"3 BHK Flat  for Sale in  Barasat, Kolkata",₹30 Lac ,"₹3,119 per sqft ",650 sqft,Ready to Move,2,2 out of 4,"Garden/Park, Pool",South - East,,1,Magnolia Nakshatra Phase 2,Freehold,Resale
"2 BHK Flat  for Sale in  Joka, Kolkata",₹32 Lac ,"₹4,103 per sqft ",780 sqft,Ready to Move,2,2 out of 3,Main Road,North - East,,1,Pabitra Green View,Freehold,Resale
"3 BHK Flat  for Sale in  Gouranganagar, Kolkata",₹58 Lac ,"₹4,957 per sqft ",920 sqft,Ready to Move,2,1 out of 4,,,,1,GPS Meena Aurum,,Resale
"3 BHK Flat  for Sale in  New Town, Kolkata",₹1.50 Cr ,"₹9,282 per sqft ",1293 sqft,Ready to Move,3,1 out of 13,Main Road,South,,2,Utsa Complex,Freehold,Resale
"2 BHK Flat  for Sale in  Chinsurah Station Road, Kolkata",₹21 Lac ,"₹2,692 per sqft ",650 sqft,Ready to Move,2,2 out of 5,Garden/Park,South,,1,,Freehold,Resale
"4 BHK Flat  for Sale in  Dum Dum Park, Kolkata",₹60 Lac ,"₹3,750 per sqft ",1280 sqft,Ready to Move,2,3 out of 6,"Garden/Park, Main Road",South - East,2 Covered,1,Unmesha Apartment,Freehold,Resale
"3 BHK Flat  for Sale in  Thakurpukur, Kolkata",₹42 Lac ,"₹3,562 per sqft ",1179 sqft,Ready to Move,2,2 out of 3,,,,2,,,Resale
"2 BHK Flat  for Sale in  Bagan Bari, Kolkata",₹45 Lac ,"₹5,625 per sqft ",700 sqft,Ready to Move,2,1 out of 4,Main Road,South -West,,1,,Freehold,Resale
"3 BHK Flat  for Sale in  Alipore, Kolkata",₹3 Cr ,"₹13,216 per sqft ",1800 sqft,Ready to Move,3,3 out of 5,Main Road,South,,2,,Freehold,New Property
"2 BHK Flat  for Sale in  Rabindrapally Kestopur, Kolkata",₹32 Lac ,"₹3,765 per sqft ",850 sqft,Ready to Move,2,1 out of 4,,,,1,Sonalaxmi Appartment,,Resale
"4 BHK Flat  for Sale in  Dobson Road, Kolkata",₹1.62 Cr ,"₹9,000 per sqft ",1400 sqft,Ready to Move,2,7 out of 10,Main Road,East,,1,Ambika Tower,Freehold,Resale
"2 BHK Flat  for Sale in  Khardaha, Kolkata",₹32.5 Lac ,"₹3,779 per sqft ",750 sqft,Ready to Move,1,3 out of 3,Main Road,South - East,,1,Sonar Tori,Freehold,Resale
"2 BHK Flat  for Sale in  Lake Place, Kolkata",₹1.35 Cr ,"₹12,118 per sqft ",800 sqft,Ready to Move,2,4 out of 5,Main Road,South - East,,1,,Freehold,Resale
"2 BHK Flat  for Sale in  Lake Town, Kolkata",₹33 Lac ,"₹4,115 per sqft ",802 sqft,Ready to Move,2,2 out of 3,,,,,Anandlok Apartment,,Resale
"1 BHK Flat  for Sale in  Mukundapur, Kolkata",₹42 Lac ,"₹8,187 per sqft ",410 sqft,Ready to Move,1,25 out of 25,Main Road,South - East,,1,Ambuja Utalika Efficiency & Comfort,Freehold,Resale
"5 BHK Flat  for Sale in  Beleghata, Kolkata",₹5.50 Cr ,₹421 per sqft ,3 acre,Ready to Move,5,25 out of 27,"Garden/Park, Main Road",South - East,"1 Covered,",3,Sureka Sunrise Heights,Freehold,Resale
"2 BHK Flat  for Sale in  Eastern Metropolitan Bypass, Kolkata",₹1.25 Cr ,"₹13,631 per sqft ",593 sqft,Ready to Move,2,11 out of 39,"Garden/Park, Main Road",,,1,Bengal Peerless Avidipta,,Resale
"3 BHK Flat  for Sale in  Howrah, Kolkata",₹1.10 Cr ,"₹9,283 per sqft ",1185 sqft,Ready to Move,2,10 out of 11,"Garden/Park, Main Road",East,1 Covered,1,Merlin Waterfront,Freehold,Resale
"1 BHK Flat  for Sale in  Ballygunge, Kolkata",₹22 Lac ,"₹4,889 per sqft ",450 sqft,Ready to Move,1,2 out of 4,,,,,Swinhoe Castle,,Resale
"3 BHK Flat  for Sale in  New Town, Kolkata",₹1.80 Cr ,"₹10,922 per sqft ",1648 sqft,Ready to Move,3,12 out of 33,"Garden/Park, Pool",South,1 Covered,1,Sureka Elita Garden Vista,Freehold,New Property
"2 BHK Flat  for Sale in  Maheshtala, Kolkata",₹28 Lac ,"₹3,933 per sqft ",548 sqft,Ready to Move,2,4 out of 13,,,,1,Hiland Greens,,Resale
"2 BHK Flat  for Sale in  Nayabad, Kolkata",₹45 Lac ,"₹4,500 per sqft ",750 sqft,Ready to Move,2,2 out of 4,"Garden/Park, Main Road",East,1 Open,1,,Freehold,Resale
"3 BHK Flat  for Sale in  Bikash Guha Colony, Kolkata",₹62 Lac ,"₹5,049 per sqft ",982 sqft,Ready to Move,2,4 out of 4,"Garden/Park, Main Road",North - East,1 Covered,1,,Power Of Attorney,Resale
"4 BHK Flat  for Sale in  Purba Putiary, Kolkata",₹60 Lac ,"₹3,429 per sqft ",1410 sqft,Ready to Move,4,1 out of 4,Main Road,North,,,,,Resale
"2 BHK Flat  for Sale in  Kankulia, Dhakuria, Kolkata",₹50 Lac ,"₹6,313 per sqft ",633 sqft,Ready to Move,2,2 out of 4,Main Road,South - East,,1,,Freehold,Resale
"3 BHK Flat  for Sale in  Rajarhat Main Road, Kolkata",₹90 Lac ,"₹7,500 per sqft ",1200 sqft,Ready to Move,2,5 out of 7,Garden/Park,,,1,,Co-operative Society,Resale
"2 BHK Flat  for Sale in  Khardaha, Kolkata",₹27 Lac ,"₹2,903 per sqft ",630 sqft,Ready to Move,2,4 out of 5,Main Road,North - East,,1,Shantiniketan Abasan,Freehold,Resale
"4 BHK Flat  for Sale in  Fern Road, Kolkata",₹1.80 Cr ,"₹9,000 per sqft ",2000 sqft,Ready to Move,3,3 out of 5,,,,,,,Resale
"2 BHK Flat  for Sale in  Motilal Gupta Road, Kolkata",₹30 Lac ,"₹4,615 per sqft ",650 sqft,Ready to Move,2,1 out of 3,,,,,Moti Kunj,,Resale
"2 BHK Flat  for Sale in  Maheshtala, Kolkata",₹31 Lac ,"₹4,354 per sqft ",712 sqft,Ready to Move,2,13 out of 14,,,,1,Hiland Greens,,Resale
"2 BHK Flat  for Sale in  Baguiati, Kolkata",₹28 Lac ,"₹3,160 per sqft ",886 sqft,Ready to Move,2,3 out of 5,Main Road,South - East,,,,Freehold,Resale
"2 BHK Flat  for Sale in  Rajarhat, Kolkata",₹45 Lac ,"₹4,310 per sqft ",840 sqft,Ready to Move,2,5 out of 5,Main Road,South,,,Mrittika,Freehold,Resale
"3 BHK Flat  for Sale in  Bangur Avenue, Lake Town, Kolkata",₹1.25 Cr ,"₹8,333 per sqft ",1325 sqft,Ready to Move,2,1 out of 5,Main Road,North,,1,Bangur Avenue,Freehold,New Property
"3 BHK Flat  for Sale in  Harinavi, Kolkata",₹42 Lac ,"₹4,102 per sqft ",820 sqft,Ready to Move,2,4 out of 5,Main Road,South - East,,1,,Freehold,Resale
"3 BHK Flat  for Sale in  Maheshtala, Kolkata",₹1.20 Cr ,"₹6,030 per sqft ",1592 sqft,Ready to Move,3,16 out of 26,"Garden/Park, Pool, Main Road",East,,1,Prinsep,Freehold,Resale
"3 BHK Flat  for Sale in  Mukundapur, Kolkata",₹85 Lac ,"₹6,939 per sqft ",1225 sqft,Ready to Move,2,3 out of 4,Main Road,North - East,1 Covered,1,,Freehold,New Property
"3 BHK Flat  for Sale in  Narendrapur Rajpur Sonarpur, Kolkata",₹65 Lac ,"₹4,492 per sqft ",1157 sqft,Ready to Move,3,Ground out of 2,"Main Road, Garden/Park",South - East,,1,Sugam Park,Freehold,Resale
"3 BHK Flat  for Sale in  Rajarhat, Kolkata",₹1.50 Cr ,,900 sqft,Ready to Move,2,5 out of 10,,,,1,Loharuka Urban Greens Phase 2,,Resale
"1 BHK Flat  for Sale in  Bhangar, Kolkata",₹25 Lac ,"₹5,543 per sqft ",451 sqft,Ready to Move,1,2 out of 4,,,,1,Simoco Sanhita Housing Complex Commercial,,Resale
"2 BHK Flat  for Sale in  Sakher Bazar, Purba Barisha, Kolkata",₹53 Lac ,"₹5,579 per sqft ",950 sqft,,2,2 out of 4,Main Road,East,,,,Freehold,Resale
"2 BHK Flat  for Sale in  Postal Park, Kolkata",₹50 Lac ,"₹3,840 per sqft ",1050 sqft,Ready to Move,2,1 out of 3,Main Road,South,,1,Maa Apartment,Freehold,Resale
"2 BHK Flat  for Sale in  Metropolitan Co Operative Housing Society Limited, Kolkata",₹1 Cr ,"₹10,000 per sqft ",800 sqft,Ready to Move,2,4 out of 4,"Main Road, Garden/Park",North - East,,2,Metropolitan Cooperative Housing Society,Freehold,New Property
"2 BHK Flat  for Sale in  New Town, Kolkata",₹1.30 Cr ,"₹9,856 per sqft ",1309 sqft,Ready to Move,2,8 out of 12,,,1 Open,3,Ujjwala Complex,Freehold,Resale
"3 BHK Flat  for Sale in  Paikpara, Kolkata",₹1.60 Cr ,"₹9,895 per sqft ",1293 sqft,Ready to Move,3,20 out of 20,"Pool, Main Road",South -West,1 Covered,1,Omskylark,Freehold,Resale
"3 BHK Flat  for Sale in  Khardaha, Kolkata",₹56 Lac ,"₹4,786 per sqft ",938 sqft,Ready to Move,2,10 out of 14,Main Road,North - East,,2,Siddha Waterfront,,Resale
"3 BHK Flat  for Sale in  Hindustan Park, Gariahat, Kolkata",₹2.10 Cr ,"₹12,231 per sqft ",1717 sqft,Ready to Move,3,1 out of 4,Garden/Park,North,1 Covered,1,Concord,Freehold,Resale
"2 BHK Flat  for Sale in  Kestopur, Kolkata",₹32 Lac ,"₹4,035 per sqft ",700 sqft,Ready to Move,2,2 out of 4,,South -West,,2,,Freehold,Resale
"3 BHK Flat  for Sale in  New Alipore, Kolkata",₹1 Cr ,"₹3,030 per sqft ",2800 sqft,Ready to Move,3,2 out of 3,Main Road,South -West,1 Open,1,,Freehold,Resale
"2 BHK Flat  for Sale in  Nayabad, Kolkata",₹44 Lac ,"₹4,927 per sqft ",715 sqft,Ready to Move,2,1 out of 4,Main Road,South - East,,2,Eden Exotica Block K,Freehold,Resale
"4 BHK Flat  for Sale in  Garia, Kolkata",₹1.25 Cr ,"₹8,065 per sqft ",1550 sqft,Ready to Move,2,3 out of 4,,,,,Ganguly 4 Sight Florence Phase II,,Resale
3 BHK Flat  for Sale in   Kolkata,₹1.20 Cr ,"₹8,000 per sqft ",1500 sqft,Ready to Move,2,1 out of 4,"Garden/Park, Main Road",South,,2,,Co-operative Society,Resale
"4 BHK Flat  for Sale in  SN Roy Road, Kolkata",₹55 Lac ,"₹3,986 per sqft ",1380 sqft,Ready to Move,2,3 out of 3,Main Road,West,,,,Freehold,Resale
"3 BHK Flat  for Sale in  New Town, Kolkata",₹65 Lac ,"₹7,214 per sqft ",690 sqft,Ready to Move,2,5 out of 14,Main Road,South - East,1 Covered,1,Shapoorji Paloonji Sukhobristi,Freehold,Resale
"3 BHK Flat  for Sale in  Khardaha, Kolkata",₹45 Lac ,"₹4,639 per sqft ",970 sqft,Ready to Move,2,10 out of 10,,South,,2,Siddha Waterfront,Freehold,Resale
"2 BHK Flat  for Sale in  Garia, Kolkata",₹71.5 Lac ,"₹6,201 per sqft ",923 sqft,Ready to Move,2,4 out of 4,"Garden/Park, Main Road",South - East,1 Covered,3,,Freehold,New Property
"4 BHK Flat  for Sale in  Bally, Kolkata",₹30 Lac ,"₹2,308 per sqft ",1100 sqft,Ready to Move,3,1 out of 4,,,,1,,,Resale
"4 BHK Flat  for Sale in  Action Area 3, Kolkata",₹2 Cr ,"₹12,862 per sqft ",1555 sqft,Ready to Move,3,13 out of 16,Main Road,South,,3,PS The Soul,Freehold,Resale
"2 BHK Flat  for Sale in  Haltu, Kolkata",₹45 Lac ,"₹6,923 per sqft ",600 sqft,Ready to Move,2,1 out of 3,Main Road,West,1 Covered,1,Nilanjana Apartment,Freehold,Resale
"2 BHK Flat  for Sale in  Tollygunge Karunamoyee, Kolkata",₹30 Lac ,"₹4,000 per sqft ",638 sqft,Ready to Move,1,2 out of 3,Main Road,South,,1,,Freehold,Resale
"2 BHK Flat  for Sale in  Tollygunge, Kolkata",₹50 Lac ,"₹4,762 per sqft ",893 sqft,Ready to Move,2,1 out of 4,Main Road,South,1 Open,1,,Freehold,Resale
"2 BHK Flat  for Sale in  Tollygunge, Kolkata",₹1.12 Cr ,"₹10,000 per sqft ",1120 sqft,Ready to Move,,13 out of 16,,,,1,City High,,Resale
"6 BHK Flat  for Sale in  Southern Avenue, Kolkata",₹5 Cr ,"₹11,364 per sqft ",4400 sqft,Ready to Move,6,4 out of 6,,East,,3,,,Resale
2 BHK Flat  for Sale in   Kolkata,₹29.5 Lac ,"₹2,983 per sqft ",750 sqft,Ready to Move,2,3 out of 4,,South -West,,1,,Freehold,Resale
"3 BHK Flat  for Sale in  Airport 2 Number Gate, Kolkata",₹35 Lac ,"₹3,500 per sqft ",780 sqft,Ready to Move,2,3 out of 4,Main Road,South - East,1 Covered,1,,Freehold,Resale
"3 BHK Flat  for Sale in  Kankurgachi, Kolkata",₹48 Lac ,"₹3,200 per sqft ",1300 sqft,Ready to Move,3,3 out of 3,"Garden/Park, Main Road",South - East,,2,,Freehold,Resale
"3 BHK Flat  for Sale in  Howrah, Kolkata",₹28 Lac ,"₹2,800 per sqft ",800 sqft,Ready to Move,2,1 out of 3,"Main Road, Garden/Park",South,30 Covered,2,,Freehold,New Property
"3 BHK Flat  for Sale in  Barrackpore, Kolkata",₹51 Lac ,"₹4,412 per sqft ",1156 sqft,Ready to Move,2,7 out of 7,"Garden/Park, Main Road",North - West,,2,Magnolia Sports City,Power Of Attorney,Resale
2 BHK Flat  for Sale in   Kolkata,₹65 Lac ,"₹7,065 per sqft ",920 sqft,Ready to Move,2,3 out of 4,,,,,,,Resale
"3 BHK Flat  for Sale in  Shibrampur, Shibrampur Mauza, Kolkata",₹56 Lac ,"₹5,273 per sqft ",850 sqft,Ready to Move,2,4 out of 12,"Garden/Park, Main Road",North - East,1 Open,1,Greenfield City,Freehold,Resale
"2 BHK Flat  for Sale in  Garia, Kolkata",₹65 Lac ,"₹6,341 per sqft ",1025 sqft,Ready to Move,2,1 out of 4,Garden/Park,South,,3,Kamal Residency,Freehold,Resale
"2 BHK Flat  for Sale in  Ranikuthi, Kolkata",₹50 Lac ,"₹5,330 per sqft ",750 sqft,Ready to Move,2,4 out of 4,Main Road,East,,2,,Freehold,Resale
"3 BHK Flat  for Sale in  Alipore, Kolkata",₹5.51 Cr ,"₹22,958 per sqft ",1850 sqft,Ready to Move,4,8 out of 12,Main Road,North,,1,Jindal House,Freehold,Resale
"2 BHK Flat  for Sale in  Rani Rashmoni Bagan, Kolkata",₹40 Lac ,"₹5,517 per sqft ",550 sqft,Ready to Move,2,2 out of 3,,,,1,,,Resale
"3 BHK Flat  for Sale in  Dunlop, Dakshineswar, Belgharia Expressway, Kolkata",₹41 Lac ,"₹4,197 per sqft ",950 sqft,Ready to Move,2,3 out of 3,,,,1,,,Resale
"2 BHK Flat  for Sale in  Nagerbazar, Kolkata",₹38 Lac ,"₹5,588 per sqft ",680 sqft,Ready to Move,2,4 out of 4,Main Road,East,,1,,Freehold,Resale
"2 BHK Flat  for Sale in  Kaikhali, Kolkata",₹52 Lac ,"₹4,727 per sqft ",900 sqft,Ready to Move,2,2 out of 8,Garden/Park,South - East,,1,Indraprastha,Freehold,Resale
"2 BHK Flat  for Sale in  Maheshtala, Kolkata",₹30 Lac ,"₹4,412 per sqft ",544 sqft,Ready to Move,2,14 out of 14,Main Road,South - East,1 Open,1,Hiland Greens,Freehold,Resale
"3 BHK Flat  for Sale in  South Dumdum, Kolkata",₹32 Lac ,"₹3,337 per sqft ",880 sqft,Ready to Move,2,2 out of 4,Main Road,South - East,,1,,,Resale
"4 BHK Flat  for Sale in  Eastern Metropolitan Bypass, Kolkata",₹5.20 Cr ,"₹14,857 per sqft ",3500 sqft,Ready to Move,4,22 out of 46,,,,3,Bengal Peerless Avidipta Phase 2,,Resale
"3 BHK Flat  for Sale in  Ahalyanagar, Mukundapur, Kolkata",₹75 Lac ,"₹5,971 per sqft ",900 sqft,Ready to Move,2,2 out of 5,Main Road,South - East,1 Covered,1,Bengal Abasan Urban Sabujayan,Freehold,Resale
"3 BHK Flat  for Sale in  Salkia, Kolkata",₹1.02 Cr ,"₹6,550 per sqft ",1565 sqft,Ready to Move,2,7 out of 7,Main Road,East,1 Open,,Orchid Residency,Freehold,Resale
"3 BHK Flat  for Sale in  Kaikhali, Kolkata",₹72 Lac ,"₹5,638 per sqft ",1021 sqft,Ready to Move,2,1 out of 4,Garden/Park,South,,1,Tatini,Freehold,Resale
2 BHK Flat  for Sale in   Kolkata,₹35 Lac ,"₹2,917 per sqft ",960 sqft,Ready to Move,2,2 out of 5,,,,1,,,Resale
"1 BHK Flat  for Sale in  Action Area 2, Kolkata",₹22 Lac ,"₹4,681 per sqft ",440 sqft,Ready to Move,1,2 out of 3,,South - East,,1,,Freehold,Resale
"3 BHK Flat  for Sale in  Narayanpur, Gopalpur Gram, Kolkata",₹1 Cr ,"₹4,348 per sqft ",2300 sqft,Ready to Move,4,4 out of 5,"Garden/Park, Pool",,,1,,,Resale
"4 BHK Flat  for Sale in  Shyamnagar, Kolkata",₹2.85 Cr ,"₹14,250 per sqft ",1800 sqft,Ready to Move,3,Ground out of 5,"Garden/Park, Main Road",East,,2,,Freehold,New Property
"1 BHK Flat  for Sale in  Bhangar, Kolkata",₹15 Lac ,"₹3,488 per sqft ",430 sqft,Ready to Move,1,2 out of 4,,,,,Simoco Sanhita Housing Complex Commercial,,Resale
"4 BHK Flat  for Sale in  Sreebhumi, Kolkata",₹1.53 Cr ,"₹7,500 per sqft ",2048 sqft,Ready to Move,3,3 out of 4,"Pool, Garden/Park",South,1 Covered,1,,Freehold,Resale
"4 BHK Flat  for Sale in  Rajarhat, Kolkata",₹4.84 Cr ,"₹10,876 per sqft ",4450 sqft,Ready to Move,3,15 out of 33,,,,2,Vatika The V,,Resale
2 BHK Flat  for Sale in   Kolkata,₹16 Lac ,"₹2,222 per sqft ",690 sqft,Ready to Move,1,3 out of 4,Main Road,South - East,,1,,Freehold,Resale
"2 BHK Flat  for Sale in  Rajarhat, Kolkata",₹35 Lac ,"₹3,804 per sqft ",920 sqft,Ready to Move,2,4 out of 4,,,,1,Sweet Hut Sarovar Residency,,Resale
"3 BHK Flat  for Sale in  Thakurpukur, Kolkata",₹1.51 Cr ,"₹8,389 per sqft ",1800 sqft,Ready to Move,3,1 out of 13,,,,,Eden Tolly Signature Plus,,Resale
"2 BHK Flat  for Sale in  Howrah Domjur Bargachhia Road, Kolkata",₹40 Lac ,"₹4,994 per sqft ",801 sqft,Ready to Move,2,2 out of 6,,South,,,,,Resale
"2 BHK Flat  for Sale in  Birati, Kolkata",₹24 Lac ,"₹3,137 per sqft ",765 sqft,Ready to Move,2,3 out of 4,,,,2,Angana Abasan,,Resale
"4 BHK Flat  for Sale in  Dhakuria, Kolkata",₹80 Lac ,"₹6,154 per sqft ",1000 sqft,Ready to Move,2,2 out of 5,,South - East,"1 Covered,",1,,Freehold,Resale
"4 BHK Flat  for Sale in  Gariahat, Kolkata",₹6.50 Cr ,"₹24,074 per sqft ",2700 sqft,Ready to Move,4,2 out of 4,"Garden/Park, Main Road",South,,2,Hi Rise Apartment Makers Pvt Ltd Keyatala,Freehold,Resale
"2 BHK Flat  for Sale in  Chandannagar, Hooghly-Chinsurah, Kolkata",₹30 Lac ,"₹5,000 per sqft ",600 sqft,Ready to Move,2,1 out of 4,,West,,,,Freehold,New Property
"1 BHK Flat  for Sale in  New Garia, Garia, Kolkata",₹29 Lac ,"₹4,603 per sqft ",583 sqft,Ready to Move,1,9 out of 14,Garden/Park,East,,1,Ambuja Upohar,Freehold,Resale
"2 BHK Flat  for Sale in  Sector 5 Salt Lake City, Kolkata",₹73 Lac ,"₹6,728 per sqft ",792 sqft,Ready to Move,2,15 out of 25,Main Road,South,,1,Ideal Aquaview,Power Of Attorney,Resale
" Apartment  for Sale in  Gariahat, Kolkata",₹1.50 Cr ,,1780 sqft,Ready to Move,,,Main Road,South - East,,2,,Freehold,Resale
"3 BHK Flat  for Sale in  Nabapally Barasat, Kolkata",₹37 Lac ,"₹2,994 per sqft ",1236 sqft,Ready to Move,2,3 out of 4,Garden/Park,South,,1,,Freehold,Resale
"2 BHK Flat  for Sale in  Ariadaha, Kolkata",₹36 Lac ,"₹4,675 per sqft ",654 sqft,Ready to Move,2,4 out of 5,Main Road,East,,1,Krishna Vihar,Freehold,Resale
"3 BHK Flat  for Sale in  Beleghata, Kolkata",₹1 Cr ,"₹7,407 per sqft ",1080 sqft,Ready to Move,3,2 out of 4,"Garden/Park, Main Road",South - East,1 Covered,1,,Freehold,Resale
"2 BHK Flat  for Sale in  Dum Dum Park, Kolkata",₹42 Lac ,"₹4,541 per sqft ",750 sqft,Ready to Move,2,3 out of 4,Main Road,East,,1,,Freehold,Resale
"3 BHK Flat  for Sale in  Birati, Kolkata",₹43 Lac ,"₹3,471 per sqft ",1239 sqft,Ready to Move,2,2 out of 4,,,,1,Panchsheel Vatika,,New Property
"2 BHK Flat  for Sale in  Krishnapur Main Road, Kolkata",₹28 Lac ,"₹3,053 per sqft ",733 sqft,Ready to Move,2,Ground out of 5,Main Road,South - East,,1,,Freehold,Resale
"3 BHK Flat  for Sale in  Rajarhat, Kolkata",₹80 Lac ,"₹6,359 per sqft ",1006 sqft,Ready to Move,2,5 out of 5,"Garden/Park, Main Road",South - East,,2,Srijan Heritage Enclave Phase 1,Freehold,Resale
"2 BHK Flat  for Sale in  Uttarpara Chinsurah, Kolkata",₹30 Lac ,"₹4,762 per sqft ",630 sqft,Ready to Move,2,2 out of 14,"Garden/Park, Pool, Main Road",East,,1,Shriram Sunshine One,,Resale
"3 BHK Flat  for Sale in  Barasat, Kolkata",₹40 Lac ,"₹4,343 per sqft ",637 sqft,Ready to Move,2,4 out of 4,"Garden/Park, Main Road",,,1,The Lake Paradise,Freehold,Resale
"2 BHK Flat  for Sale in  Chandannagar, Hooghly-Chinsurah, Kolkata",₹30 Lac ,"₹4,000 per sqft ",600 sqft,Ready to Move,2,3 out of 7,,,,,Ithemba Arista,,Resale
"4 BHK Flat  for Sale in  Dum Dum Park, Kolkata",₹1.20 Cr ,"₹5,556 per sqft ",2160 sqft,Ready to Move,4,1 out of 5,,,,,,Freehold,Resale
"3 BHK Flat  for Sale in  Subhash Nagar South Dumdum, Kolkata",₹75 Lac ,"₹4,950 per sqft ",1515 sqft,Ready to Move,2,4 out of 5,Main Road,South - East,,1,,Freehold,Resale
4 BHK Flat  for Sale in   Kolkata,₹1.25 Cr ,"₹5,000 per sqft ",2000 sqft,Ready to Move,2,2 out of 2,Main Road,South - East,,3,,Freehold,Resale
"3 BHK Flat  for Sale in  Harish Mukherjee Road, Kolkata",₹1.75 Cr ,"₹10,938 per sqft ",1200 sqft,Ready to Move,2,1 out of 4,"Garden/Park, Main Road",East,,1,,Freehold,Resale
"1 BHK Flat  for Sale in  Shakespeare Sarani, Kolkata",₹1 Cr ,"₹12,121 per sqft ",700 sqft,Ready to Move,1,9 out of 10,Main Road,West,,,Embassy Apartment,Co-operative Society,Resale
2 BHK Flat  for Sale in   Kolkata,₹23 Lac ,"₹3,538 per sqft ",650 sqft,Ready to Move,1,4 out of 4,,,,,,,Resale
"2 BHK Flat  for Sale in  Rajarhat, Kolkata",₹42 Lac ,"₹4,773 per sqft ",880 sqft,Ready to Move,2,4 out of 5,,,1 Open,1,Ideal Abasan,Freehold,Resale
"3 BHK Flat  for Sale in  Beleghata, Kolkata",₹1.90 Cr ,"₹10,326 per sqft ",1305 sqft,Ready to Move,3,5 out of 12,"Garden/Park, Main Road",North,1 Covered,3,,Freehold,Resale
"3 BHK Flat  for Sale in  Rajarhat, Kolkata",₹55 Lac ,"₹5,140 per sqft ",1070 sqft,Ready to Move,2,1 out of 5,Main Road,South -West,,1,Sanchita Residency,Freehold,Resale
"3 BHK Flat  for Sale in  Beleghata, Kolkata",₹1.45 Cr ,"₹9,379 per sqft ",1546 sqft,Ready to Move,2,8 out of 11,,South - East,,2,Parasrampuria Mohan Towers,Freehold,Resale
"2 BHK Flat  for Sale in  Anandapur, Kolkata",₹49.3 Lac ,"₹7,464 per sqft ",483 sqft,,2,2 out of 4,Main Road,South - East,,1,,Freehold,New Property
"2 BHK Flat  for Sale in  Selimpur, Dhakuria, Kolkata",₹34 Lac ,"₹4,564 per sqft ",585 sqft,Ready to Move,2,2 out of 2,Main Road,South,,1,,,Resale
"4 BHK Flat  for Sale in  Lake Market, Kalighat, Kolkata",₹1.55 Cr ,"₹10,690 per sqft ",1204 sqft,Ready to Move,3,4 out of 4,Main Road,,,2,Lake Market,Co-operative Society,Resale
"2 BHK Flat  for Sale in  Tegharia Baguiati, Kolkata",₹19.5 Lac ,"₹2,621 per sqft ",670 sqft,Ready to Move,2,3 out of 3,Main Road,North - West,,1,,Freehold,Resale
"2 BHK Flat  for Sale in  Phool Bagan Garia, Kolkata",₹1.55 Cr ,"₹10,877 per sqft ",1425 sqft,Ready to Move,2,7 out of 11,"Garden/Park, Main Road",,1 Covered,1,Lake District,Freehold,Resale
"3 BHK Flat  for Sale in  Dum Dum Park, Kolkata",₹60 Lac ,"₹5,263 per sqft ",1140 sqft,Ready to Move,2,1 out of 4,,,,,,,Resale
2 BHK Flat  for Sale in   Kolkata,₹1.50 Cr ,"₹21,127 per sqft ",710 sqft,Ready to Move,2,10 out of 23,,,,,,,Resale
"2 BHK Flat  for Sale in  Ramlal Bazar, Haltu, Kolkata",₹30 Lac ,,650 sqft,Ready to Move,2,Ground out of 3,Main Road,East,,1,,Freehold,Resale
"4 BHK Flat  for Sale in  Tollygunge, Kolkata",₹2.15 Cr ,"₹10,750 per sqft ",2000 sqft,Ready to Move,4,5 out of 7,Garden/Park,East,2 Covered,2,PS  Project Jubilee Park,Freehold,Resale
"2 BHK Flat  for Sale in  Belur Math, Kolkata",₹26 Lac ,"₹3,250 per sqft ",800 sqft,Ready to Move,2,1 out of 3,,,,1,,Freehold,Resale
"3 BHK Flat  for Sale in  Rajarhat, Kolkata",₹1 Cr ,"₹6,667 per sqft ",1500 sqft,Ready to Move,2,1 out of 16,Main Road,South,1 Open,,,Freehold,New Property
"2 BHK Flat  for Sale in  Kestopur, Kolkata",₹40 Lac ,"₹4,044 per sqft ",989 sqft,Ready to Move,2,4 out of 6,,South -West,1 Covered,1,RBM Residency,Freehold,Resale
"3 BHK Flat  for Sale in  Survey Park, Kolkata",₹90 Lac ,"₹8,738 per sqft ",1030 sqft,Ready to Move,2,3 out of 3,,,,1,,Freehold,Resale
"3 BHK Flat  for Sale in  Nagerbazar, Kolkata",₹2 Cr ,"₹10,417 per sqft ",1920 sqft,Ready to Move,3,Ground out of 13,Pool,,,2,Emami City,Freehold,New Property
2 BHK Flat  for Sale in   Kolkata,₹17 Lac ,"₹2,764 per sqft ",615 sqft,Ready to Move,1,2 out of 3,,North - East,,1,,Freehold,Resale
"2 BHK Flat  for Sale in  New Barrakpur, Kolkata",₹28 Lac ,"₹3,810 per sqft ",600 sqft,Ready to Move,1,4 out of 4,Main Road,East,,1,,Freehold,Resale
"1 BHK Flat  for Sale in  Dum Dum, Kolkata",₹24 Lac ,"₹4,075 per sqft ",438 sqft,Ready to Move,1,3 out of 4,Main Road,,,1,,Freehold,Resale
"2 BHK Flat  for Sale in  Rajarhat, Kolkata",₹32 Lac ,"₹3,604 per sqft ",888 sqft,Ready to Move,2,2 out of 4,,North - West,,2,Sapphire Garden,Freehold,Resale
"3 BHK Flat  for Sale in  Rajarhat, Kolkata",₹92 Lac ,"₹9,200 per sqft ",810 sqft,Ready to Move,2,5 out of 17,Main Road,South - East,1 Open,1,,Co-operative Society,Resale
"2 BHK Flat  for Sale in  Survey Park, Kolkata",₹1.40 Cr ,"₹11,570 per sqft ",1210 sqft,Ready to Move,2,2 out of 14,"Garden/Park, Main Road",South - East,1 Open,2,Udita the Condoville,Freehold,Resale
"3 BHK Flat  for Sale in  Lake View Road, Kolkata",₹1.30 Cr ,"₹10,400 per sqft ",1000 sqft,Ready to Move,2,4 out of 4,Main Road,North,1 Covered,,,Freehold,Resale
"3 BHK Flat  for Sale in  Unique Park Behala, Kolkata",₹99.5 Lac ,"₹5,528 per sqft ",1500 sqft,Ready to Move,3,2 out of 3,Main Road,South,1 Covered,2,Shivalik Apartment,Freehold,Resale
"2 BHK Flat  for Sale in  Block A Lake Town, Kolkata",₹58 Lac ,,950 sqft,Ready to Move,2,1 out of 4,Garden/Park,,,2,,Co-operative Society,Resale
"1 BHK Flat  for Sale in  Boral, Kolkata",₹19.5 Lac ,"₹3,061 per sqft ",318 sqft,Ready to Move,1,Ground out of 3,Main Road,South -West,,1,,Freehold,Resale
"2 BHK Flat  for Sale in  Dankuni, Kolkata",₹23 Lac ,"₹2,854 per sqft ",806 sqft,Ready to Move,2,2 out of 4,Main Road,,,,,Freehold,Resale
"7 BHK Flat  for Sale in  Elgin, Kolkata",₹8 Cr ,"₹16,162 per sqft ",4950 sqft,Ready to Move,7,7 out of 7,,,,4,Saraswati Niket,,Resale
"5 BHK Flat  for Sale in  Jessore Road, Kolkata",₹94 Lac ,"₹4,476 per sqft ",1550 sqft,,3,3 out of 4,"Main Road, Garden/Park, Pool",South - East,,3,,Freehold,New Property
2 BHK Flat  for Sale in   Kolkata,₹38 Lac ,,650 sqft,Ready to Move,2,2 out of 2,Main Road,South - East,,1,,Freehold,Resale
"3 BHK Flat  for Sale in  Rajarhat, Kolkata",₹1.50 Cr ,"₹9,609 per sqft ",1045 sqft,Ready to Move,3,7 out of 19,"Garden/Park, Pool",North - East,1 Covered,1,Tata Eden Court,Freehold,Resale
"3 BHK Flat  for Sale in  Selimpur, Dhakuria, Kolkata",₹75 Lac ,"₹6,522 per sqft ",1000 sqft,Ready to Move,2,3 out of 3,Main Road,South - East,2 Covered,2,,Freehold,Resale
"3 BHK Flat  for Sale in  Khardaha, Kolkata",₹49 Lac ,"₹5,000 per sqft ",980 sqft,Ready to Move,2,8 out of 14,,,,2,Siddha Waterfront,,Resale
"2 BHK Flat  for Sale in  Dunlop, Dakshineswar, Belgharia Expressway, Kolkata",₹35 Lac ,"₹4,730 per sqft ",700 sqft,Ready to Move,1,4 out of 4,Main Road,South -West,,1,,Freehold,Resale
"2 BHK Flat  for Sale in  Bediapara North Dumdum, Kolkata",₹32 Lac ,"₹3,368 per sqft ",760 sqft,Ready to Move,2,2 out of 3,Main Road,South,,2,,Freehold,Resale
"3 BHK Flat  for Sale in  Action Area 3, Kolkata",₹65 Lac ,"₹5,000 per sqft ",1040 sqft,Ready to Move,2,1 out of 5,Garden/Park,South - East,1 Covered,1,,Freehold,Resale
"3 BHK Flat  for Sale in  DJ Block Newtown, Kolkata",₹1.20 Cr ,"₹7,519 per sqft ",1596 sqft,Ready to Move,2,1 out of 7,Garden/Park,South,1 Covered,1,,Freehold,Resale
"2 BHK Flat  for Sale in  Tollygunge Karunamoyee, Kolkata",₹50 Lac ,"₹5,263 per sqft ",760 sqft,Ready to Move,2,2 out of 3,Main Road,South - East,5 Open,2,,Freehold,Resale
"2 BHK Flat  for Sale in  Mali Bagan Kaikhali, Kolkata",₹45 Lac ,"₹3,686 per sqft ",1221 sqft,Ready to Move,2,3 out of 5,Garden/Park,East,,,,Co-operative Society,Resale
"1 BHK Flat  for Sale in  Kasba, Kolkata",₹13 Lac ,"₹2,889 per sqft ",450 sqft,Ready to Move,1,3 out of 3,,,,,,,Resale
3 BHK Flat  for Sale in   Kolkata,₹55 Lac ,"₹4,542 per sqft ",1000 sqft,Ready to Move,2,3 out of 5,,South,1 Open,1,,Freehold,Resale
"3 BHK Flat  for Sale in  SIP Deshapriya Park Area, Kolkata",₹1.90 Cr ,"₹11,875 per sqft ",1600 sqft,Ready to Move,3,2 out of 5,,South -West,,2,,Freehold,Resale
"2 BHK Flat  for Sale in  Subhasgram, Kolkata",₹30 Lac ,"₹3,906 per sqft ",614 sqft,Ready to Move,2,3 out of 5,,South,,,,,Resale
"2 BHK Flat  for Sale in  Barrackpore Trunk Road, Kolkata",₹77 Lac ,,800 sqft,Ready to Move,2,3 out of 4,Main Road,East,,1,Sona jhuri,Freehold,Resale
"4 BHK Flat  for Sale in  Salt Lake City, Kolkata",₹1.25 Cr ,"₹9,615 per sqft ",1100 sqft,Ready to Move,2,1 out of 4,"Garden/Park, Main Road",South - East,,1,Karunamoyee Housing Society,Co-operative Society,Resale
"3 BHK Flat  for Sale in  Maheshtala, Kolkata",₹85 Lac ,"₹4,749 per sqft ",1790 sqft,Ready to Move,3,8 out of 28,Garden/Park,South -West,,1,Hiland Calcutta Riverside,Freehold,Resale
"2 BHK Flat  for Sale in  Rajpur, Kolkata",₹23.5 Lac ,"₹4,608 per sqft ",510 sqft,,2,4 out of 5,Pool,South -West,,1,,Freehold,Resale
"3 BHK Flat  for Sale in  Tollygunge, Kolkata",₹3.85 Cr ,"₹17,907 per sqft ",2150 sqft,,3,20 out of 27,Main Road,,,2,Belani NPR Sanctuary,Co-operative Society,Resale
"3 BHK Flat  for Sale in  Joka, Kolkata",₹40.5 Lac ,"₹4,210 per sqft ",962 sqft,Ready to Move,2,2 out of 4,Main Road,North,3 Covered,2,Anandam,Freehold,New Property
"2 BHK Flat  for Sale in  Mukundapur, Kolkata",₹1.10 Cr ,"₹20,755 per sqft ",530 sqft,,1,15 out of 35,,,,1,Ambuja Utalika Efficiency & Comfort,,Resale
"3 BHK Flat  for Sale in  Bhowanipore, Kolkata",₹1.50 Cr ,"₹11,228 per sqft ",940 sqft,Ready to Move,3,3 out of 4,,,,2,,,Resale
"2 BHK Flat  for Sale in  Naktala, Garia, Kolkata",₹42 Lac ,,780 sqft,Ready to Move,2,2 out of 4,,,,1,Naktala,,Resale
"1 BHK Flat  for Sale in  Serampore, Kolkata",₹27 Lac ,"₹4,856 per sqft ",556 sqft,Ready to Move,2,6 out of 26,"Garden/Park, Pool, Main Road",,,2,,Freehold,Resale
"3 BHK Flat  for Sale in  Sarsuna, Kolkata",₹40 Lac ,"₹3,571 per sqft ",900 sqft,Ready to Move,2,3 out of 3,Main Road,South - East,,1,,Freehold,Resale
"2 BHK Flat  for Sale in  Chinar Park, Rajarhat, Kolkata",₹76 Lac ,"₹8,000 per sqft ",950 sqft,Ready to Move,2,4 out of 5,,,,,Tirupati Golden Arch,,Resale
"2 BHK Flat  for Sale in  Howrah, Kolkata",₹40 Lac ,"₹5,333 per sqft ",500 sqft,Ready to Move,2,11 out of 11,,North,1 Open,1,Shapoorji Pallonji Joyville Howrah,Leasehold,Resale
"2 BHK Flat  for Sale in  Narayanpur North 24 Parganas, Kolkata",₹65 Lac ,"₹5,963 per sqft ",990 sqft,Ready to Move,2,4 out of 6,Main Road,North - East,,1,Aspira Aashiyana,Freehold,New Property
"3 BHK Flat  for Sale in  Andul, Kolkata",₹29.3 Lac ,"₹2,997 per sqft ",850 sqft,Ready to Move,3,1 out of 5,Main Road,,,1,,Freehold,Resale
"3 BHK Flat  for Sale in  Nagerbazar, Kolkata",₹53 Lac ,"₹5,995 per sqft ",884 sqft,Ready to Move,2,4 out of 4,,,,1,Govinda Apartment,Freehold,Resale
"2 BHK Flat  for Sale in  Purbapara Kamdahari, Kolkata",₹40 Lac ,"₹3,670 per sqft ",800 sqft,Ready to Move,2,1 out of 3,Main Road,South,,1,,Freehold,Resale
"3 BHK Flat  for Sale in  Dum Dum, Kolkata",₹49.5 Lac ,"₹4,047 per sqft ",1143 sqft,Ready to Move,2,2 out of 5,"Garden/Park, Main Road",North - East,,2,Dum Dum House,Freehold,Resale
"2 BHK Flat  for Sale in  Batanagar, Kolkata",₹20 Lac ,"₹2,597 per sqft ",666 sqft,Ready to Move,2,1 out of 3,Main Road,South - East,,1,,Freehold,Resale
"2 BHK Flat  for Sale in  Baishnabghata Patuli Township, Patuli, Kolkata",₹38 Lac ,"₹5,556 per sqft ",550 sqft,Ready to Move,2,3 out of 4,Main Road,South - East,,1,,Freehold,Resale
"4 BHK Flat  for Sale in  Tollygunge, Kolkata",₹40 Lac ,,1400 sqft,Ready to Move,3,Ground out of 2,,,,1,,,Resale
"2 BHK Flat  for Sale in  Rajarhat, Kolkata",₹60 Lac ,"₹5,415 per sqft ",1108 sqft,Ready to Move,2,1 out of 4,Garden/Park,,1 Covered,1,Salarpuria Pearl,Freehold,Resale
"3 BHK Flat  for Sale in  Joka, Kolkata",₹81 Lac ,"₹6,667 per sqft ",927 sqft,Ready to Move,2,10 out of 12,"Garden/Park, Main Road",South - East,1 Covered,1,Godrej Seven,Freehold,Resale
"3 BHK Flat  for Sale in  Dunlop, Dakshineswar, Belgharia Expressway, Kolkata",₹75 Lac ,"₹8,701 per sqft ",737 sqft,Ready to Move,2,2 out of 6,"Garden/Park, Pool",North,,,Saket Nagar Phase II,Freehold,Resale
"3 BHK Flat  for Sale in  Shibrampur, Shibrampur Mauza, Kolkata",₹50 Lac ,"₹4,708 per sqft ",1062 sqft,Ready to Move,3,6 out of 11,,,,,Greenfield City,,Resale
"3 BHK Flat  for Sale in  Kasba, Kolkata",₹90 Lac ,"₹10,588 per sqft ",850 sqft,Ready to Move,3,2 out of 4,,,,,Samadrita CHS,,Resale
"2 BHK Flat  for Sale in  Joka, Kolkata",₹67 Lac ,"₹7,128 per sqft ",656 sqft,Ready to Move,2,8 out of 14,Garden/Park,South - East,,1,DTC Southern Heights,Freehold,Resale
"2 BHK Flat  for Sale in  Rajarhat, Kolkata",₹60 Lac ,"₹5,415 per sqft ",1108 sqft,,2,1,,,,,Salarpuria Pearl,,Resale
"2 BHK Flat  for Sale in  Howrah, Kolkata",₹50 Lac ,"₹5,882 per sqft ",850 sqft,Ready to Move,2,3 out of 11,,,,1,Lake View Housing Complex,,Resale
"3 BHK Flat  for Sale in  Action Area 1A, Kolkata",₹1.55 Cr ,"₹8,867 per sqft ",1132 sqft,Ready to Move,3,8 out of 12,"Garden/Park, Pool",North - East,1 Covered,2,Shrachi Greenwood Nest,Freehold,Resale
"3 BHK Flat  for Sale in  Maheshtala, Kolkata",₹45 Lac ,"₹2,953 per sqft ",1524 sqft,Ready to Move,3,3 out of 15,"Pool, Garden/Park, Main Road",South - East,,1,Eden City Maheshtala,Freehold,Resale
"3 BHK Flat  for Sale in  Action Area 3, Kolkata",₹1.75 Cr ,"₹7,940 per sqft ",1900 sqft,Ready to Move,4,4 out of 17,"Garden/Park, Main Road",South - East,1 Covered,3,Unitech Uniworld City,Freehold,Resale
"3 BHK Flat  for Sale in  Anandapur, Kolkata",₹4.10 Cr ,"₹16,078 per sqft ",1540 sqft,,3,10 out of 42,Main Road,South,2 Covered,1,Bengal Urbana Phase 2,Freehold,Resale
"4 BHK Flat  for Sale in  Rajarhat, Kolkata",₹2.25 Cr ,"₹8,851 per sqft ",2542 sqft,Ready to Move,3,2 out of 4,Garden/Park,East,,1,Hiland Woods,Freehold,Resale
"3 BHK Flat  for Sale in  Eastern Metropolitan Bypass, Kolkata",₹1.10 Cr ,"₹8,703 per sqft ",1000 sqft,Ready to Move,2,2 out of 23,"Pool, Garden/Park, Main Road",North - East,,1,Hiland Park,Freehold,Resale
"3 BHK Flat  for Sale in  Action Area 1, Kolkata",₹3.45 Cr ,"₹18,244 per sqft ",1891 sqft,Ready to Move,3,20 out of 23,Main Road,,1 Covered,2,Anik One Rajarhat,Freehold,Resale
"2 BHK Flat  for Sale in  Block A Lake Town, Kolkata",₹1 Cr ,"₹10,152 per sqft ",587 sqft,,2,,Main Road,West,1 Covered,1,Vinayak Vista,Freehold,Resale
"4 BHK Flat  for Sale in  Rajarhat, Kolkata",₹1.60 Cr ,"₹7,501 per sqft ",2133 sqft,Ready to Move,3,9 out of 12,Pool,South - East,1 Covered,2,Shrachi Greenwood Elements,Freehold,Resale
"3 BHK Flat  for Sale in  Patuli, Kolkata",₹1 Cr ,"₹7,348 per sqft ",1361 sqft,Ready to Move,2,7 out of 9,"Garden/Park, Main Road",South -West,1 Covered,1,Ashabari Housing Apartment,Freehold,Resale
"3 BHK Flat  for Sale in  New Town, Kolkata",₹92.3 Lac ,"₹7,957 per sqft ",1160 sqft,,3,,,,1 Covered,,DTC Still Waters,,New Property
"2 BHK Flat  for Sale in  New Town, Kolkata",₹61.2 Lac ,"₹6,567 per sqft ",932 sqft,,2,,,,1 Covered,,Neelkanth Chitrakut Heights,,New Property
"3 BHK Flat  for Sale in  Southern Bypass, Kolkata",₹46.5 Lac ,"₹4,000 per sqft ",1163 sqft,,2,,,,1 Covered,,Vishnu Happy Homes V Bloomsberry Phase ll,,New Property
"4 BHK Flat  for Sale in  Hazra Road, Kolkata",₹3 Cr ,"₹8,333 per sqft ",2800 sqft,Ready to Move,2,3 out of 3,Main Road,North - West,1 Covered,1,,Freehold,Resale
"3 BHK Flat  for Sale in  Bangur Avenue, Lake Town, Kolkata",₹72.6 Lac ,"₹5,500 per sqft ",1320 sqft,,2,1 out of 7,,South,1 Covered,1,,Freehold,New Property
"3 BHK Flat  for Sale in  Airport Area, Kolkata",₹39.9 Lac ,"₹3,800 per sqft ",1050 sqft,Ready to Move,2,Ground out of 4,Main Road,North,,1,,Freehold,New Property
"3 BHK Flat  for Sale in  Dum Dum, Kolkata",₹44 Lac ,"₹4,400 per sqft ",1000 sqft,,2,1 out of 5,,North,1 Covered,2,,Freehold,New Property
"3 BHK Flat  for Sale in  Baghajatin Colony, Kolkata",₹35 Lac ,"₹3,182 per sqft ",1100 sqft,Ready to Move,2,Ground out of 3,Main Road,South - East,,1,,Freehold,New Property
"2 BHK Flat  for Sale in  Kasba, Kolkata",₹57 Lac ,"₹5,700 per sqft ",800 sqft,Ready to Move,2,2 out of 4,Main Road,South - East,,1,,Freehold,New Property
"3 BHK Flat  for Sale in  Rajarhat, Kolkata",₹46.6 Lac ,"₹4,500 per sqft ",1036 sqft,,2,,,,1 Covered,,GPS Meena Crystal,,New Property
"3 BHK Flat  for Sale in  Sonarpur, Kolkata",₹70.7 Lac ,"₹4,561 per sqft ",1550 sqft,,2,,,,1 Open,,THE HYACINTH,,New Property
"2 BHK Flat  for Sale in  Behala Chowrasta, Kolkata",₹40.4 Lac ,"₹4,494 per sqft ",899 sqft,Ready to Move,2,,,,,,RBN Spring Nest,,New Property
"3 BHK Flat  for Sale in  New Town, Kolkata",₹1 Cr ,"₹7,758 per sqft ",1294 sqft,,2,2 out of 12,,,1 Covered,,Neelkanth Chitrakut Greenville,,New Property
"4 BHK Flat  for Sale in  Tollygunge, Kolkata",₹2.98 Cr ,"₹15,259 per sqft ",1639 sqft,,4,,,,1 Covered,,Morya Phase 2,,New Property
"2 BHK Flat  for Sale in  Barrackpore, Kolkata",₹28.1 Lac ,"₹3,800 per sqft ",740 sqft,,2,,,,,,Purba Swarna Taree,,New Property
"2 BHK Flat  for Sale in  Rajarhat, Kolkata",₹33 Lac ,"₹3,915 per sqft ",843 sqft,,2,,,,1 Covered,,Bhagat Verdant,,New Property
"3 BHK Flat  for Sale in  Dum Dum, Kolkata",₹98.2 Lac ,"₹5,900 per sqft ",1664 sqft,Ready to Move,3,,,,1 Covered,,Shine Cennet,,New Property
"3 BHK Flat  for Sale in  Jessore Road, Kolkata",₹1.02 Cr ,"₹7,846 per sqft ",686 sqft,,2,,,,1 Covered,,Silver Ikon,,New Property
"3 BHK Flat  for Sale in  Kestopur, Kolkata",₹71.4 Lac ,"₹5,500 per sqft ",1299 sqft,,2,,,,1 Covered,,Krishna Kamdhenu,,New Property
"2 BHK Flat  for Sale in  Bansdroni, Kolkata",₹30.6 Lac ,"₹4,500 per sqft ",545 sqft,,2,,,,,,Tolly Garden,,New Property
"1 BHK Flat  for Sale in  Garia Station Road, Kolkata",₹24.2 Lac ,"₹4,500 per sqft ",538 sqft,,2,,,,1 Covered,,Aashray Glory,,New Property
"3 BHK Flat  for Sale in  Mukundapur, Kolkata",₹76.9 Lac ,"₹5,900 per sqft ",1304 sqft,Ready to Move,2,,,,1 Covered,,Bengal Abasan Urban Sabujayan,,New Property
"3 BHK Flat  for Sale in  Howrah, Kolkata",₹50.8 Lac ,"₹4,000 per sqft ",1269 sqft,,2,,,,1 Covered,,MARK,,New Property
"3 BHK Flat  for Sale in  Barasat, Kolkata",₹48.8 Lac ,"₹4,046 per sqft ",736 sqft,,3,,,,1 Covered,,Westroad Canvas,,New Property
"2 BHK Flat  for Sale in  Sodepur, Kolkata",₹25.8 Lac ,"₹3,000 per sqft ",860 sqft,Ready to Move,2,,,,1 Covered,,Mahaprabhu Nilay,,New Property
"4 BHK Flat  for Sale in  New Town, Kolkata",₹1.61 Cr ,"₹6,979 per sqft ",1537 sqft,,4,,,,1 Covered,,Kappa Beta,,New Property
"3 BHK Flat  for Sale in  Entally, Kolkata",₹1.64 Cr ,,975 sqft,,2,,,,1 Covered,,PS Jade Grove,,New Property
"3 BHK Flat  for Sale in  New Town, Kolkata",₹48.9 Lac ,,713 sqft,,2,,,,1 Covered,,Vinayak Rajhans,,New Property
"2 BHK Flat  for Sale in  Dum Dum, Kolkata",₹40.2 Lac ,"₹4,500 per sqft ",893 sqft,,2,,,,1 Covered,,Ganpati Sky View Residency,,New Property
"3 BHK Flat  for Sale in  Parnasree Palli, Kolkata",₹67.3 Lac ,"₹5,300 per sqft ",1270 sqft,,2,,,,1 Covered,,Estella The Landmaark,,New Property
"4 BHK Flat  for Sale in  Tangra, Kolkata",₹2.31 Cr ,"₹8,813 per sqft ",2621 sqft,Ready to Move,4,,,,1 Covered,,Ruchi Active Acres Angelica,,New Property
"3 BHK Flat  for Sale in  North 24 Parganas, Kolkata",₹40.6 Lac ,"₹3,328 per sqft ",1220 sqft,Ready to Move,2,,,,1 Covered,,Shyam Residency Prime,,New Property
"3 BHK Flat  for Sale in  New Town, Kolkata",₹58.5 Lac ,"₹5,600 per sqft ",1045 sqft,,3,,,,,,Rohra Imperial,,New Property
"2 BHK Flat  for Sale in  Rajarhat, Kolkata",₹53 Lac ,"₹7,465 per sqft ",609 sqft,,2,,,,"1 Covered,",,Supreme Residency,,New Property
"3 BHK Flat  for Sale in  Parnasree Palli, Kolkata",₹99 Lac ,"₹6,578 per sqft ",1011 sqft,,3,,,,1 Covered,,Parnasree Skyway,,New Property
"3 BHK Flat  for Sale in  Narendrapur Rajpur Sonarpur, Kolkata",₹74 Lac ,"₹5,623 per sqft ",1316 sqft,,2,,,,1 Covered,,Sanctum Harmony,,New Property
"3 BHK Flat  for Sale in  Madhyamgram, Kolkata",₹56.7 Lac ,"₹4,500 per sqft ",1259 sqft,,3,,,,1 Covered,,Adross Radharani Housing Complex,,New Property
"2 BHK Flat  for Sale in  Rajarhat, Kolkata",₹54 Lac ,"₹5,233 per sqft ",1032 sqft,,2,,,,,,Loharuka Urban Vista,,New Property
"2 BHK Flat  for Sale in  New Town, Kolkata",₹46.6 Lac ,"₹5,250 per sqft ",888 sqft,,2,,,,1 Covered,,HIVE URBAN UTOPIA,,New Property
"2 BHK Flat  for Sale in  Rajarhat, Kolkata",₹63.6 Lac ,"₹5,313 per sqft ",1197 sqft,,2,,,,1 Covered,,Team Taurus Singhaduar,,New Property
"3 BHK Flat  for Sale in  Rajarhat, Kolkata",₹1.15 Cr ,"₹8,302 per sqft ",870 sqft,,2,,,,1 Covered,,Pravya,,New Property
"1 BHK Flat  for Sale in  Dhakuria, Kolkata",₹20 Lac ,,467 sqft,Ready to Move,1,2 out of 2,,South - East,,,,Freehold,Resale
"2 BHK Flat  for Sale in  Noapara Sukanta Pally, Kolkata",₹40 Lac ,"₹5,031 per sqft ",795 sqft,Ready to Move,2,4 out of 5,"Garden/Park, Main Road",North,,1,Abakash Apartments,Freehold,Resale
"2 BHK Flat  for Sale in  Entally, Kolkata",₹75 Lac ,"₹5,769 per sqft ",1050 sqft,Ready to Move,2,4 out of 4,Main Road,North,1 Open,1,,Freehold,Resale
"3 BHK Flat  for Sale in  Rajarhat, Kolkata",₹1.55 Cr ,,950 sqft,Ready to Move,3,2 out of 10,"Pool, Garden/Park",North - East,,1,Loharuka Urban Greens Phase 2,Freehold,Resale
"2 BHK Flat  for Sale in  Ramgarh Colony, Kolkata",₹40 Lac ,"₹5,128 per sqft ",624 sqft,Ready to Move,2,2 out of 3,Pool,East,,1,,Freehold,Resale
"2 BHK Flat  for Sale in  Madhyamgram, Kolkata",₹57 Lac ,"₹6,376 per sqft ",894 sqft,Ready to Move,2,5 out of 12,,North,,1,,Freehold,Resale
"6 BHK Flat  for Sale in  Bijoygarh, Kolkata",₹88 Lac ,"₹4,190 per sqft ",2100 sqft,Ready to Move,3,2 out of 3,Main Road,East,,,,Freehold,Resale
2 BHK Flat  for Sale in   Kolkata,₹27.5 Lac ,"₹4,231 per sqft ",650 sqft,Ready to Move,1,4 out of 4,,South - East,,1,,Freehold,Resale
"1 BHK Flat  for Sale in  Rajarhat, Kolkata",₹27 Lac ,"₹4,655 per sqft ",380 sqft,Ready to Move,1,Ground out of 4,"Garden/Park, Main Road",,50 Open,1,Starlit Housing Complex,Co-operative Society,Resale
3 BHK Flat  for Sale in   Kolkata,₹55 Lac ,"₹4,092 per sqft ",1344 sqft,Ready to Move,2,5 out of 5,,,,,,,Resale
"2 BHK Flat  for Sale in  Rajarhat, Kolkata",₹49 Lac ,"₹4,712 per sqft ",1040 sqft,Ready to Move,2,2 out of 4,,,1 Covered,2,Vedic Village,,Resale
"1 BHK Flat  for Sale in  Kestopur, Kolkata",₹18 Lac ,"₹3,273 per sqft ",550 sqft,Ready to Move,1,Ground out of 4,,,,,,,Resale
"2 BHK Flat  for Sale in  Netaji Nagar, Kolkata",₹23.5 Lac ,"₹3,357 per sqft ",602 sqft,Ready to Move,1,4 out of 4,Main Road,East,,1,Amiya Apartment,Freehold,Resale
"2 BHK Flat  for Sale in  Fartabad, Garia, Kolkata",₹42 Lac ,"₹5,419 per sqft ",545 sqft,Ready to Move,2,1 out of 3,Main Road,East,1 Open,1,,Freehold,Resale
"2 BHK Flat  for Sale in  P Majumder Road, Haltu, Kolkata",₹50 Lac ,,720 sqft,Ready to Move,2,1 out of 3,,,,1,,,Resale
"2 BHK Flat  for Sale in  Thakurpukur, Kolkata",₹28 Lac ,,750 sqft,Ready to Move,2,Ground out of 3,,,,1,Gayatri Apartment,Freehold,Resale
"2 BHK Flat  for Sale in  Ganguly Bagan, Beliaghata, Kolkata",₹64 Lac ,"₹7,601 per sqft ",680 sqft,Ready to Move,2,Ground out of 3,,South - East,,1,,Freehold,Resale
"3 BHK Flat  for Sale in  Maheshtala, Kolkata",₹45 Lac ,"₹3,036 per sqft ",1482 sqft,Ready to Move,2,8 out of 13,"Pool, Garden/Park, Main Road",,,1,Purti Flowers,Freehold,Resale
"2 BHK Flat  for Sale in  Nabapally Barasat, Kolkata",₹10 Lac ,"₹1,667 per sqft ",550 sqft,Ready to Move,1,4 out of 5,,,,1,,,Resale
"2 BHK Flat  for Sale in  Jadavpur, Kolkata",₹24 Lac ,"₹4,528 per sqft ",424 sqft,Ready to Move,1,1 out of 3,,,,1,Sadhana Apartment,Freehold,Resale
"3 BHK Flat  for Sale in  New Town, Kolkata",₹95 Lac ,"₹6,419 per sqft ",1480 sqft,Ready to Move,2,2 out of 4,Main Road,West,,1,,Freehold,New Property
"2 BHK Flat  for Sale in  Belghoria, Kolkata",₹50 Lac ,"₹5,319 per sqft ",940 sqft,Ready to Move,2,1 out of 4,,,,1,Green Manor,,Resale
"6 BHK Flat  for Sale in  Ballygunge, Kolkata",₹18.50 Cr ,"₹28,462 per sqft ",4000 sqft,Ready to Move,7,21 out of 31,"Pool, Main Road",East,,2,PS The Reserve,Freehold,Resale
"1 BHK Flat  for Sale in  Bakultala Behala, Kolkata",₹13 Lac ,"₹2,500 per sqft ",520 sqft,Ready to Move,1,3 out of 3,,,,,,,Resale
"3 BHK Flat  for Sale in  Eastern Metropolitan Bypass, Kolkata",₹1.10 Cr ,"₹9,426 per sqft ",1167 sqft,Ready to Move,3,1 out of 11,,,,,Prasad Exotica,,Resale
"2 BHK Flat  for Sale in  Ganguly Bagan, Beliaghata, Kolkata",₹53 Lac ,"₹6,235 per sqft ",620 sqft,Ready to Move,2,1 out of 4,,East,,1,,Freehold,Resale
"3 BHK Flat  for Sale in  Sodepur, Kolkata",₹43 Lac ,"₹3,440 per sqft ",1250 sqft,Ready to Move,2,3 out of 6,,,,,,,Resale
"3 BHK Flat  for Sale in  Eastern Metropolitan Bypass, Kolkata",₹1.10 Cr ,"₹7,309 per sqft ",1130 sqft,Ready to Move,3,8 out of 12,Main Road,East,1 Open,3,,Freehold,Resale
"3 BHK Flat  for Sale in  Tollygunge, Kolkata",₹41.3 Lac ,"₹3,769 per sqft ",1095 sqft,,2,,,,1 Covered,,Mayfair Smart City Phase I Santorini,,New Property
"2 BHK Flat  for Sale in  Barasat, Kolkata",₹35.3 Lac ,"₹4,599 per sqft ",504 sqft,Ready to Move,2,11 out of 11,,,"1 Covered,",1,Fortune Heights Barasat,,New Property
"4 BHK Flat  for Sale in  Rajarhat, Kolkata",₹1.85 Cr ,"₹8,367 per sqft ",2211 sqft,Ready to Move,4,3 out of 4,"Pool, Garden/Park",,,2,Sanjeeva Tower,Freehold,Resale
"2 BHK Flat  for Sale in  Bishnupur Rajarhat, Kolkata",₹50 Lac ,"₹5,747 per sqft ",739 sqft,Ready to Move,2,1 out of 4,Main Road,South - East,,1,,Freehold,Resale
"2 BHK Flat  for Sale in  Rajarhat Main Road, Kolkata",₹65 Lac ,"₹6,533 per sqft ",800 sqft,Ready to Move,2,3 out of 10,Main Road,South,,1,Siddha Xanadu Condominium,Freehold,Resale
"2 BHK Flat  for Sale in  Baranagar, Kolkata",₹30 Lac ,"₹3,974 per sqft ",525 sqft,Ready to Move,1,1 out of 5,Main Road,North - East,,1,Trishna Apartment,Freehold,Resale
"1 BHK Flat  for Sale in  New Town, Kolkata",₹37 Lac ,"₹5,736 per sqft ",550 sqft,Ready to Move,1,8 out of 13,"Garden/Park, Main Road",East,,1,,Co-operative Society,Resale
"2 BHK Flat  for Sale in  Maheshtala, Kolkata",₹35 Lac ,"₹4,118 per sqft ",850 sqft,Ready to Move,2,5 out of 12,,,,1,HILAND ELGIN,,Resale
"2 BHK Flat  for Sale in  Naktala, Garia, Kolkata",₹45 Lac ,"₹6,250 per sqft ",720 sqft,Ready to Move,2,3 out of 3,Main Road,,,1,Naktala,Freehold,Resale
"2 BHK Flat  for Sale in  Nayabad, Kolkata",₹38 Lac ,"₹4,878 per sqft ",620 sqft,Ready to Move,2,3 out of 4,Garden/Park,South -West,,1,,Freehold,Resale
"3 BHK Flat  for Sale in  Madhyamgram, Kolkata",₹50 Lac ,"₹4,735 per sqft ",950 sqft,Ready to Move,2,2 out of 7,Garden/Park,South - East,,1,Srijan Eternia,Freehold,Resale
"2 BHK Flat  for Sale in  Rajarhat, Kolkata",₹45 Lac ,"₹4,327 per sqft ",1040 sqft,Ready to Move,2,5 out of 5,Garden/Park,West,,2,IVY Greens,Freehold,Resale
"4 BHK Flat  for Sale in  Tollygunge, Kolkata",₹4.97 Cr ,"₹17,750 per sqft ",2800 sqft,Ready to Move,5,21 out of 27,"Pool, Garden/Park, Main Road",South - East,,2,Belani NPR Sanctuary,Leasehold,Resale
"3 BHK Flat  for Sale in  Chinar Park, Rajarhat, Kolkata",₹1.25 Cr ,"₹9,690 per sqft ",890 sqft,Ready to Move,2,8 out of 13,Main Road,East,1 Open,1,Siddha Galaxia Phase 2,Freehold,Resale
"3 BHK Flat  for Sale in  Rajarhat, Kolkata",₹1.19 Cr ,"₹9,917 per sqft ",1200 sqft,Ready to Move,2,10 out of 10,"Garden/Park, Pool, Main Road",South - East,1 Covered,1,Loharuka Urban Greens Phase 2,Freehold,Resale
"2 BHK Flat  for Sale in  New Town, Kolkata",₹86 Lac ,"₹8,986 per sqft ",957 sqft,Ready to Move,2,15 out of 18,,North - East,1 Open,1,Tata Eden Court,Freehold,Resale
"3 BHK Flat  for Sale in  Tollygunge, Kolkata",₹1.75 Cr ,"₹10,607 per sqft ",1650 sqft,Ready to Move,3,15 out of 16,"Garden/Park, Pool, Main Road",South - East,1 Covered,1,Tolly Exotica,Freehold,New Property
"3 BHK Flat  for Sale in  New Town, Kolkata",₹1.05 Cr ,"₹8,307 per sqft ",1264 sqft,Ready to Move,2,12 out of 21,"Pool, Garden/Park, Main Road",East,,1,Tata Eden Court,Freehold,Resale
"2 BHK Flat  for Sale in  Ballygunge, Kolkata",₹1.50 Cr ,"₹10,000 per sqft ",1200 sqft,Ready to Move,2,4 out of 8,Garden/Park,South,1 Covered,1,,Freehold,Resale
"2 BHK Flat  for Sale in  Southern Avenue, Kolkata",₹1 Cr ,"₹9,091 per sqft ",1100 sqft,Ready to Move,2,3 out of 4,,North - West,1 Covered,1,,Freehold,Resale
"3 BHK Flat  for Sale in  Bangur Avenue, Lake Town, Kolkata",₹80 Lac ,"₹6,667 per sqft ",1200 sqft,Ready to Move,2,4 out of 7,,North,,1,,Freehold,Resale
"2 BHK Flat  for Sale in  Behala, Kolkata",₹26 Lac ,"₹2,562 per sqft ",1015 sqft,Ready to Move,2,2 out of 3,Garden/Park,East,,1,,Freehold,Resale
"3 BHK Flat  for Sale in  Madurdaha, Hussainpur, Kolkata",₹56 Lac ,"₹5,333 per sqft ",1050 sqft,Ready to Move,2,2 out of 4,Main Road,North - West,,1,,Freehold,Resale
"3 BHK Flat  for Sale in  Motijheel, Kolkata",₹1.80 Cr ,"₹14,343 per sqft ",1255 sqft,Ready to Move,3,10 out of 14,Garden/Park,East,1 Covered,,Primac Aangan,Freehold,Resale
"2 BHK Flat  for Sale in  Behala, Kolkata",₹22 Lac ,"₹3,385 per sqft ",650 sqft,Ready to Move,2,Ground out of 4,,,,1,,,Resale
"4 BHK Flat  for Sale in  New Town, Kolkata",₹3 Cr ,"₹16,667 per sqft ",1499 sqft,Ready to Move,4,8 out of 19,"Pool, Main Road",South - East,,2,PS ONE10,Freehold,Resale
"2 BHK Flat  for Sale in  Baranagar, Kolkata",₹60 Lac ,"₹5,254 per sqft ",920 sqft,Ready to Move,2,2 out of 4,,,,1,,,Resale
"2 BHK Flat  for Sale in  Paikpara, Kolkata",₹1.30 Cr ,"₹16,250 per sqft ",625 sqft,Ready to Move,2,4 out of 4,"Garden/Park, Main Road",East,,,,Leasehold,Resale
"2 BHK Flat  for Sale in  Kalikapur Haltu, Kolkata",₹55 Lac ,"₹5,451 per sqft ",1009 sqft,Ready to Move,2,1 out of 3,,,1 Covered,1,,,Resale
"2 BHK Flat  for Sale in  Gariahat, Kolkata",₹1.20 Cr ,"₹9,231 per sqft ",1000 sqft,Ready to Move,2,1 out of 3,,,,1,,,Resale
2 BHK Flat  for Sale in   Kolkata,₹48 Lac ,"₹4,000 per sqft ",1000 sqft,Ready to Move,2,4 out of 4,Main Road,South - East,,1,,Freehold,Resale
"2 BHK Flat  for Sale in  Bramhapur, Kolkata",₹20 Lac ,,500 sqft,Ready to Move,1,2 out of 3,,South - East,,1,Niva Park Phase II,Freehold,Resale
"3 BHK Flat  for Sale in  Action Area 1, Kolkata",₹1.50 Cr ,"₹10,000 per sqft ",1150 sqft,Ready to Move,2,4 out of 4,,,,1,,,Resale
2 BHK Flat  for Sale in   Kolkata,₹33 Lac ,"₹3,667 per sqft ",820 sqft,Ready to Move,2,1 out of 4,,,,1,,,Resale
2 BHK Flat  for Sale in   Kolkata,₹24.9 Lac ,"₹4,016 per sqft ",580 sqft,Ready to Move,1,4 out of 5,,South - East,,1,,,Resale
"2 BHK Flat  for Sale in  Raigachi, Kolkata",₹57 Lac ,"₹6,116 per sqft ",712 sqft,Ready to Move,2,1 out of 13,Main Road,West,,1,,Freehold,New Property
"2 BHK Flat  for Sale in  Bediapara South Dumdum, Kolkata",₹27 Lac ,"₹3,852 per sqft ",526 sqft,Ready to Move,2,3 out of 4,,South -West,,1,,Leasehold,Resale
"2 BHK Flat  for Sale in  Netaji Nagar, Kolkata",₹35 Lac ,"₹4,375 per sqft ",790 sqft,Ready to Move,1,3 out of 4,,,,1,Netaji Metro,,Resale
1 BHK Flat  for Sale in   Kolkata,₹15 Lac ,"₹3,191 per sqft ",353 sqft,Ready to Move,1,4 out of 5,Main Road,West,,1,,Freehold,Resale
"2 BHK Flat  for Sale in  Kankurgachi, Kolkata",₹1.30 Cr ,"₹12,733 per sqft ",817 sqft,Ready to Move,2,5 out of 10,"Garden/Park, Pool",East,,1,Udvita The Condoville,Freehold,Resale
"3 BHK Flat  for Sale in  Rishra, Kolkata",₹75 Lac ,"₹8,484 per sqft ",800 sqft,Ready to Move,2,1 out of 4,,,,,Abhishek Apartment,,Resale
"4 BHK Flat  for Sale in  Alipore, Kolkata",₹3.25 Cr ,"₹11,364 per sqft ",2299 sqft,Ready to Move,4,5 out of 8,"Garden/Park, Main Road",East,1 Open,1,Diamond Tower Apartment,Freehold,Resale
"2 BHK Flat  for Sale in  Barasat, Kolkata",₹21.5 Lac ,"₹2,756 per sqft ",780 sqft,Ready to Move,1,1 out of 4,Main Road,South,,1,,Freehold,Resale
"3 BHK Flat  for Sale in  Kalyani, Kolkata",₹36 Lac ,"₹2,880 per sqft ",1050 sqft,Ready to Move,2,3 out of 4,,East,,1,,,Resale
"3 BHK Flat  for Sale in  Behala, Kolkata",₹45 Lac ,,1000 sqft,Ready to Move,2,3 out of 3,,,,,,,Resale
"2 BHK Flat  for Sale in  Tollygunge, Kolkata",₹90 Lac ,"₹7,200 per sqft ",1250 sqft,Ready to Move,2,1 out of 4,,South,1 Covered,1,,Freehold,Resale
"2 BHK Flat  for Sale in  Ripon Street, Kolkata",₹62 Lac ,"₹12,157 per sqft ",510 sqft,Ready to Move,1,4 out of 5,Main Road,North,,,,Freehold,Resale
"2 BHK Flat  for Sale in  Chinsurah, Kolkata",₹85 Lac ,"₹7,216 per sqft ",1178 sqft,Ready to Move,2,4 out of 5,,,,,,,Resale
"2 BHK Flat  for Sale in  Golaghata, Kolkata",₹42 Lac ,"₹4,421 per sqft ",870 sqft,Ready to Move,2,2 out of 5,Main Road,South - East,1 Open,1,,Freehold,Other
2 BHK Flat  for Sale in   Kolkata,₹35 Lac ,"₹3,395 per sqft ",1031 sqft,Ready to Move,2,2 out of 4,,,,,,,Resale
"2 BHK Flat  for Sale in  Hiland Park, Kolkata",₹45 Lac ,"₹5,294 per sqft ",550 sqft,Ready to Move,2,Ground out of 5,Main Road,South - East,,1,Samridhi Apartment,Freehold,Resale
3 BHK Flat  for Sale in   Kolkata,₹75 Lac ,"₹5,556 per sqft ",1050 sqft,Ready to Move,2,2 out of 4,,,,1,,,Resale
"3 BHK Flat  for Sale in  Ghosh Para Kestopur, Kolkata",₹66.6 Lac ,"₹5,806 per sqft ",860 sqft,Ready to Move,2,2 out of 5,"Garden/Park, Pool, Main Road",North - West,1 Covered,2,Meridian Chitrakut Dham,Freehold,Resale
"2 BHK Flat  for Sale in  Garia Station Road, Kolkata",₹29 Lac ,"₹4,496 per sqft ",505 sqft,Ready to Move,2,4 out of 4,,,,,,,Resale
"2 BHK Flat  for Sale in  New Town, Kolkata",₹1.15 Cr ,"₹12,778 per sqft ",675 sqft,Ready to Move,1,12 out of 12,Main Road,North - East,,,Shrachi Greenwood Nest,Freehold,Resale
"2 BHK Flat  for Sale in  Sinthee, Kolkata",₹95 Lac ,"₹9,794 per sqft ",627 sqft,Ready to Move,2,2 out of 11,,North - East,1 Covered,1,Orbit Lumiere,Freehold,Resale
"2 BHK Flat  for Sale in  Garia Station Road, Kolkata",₹50 Lac ,"₹5,030 per sqft ",700 sqft,Ready to Move,2,2 out of 3,Main Road,South - East,1 Covered,1,,Freehold,Resale
"2 BHK Flat  for Sale in  South Dumdum, Kolkata",₹31 Lac ,,824 sqft,Ready to Move,1,2 out of 5,,,,1,Rony Apartment,,Resale
"2 BHK Flat  for Sale in  Sodepur, Kolkata",₹35 Lac ,"₹4,364 per sqft ",676 sqft,Ready to Move,2,1 out of 4,"Garden/Park, Main Road",South - East,,1,,Freehold,Resale
"2 BHK Flat  for Sale in  Purbalok, Mukundapur, Kolkata",₹70 Lac ,,1049 sqft,Ready to Move,2,4 out of 4,,,,1,Bengal Urban Sabujayan Phase II,,Resale
"2 BHK Flat  for Sale in  Behala, Kolkata",₹32 Lac ,"₹3,765 per sqft ",850 sqft,Ready to Move,2,2 out of 4,,,,,,,Resale
"3 BHK Flat  for Sale in  Behala, Kolkata",₹80 Lac ,"₹7,619 per sqft ",1050 sqft,Ready to Move,2,12 out of 13,,,,,South City Garden,,Resale
"2 BHK Flat  for Sale in  Konnagar, Kolkata",₹20.5 Lac ,"₹2,543 per sqft ",806 sqft,Ready to Move,2,2 out of 5,,,,,,,Resale
"3 BHK Flat  for Sale in  Narendrapur Rajpur Sonarpur, Kolkata",₹50 Lac ,"₹3,846 per sqft ",1300 sqft,Ready to Move,2,2 out of 4,,,,,,,Resale
"1 BHK Flat  for Sale in  Salua, Kolkata",₹32 Lac ,"₹5,508 per sqft ",525 sqft,Ready to Move,1,2 out of 5,,,,1,Sun Plaza,,Resale
"1 BHK Flat  for Sale in  Baruipur, Kolkata",₹20 Lac ,"₹4,854 per sqft ",412 sqft,Ready to Move,1,4 out of 4,,,,1,Eden Meghbalika,,Resale
3 BHK Flat  for Sale in   Kolkata,₹1.08 Cr ,"₹8,000 per sqft ",1125 sqft,Ready to Move,3,1 out of 2,,,,1,,,Resale
"2 BHK Flat  for Sale in  Tetultala Agarpara, Kolkata",₹18 Lac ,"₹2,187 per sqft ",823 sqft,Ready to Move,2,1 out of 3,Main Road,East,,1,,Freehold,Resale
"3 BHK Flat  for Sale in  Rajarhat, Kolkata",₹34 Lac ,"₹3,238 per sqft ",1050 sqft,Ready to Move,2,2 out of 4,,,,,,,Resale
"5 BHK Flat  for Sale in  Lake Town, Kolkata",₹93 Lac ,"₹3,100 per sqft ",3000 sqft,Ready to Move,4,3 out of 3,,,,2,,,Resale
"3 BHK Flat  for Sale in  Kamalgazi Sonarpur Road, Kolkata",₹72 Lac ,"₹5,873 per sqft ",1010 sqft,Ready to Move,2,4 out of 4,"Garden/Park, Pool",South,,2,Paradise Bijay Residency,Freehold,New Property
3 BHK Flat  for Sale in   Kolkata,₹1.50 Cr ,"₹9,804 per sqft ",1530 sqft,Ready to Move,4,2 out of 15,Main Road,East,1 Open,,,Freehold,Resale
"2 BHK Flat  for Sale in  Sodepur, Kolkata",₹21 Lac ,"₹3,415 per sqft ",580 sqft,Ready to Move,1,1 out of 4,,,,1,,Freehold,Resale
"3 BHK Flat  for Sale in  Jadavpur Central Road, Kolkata",₹66 Lac ,"₹6,286 per sqft ",1050 sqft,Ready to Move,2,3 out of 4,Main Road,East,,2,,Freehold,Resale
2 BHK Flat  for Sale in   Kolkata,₹34.5 Lac ,"₹4,759 per sqft ",580 sqft,Ready to Move,2,3 out of 3,"Garden/Park, Main Road",East,,1,,Freehold,Resale
"2 BHK Flat  for Sale in  Maheshtala, Kolkata",₹42 Lac ,"₹4,286 per sqft ",712 sqft,Ready to Move,2,10 out of 14,Garden/Park,East,,1,Hiland Greens,Freehold,Resale
"3 BHK Flat  for Sale in  Picnic Garden, Tiljala, Kolkata",₹75 Lac ,"₹6,818 per sqft ",1100 sqft,Ready to Move,2,,,,1 Covered,1,,,Resale
"2 BHK Flat  for Sale in  New Town, Kolkata",₹62 Lac ,"₹7,939 per sqft ",781 sqft,Ready to Move,2,11 out of 12,"Garden/Park, Pool, Main Road",South - East,,1,ATK Wood Winds,Freehold,Resale
"3 BHK Flat  for Sale in  Ramgarh Garia, Kolkata",₹60 Lac ,"₹5,455 per sqft ",1100 sqft,Ready to Move,2,3 out of 3,,South,,1,,,Resale
"3 BHK Flat  for Sale in  Bhangar, Kolkata",₹35 Lac ,"₹3,821 per sqft ",916 sqft,Ready to Move,2,4 out of 8,"Pool, Garden/Park, Main Road",South,,1,Simoco Sanhita Housing Complex Commercial,Freehold,Resale
"2 BHK Flat  for Sale in  Kestopur, Kolkata",₹35 Lac ,"₹3,889 per sqft ",900 sqft,Ready to Move,2,6 out of 6,,,1 Open,1,,,Resale
"3 BHK Flat  for Sale in  Ichapur Howrah, Kolkata",₹30 Lac ,"₹3,529 per sqft ",780 sqft,Ready to Move,2,Upper Basement out of 3,,,,1,,,Resale
3 BHK Flat  for Sale in   Kolkata,₹37.5 Lac ,"₹3,409 per sqft ",920 sqft,Ready to Move,2,3 out of 5,Main Road,South - East,,1,,Freehold,Resale
2 BHK Flat  for Sale in   Kolkata,₹30 Lac ,"₹3,846 per sqft ",780 sqft,Ready to Move,2,2 out of 4,,,,1,,,Resale
"2 BHK Flat  for Sale in  Garia, Kolkata",₹32 Lac ,"₹4,969 per sqft ",516 sqft,Ready to Move,2,2 out of 5,,,,1,South High Apartment,,Resale
"2 BHK Flat  for Sale in  New Town, Kolkata",₹78.5 Lac ,"₹9,096 per sqft ",863 sqft,Ready to Move,2,4 out of 6,,,,,Malati Apartment,,Resale
3 BHK Flat  for Sale in   Kolkata,₹72 Lac ,"₹6,406 per sqft ",1124 sqft,Ready to Move,2,4 out of 4,,,,1,,,Resale
"3 BHK Flat  for Sale in  Lahabagan Prantik Pally, Kolkata",₹55 Lac ,₹409 per sqft ,1250 sqm,Ready to Move,2,2 out of 3,Main Road,South - East,,1,,,Resale
"3 BHK Flat  for Sale in  Dunlop, Dakshineswar, Belgharia Expressway, Kolkata",₹71 Lac ,"₹6,437 per sqft ",741 sqft,,2,4 out of 5,,South -West,,2,,Freehold,New Property
"2 BHK Flat  for Sale in  Dankuni, Kolkata",₹25 Lac ,"₹3,472 per sqft ",600 sqft,Ready to Move,1,Ground out of 4,,,,1,Dankuni Government Housing Complex,,Resale
"2 BHK Flat  for Sale in  Nainan Para Baranagar, Kolkata",₹30 Lac ,"₹4,000 per sqft ",700 sqft,Ready to Move,2,3 out of 3,Main Road,South - East,,1,,Freehold,Resale
"3 BHK Flat  for Sale in  Shree Bhumi, Patipukur, Kolkata",₹1.21 Cr ,"₹6,368 per sqft ",1700 sqft,Ready to Move,3,2 out of 4,Main Road,South,1 Covered,2,,Freehold,Resale
"3 BHK Flat  for Sale in  Narayanpur, Kolkata",₹55 Lac ,"₹4,400 per sqft ",1250 sqft,Ready to Move,2,4 out of 6,Main Road,South -West,,1,Swagat Aashiyana,Freehold,Resale
2 BHK Flat  for Sale in   Kolkata,₹24.5 Lac ,,692 sqft,Ready to Move,2,4 out of 5,,,,1,,,Resale
"5 BHK Flat  for Sale in  Central Avenue, Kolkata",₹1.90 Cr ,"₹5,429 per sqft ",3500 sqft,Ready to Move,5,2 out of 4,,,,,,,Resale
"3 BHK Flat  for Sale in  Sector 5 Salt Lake City, Kolkata",₹3.10 Cr ,"₹19,910 per sqft ",1557 sqft,Ready to Move,4,22 out of 26,Main Road,East,1 Covered,,Merlin The Fourth,Freehold,Resale
"2 BHK Flat  for Sale in  Birati, Kolkata",₹22 Lac ,"₹3,514 per sqft ",490 sqft,Ready to Move,1,4 out of 4,,,,1,Jinia Snehalata Apartment,,Resale
3 BHK Flat  for Sale in   Kolkata,₹25 Lac ,"₹2,729 per sqft ",916 sqft,Ready to Move,2,2 out of 7,"Garden/Park, Main Road",,1 Covered,1,Simoco Sanhita Housing Complex Commercial,Freehold,Resale
"2 BHK Flat  for Sale in  Ganguly Bagan, Beliaghata, Kolkata",₹33 Lac ,,640 sqft,Ready to Move,1,3 out of 3,,,,1,,,Resale
"2 BHK Flat  for Sale in  Bosepukur Road, Kolkata",₹45 Lac ,"₹4,500 per sqft ",800 sqft,Ready to Move,2,3 out of 3,Main Road,South - East,,,,Freehold,Resale
"2 BHK Flat  for Sale in  Jadavpur, Kolkata",₹70 Lac ,"₹7,527 per sqft ",930 sqft,Ready to Move,2,3 out of 4,,,,2,,,Resale
"2 BHK Flat  for Sale in  Sree Colony, Kolkata",₹67 Lac ,,1050 sqft,Ready to Move,2,2 out of 4,,,,1,,,Resale
"3 BHK Flat  for Sale in  Rajarhat Main Road, Kolkata",₹50 Lac ,"₹2,941 per sqft ",1420 sqft,Ready to Move,2,3 out of 5,Main Road,North - West,,5,,Freehold,Resale
"4 BHK Flat  for Sale in  Tollygunge Karunamoyee, Kolkata",₹2.40 Cr ,"₹11,572 per sqft ",2074 sqft,Ready to Move,4,6 out of 21,"Main Road, Pool",South,,1,Alcove Tower 5,Freehold,Resale
"2 BHK Flat  for Sale in  Nagerbazar, Kolkata",₹32 Lac ,"₹4,140 per sqft ",773 sqft,Ready to Move,2,1 out of 3,,,,1,,Freehold,Resale
"2 BHK Flat  for Sale in  Dakshinpara Satgachi, Kolkata",₹45 Lac ,"₹5,562 per sqft ",559 sqft,Ready to Move,2,3 out of 3,,North - West,,1,,Freehold,Resale
"2 BHK Flat  for Sale in  Bagnan Amta Road, Kolkata",₹32 Lac ,"₹3,765 per sqft ",708 sqft,Ready to Move,1,5 out of 7,,,,1,,Freehold,Resale
"2 BHK Flat  for Sale in  Haridevpur, Paschim Putiary, Kolkata",₹48 Lac ,"₹5,749 per sqft ",700 sqft,Ready to Move,2,1 out of 3,,South - East,,1,,,Resale
"3 BHK Flat  for Sale in  Maheshtala, Kolkata",₹36 Lac ,"₹4,031 per sqft ",725 sqft,Ready to Move,2,1 out of 4,Garden/Park,East,1 Covered,1,Srijan Green Field City,Freehold,Resale
"1 BHK Flat  for Sale in  Panditiya Road, Kolkata",₹45 Lac ,"₹6,000 per sqft ",600 sqft,Ready to Move,2,4 out of 4,,,,,,,Resale
"4 BHK Flat  for Sale in  Entally, Kolkata",₹1.15 Cr ,"₹8,550 per sqft ",1150 sqft,Ready to Move,2,1 out of 6,"Garden/Park, Main Road",South - East,,1,,Freehold,Resale
"3 BHK Flat  for Sale in  Kestopur, Kolkata",₹86 Lac ,"₹6,842 per sqft ",1257 sqft,Ready to Move,2,3 out of 5,Main Road,East,1 Covered,2,SD Tower,Freehold,Resale
"2 BHK Flat  for Sale in  Serampore, Kolkata",₹30 Lac ,"₹3,261 per sqft ",670 sqft,Ready to Move,2,3 out of 5,Main Road,North - East,,2,,Freehold,Resale
"2 BHK Flat  for Sale in  Bansdroni, Kolkata",₹30 Lac ,"₹4,000 per sqft ",600 sqft,Ready to Move,2,2 out of 3,,East,,,,Freehold,Resale
"3 BHK Flat  for Sale in  Eastern Metropolitan Bypass, Kolkata",₹2.35 Cr ,"₹15,932 per sqft ",1180 sqft,Ready to Move,2,22 out of 46,Main Road,South - East,,2,Bengal Peerless Avidipta Phase 2,Freehold,Resale
"2 BHK Flat  for Sale in  Ballygunge, Kolkata",₹50 Lac ,"₹7,143 per sqft ",700 sqft,Ready to Move,2,2 out of 4,Main Road,East,1 Covered,1,,Freehold,Resale
"3 BHK Flat  for Sale in  Rajarhat, Kolkata",₹1.40 Cr ,"₹8,434 per sqft ",1660 sqft,Ready to Move,3,2 out of 12,,South - East,,2,Salarpuria Silver Oak Estate,Co-operative Society,Resale
3 BHK Flat  for Sale in   Kolkata,₹1.75 Cr ,"₹10,294 per sqft ",1500 sqft,Ready to Move,3,6 out of 6,Main Road,,,2,,Freehold,Resale
"4 BHK Flat  for Sale in  Belghoria Expressway, Kolkata",₹1.05 Cr ,"₹6,119 per sqft ",1716 sqft,Ready to Move,4,3 out of 6,,,,,Kendriya Vihar Phase 2,,Resale
"2 BHK Flat  for Sale in  Jawpur, South Dum Dum, Kolkata",₹42 Lac ,"₹4,035 per sqft ",1041 sqft,Ready to Move,2,3 out of 5,Garden/Park,South,,1,Classic Apartment,Freehold,Resale
"2 BHK Flat  for Sale in  Parnasree Palli, Kolkata",₹45 Lac ,"₹4,286 per sqft ",1050 sqft,Ready to Move,2,2 out of 3,,,,,,,Resale
"2 BHK Flat  for Sale in  Malancha Mahi Nagar, Kolkata",₹25 Lac ,"₹2,632 per sqft ",850 sqft,Ready to Move,2,3 out of 3,Main Road,South - East,,1,,Freehold,Resale
"4 BHK Flat  for Sale in  Dobson Road, Kolkata",₹1.10 Cr ,"₹5,069 per sqft ",1980 sqft,Ready to Move,3,2 out of 6,Main Road,South,,2,,Freehold,Resale
"3 BHK Flat  for Sale in  Rajpur Sonarpur, Kolkata",₹45 Lac ,"₹3,982 per sqft ",847 sqft,Ready to Move,2,2 out of 7,"Garden/Park, Pool",East,1 Open,2,Deeshari Megacity Phase 1,Freehold,Resale
"2 BHK Flat  for Sale in  Ranganathpur, Joka, Kolkata",₹34 Lac ,"₹5,484 per sqft ",369 sqft,Ready to Move,1,10 out of 18,Main Road,South,1 Covered,1,Eden Solaris Joka Phase 1,Freehold,Resale
"4 BHK Flat  for Sale in  Alipore, Kolkata",₹2.70 Cr ,"₹11,157 per sqft ",1960 sqft,Ready to Move,4,2 out of 4,"Garden/Park, Main Road",North,,2,,Freehold,Resale
"3 BHK Flat  for Sale in  Rajarhat, Kolkata",₹1.25 Cr ,"₹12,488 per sqft ",800 sqft,Ready to Move,3,3 out of 13,"Garden/Park, Pool",South - East,,1,Loharuka Urban Greens Phase 2,Freehold,Resale
"3 BHK Flat  for Sale in  Diamond Harbour Road, Kolkata",₹2.50 Cr ,"₹14,245 per sqft ",1404 sqft,Ready to Move,3,4 out of 12,Main Road,South - East,1 Covered,1,Ideal Towers,Freehold,Resale
"2 BHK Flat  for Sale in  Rajarhat, Kolkata",₹48 Lac ,"₹5,172 per sqft ",698 sqft,Ready to Move,1,1 out of 3,Main Road,North - West,1 Open,1,Pratima Apartment,Freehold,Resale
3 BHK Flat  for Sale in   Kolkata,₹50 Lac ,"₹3,631 per sqft ",1080 sqft,Ready to Move,2,6 out of 15,"Main Road, Garden/Park, Pool",South - East,,1,Eden City Maheshtala,Freehold,Resale
"2 BHK Flat  for Sale in  Sodepur, Kolkata",₹35 Lac ,"₹4,430 per sqft ",790 sqft,Ready to Move,2,1 out of 4,Garden/Park,North,,1,Peerless Nagar,Freehold,Resale
"2 BHK Flat  for Sale in  Tiljala, Kolkata",₹65 Lac ,"₹8,333 per sqft ",624 sqft,Ready to Move,2,3 out of 5,,,,1,,,Resale
"3 BHK Flat  for Sale in  Noapara Sukanta Pally, Kolkata",₹75 Lac ,"₹5,859 per sqft ",1280 sqft,Ready to Move,2,5 out of 5,,,,1,Vinayak Residency,,Resale
"4 BHK Flat  for Sale in  Manicktala Machuabazar, Kolkata",₹4.50 Cr ,"₹16,358 per sqft ",2751 sqft,Ready to Move,4,24 out of 24,"Garden/Park, Pool, Main Road",,,1,Ramsnehi Unimark Tower,Freehold,Resale
"1 BHK Flat  for Sale in  Howrah, Kolkata",₹23 Lac ,"₹3,710 per sqft ",620 sqft,Ready to Move,1,5 out of 6,,,,,,,Resale
"4 BHK Flat  for Sale in  Mukundapur, Kolkata",₹4.50 Cr ,"₹16,112 per sqft ",1965 sqft,Ready to Move,4,43 out of 46,"Garden/Park, Pool, Main Road",North,2 Covered,3,,Freehold,Resale
"3 BHK Flat  for Sale in  Eastern Metropolitan Bypass, Kolkata",₹2.30 Cr ,"₹8,846 per sqft ",1612 sqft,Ready to Move,2,17 out of 17,Main Road,East,,2,Bengal Peerless Avidipta,Freehold,Resale
"3 BHK Flat  for Sale in  Sapuipara, Kolkata",₹63 Lac ,"₹7,875 per sqft ",800 sqft,Ready to Move,2,1 out of 3,,,,,,,Resale
2 BHK Flat  for Sale in   Kolkata,₹39 Lac ,"₹6,500 per sqft ",600 sqft,Ready to Move,2,2 out of 3,,,,,,,Resale
"3 BHK Flat  for Sale in  Madurdaha, Hussainpur, Kolkata",₹1.10 Cr ,"₹7,166 per sqft ",1535 sqft,Ready to Move,2,2 out of 3,"Garden/Park, Main Road",South,,1,,Freehold,Resale
"3 BHK Flat  for Sale in  New Alipore, Kolkata",₹1.30 Cr ,"₹10,621 per sqft ",1224 sqft,Ready to Move,2,2 out of 12,Garden/Park,North,1 Covered,2,Srijan Natura,Freehold,Resale
"2 BHK Flat  for Sale in  Dhopapara Parnasree Palli, Kolkata",₹70 Lac ,"₹6,604 per sqft ",740 sqft,Ready to Move,2,4 out of 4,Main Road,South -West,,1,,Freehold,Resale
2 BHK Flat  for Sale in   Kolkata,₹47 Lac ,"₹5,649 per sqft ",750 sqft,Ready to Move,2,2 out of 4,Main Road,South - East,,1,,Freehold,Resale
"2 BHK Flat  for Sale in  Kestopur, Kolkata",₹53 Lac ,"₹6,667 per sqft ",795 sqft,Ready to Move,2,3 out of 6,"Pool, Garden/Park",East,,1,Meridian Chitrakut Dham,,Resale
"3 BHK Flat  for Sale in  Tegharia Baguiati, Kolkata",₹61 Lac ,"₹4,807 per sqft ",1050 sqft,Ready to Move,2,1 out of 5,Garden/Park,South - East,,1,Biswanath Abasan,Freehold,Resale
"2 BHK Flat  for Sale in  Sonarpur Station Road, Kolkata",₹49.5 Lac ,"₹5,077 per sqft ",975 sqft,Ready to Move,2,10 out of 14,Garden/Park,,,1,Ideal Aurum,,Resale
"1 BHK Flat  for Sale in  Patipukur, Kolkata",₹13 Lac ,,500 sqft,Ready to Move,1,4 out of 5,,,,1,,,Resale
"4 BHK Flat  for Sale in  Belghoria Expressway, Kolkata",₹1.06 Cr ,"₹6,177 per sqft ",1716 sqft,Ready to Move,4,3 out of 6,"Garden/Park, Main Road",South - East,,4,Kendriya Vihar Phase 2,Co-operative Society,Resale
"4 BHK Flat  for Sale in  Tollygunge, Kolkata",₹3 Cr ,"₹13,889 per sqft ",2160 sqft,Ready to Move,3,5 out of 10,Garden/Park,South - East,"1 Covered,",,City High,Freehold,Resale
3 BHK Flat  for Sale in   Kolkata,₹28 Lac ,"₹3,294 per sqft ",850 sqft,Ready to Move,2,3 out of 5,Main Road,South,,1,,Freehold,Resale
"2 BHK Flat  for Sale in  Kasba, Kolkata",₹53 Lac ,"₹5,048 per sqft ",1050 sqft,Ready to Move,2,2 out of 4,Main Road,East,1 Covered,,,Freehold,Resale
2 BHK Flat  for Sale in   Kolkata,₹28 Lac ,"₹3,373 per sqft ",663 sqft,Ready to Move,1,Ground out of 4,,North - East,,,,Freehold,Resale
2 BHK Flat  for Sale in   Kolkata,₹75 Lac ,"₹6,881 per sqft ",1090 sqft,Ready to Move,2,4 out of 11,,,,,,,Resale
"2 BHK Flat  for Sale in  Baguiati, Kolkata",₹23 Lac ,"₹3,966 per sqft ",500 sqft,Ready to Move,2,2 out of 3,,North - East,,1,Manashi Apartment,Freehold,Resale
"2 BHK Flat  for Sale in  Safui Para, Kolkata",₹43 Lac ,"₹5,375 per sqft ",630 sqft,Ready to Move,2,3 out of 3,"Garden/Park, Main Road",South,,1,,Freehold,New Property
"3 BHK Flat  for Sale in  Rajarhat, Kolkata",₹63 Lac ,"₹5,780 per sqft ",925 sqft,Ready to Move,2,4 out of 5,,,,1,Meena Garden,,Resale
"3 BHK Flat  for Sale in  Nandan Kanan Santoshpur, Kolkata",₹75 Lac ,"₹6,068 per sqft ",1236 sqft,Ready to Move,3,3 out of 4,Main Road,North - West,1 Covered,,,Freehold,Resale
9 BHK Flat  for Sale in   Kolkata,₹1.60 Cr ,"₹3,333 per sqft ",4000 sqft,Ready to Move,6,1 out of 3,Main Road,North - East,,,,Freehold,Resale
"3 BHK Flat  for Sale in  Behala, Kolkata",₹61 Lac ,"₹5,446 per sqft ",1120 sqft,Ready to Move,2,2 out of 3,Main Road,South,,,,Freehold,Resale
"2 BHK Flat  for Sale in  Ramkrishna Pally Panihati, Kolkata",₹21 Lac ,"₹3,000 per sqft ",525 sqft,Ready to Move,2,3 out of 5,,South,,1,,Freehold,New Property
2 BHK Flat  for Sale in   Kolkata,₹15 Lac ,"₹2,083 per sqft ",720 sqft,Ready to Move,1,3 out of 4,,,,,,,Resale
"2 BHK Flat  for Sale in  Joka, Kolkata",₹31.6 Lac ,"₹4,200 per sqft ",752 sqft,Ready to Move,2,3 out of 9,Garden/Park,West,1 Open,,Gems City,Freehold,Resale
3 BHK Flat  for Sale in   Kolkata,₹28 Lac ,"₹2,887 per sqft ",970 sqft,Ready to Move,2,Ground out of 3,,,,1,,,Resale
"3 BHK Flat  for Sale in  Joka, Kolkata",₹95 Lac ,"₹6,934 per sqft ",956 sqft,Ready to Move,3,10 out of 14,,,,1,DTC Southern Heights,,Resale
"4 BHK Flat  for Sale in  Jodhpur Park, Kolkata",₹3.55 Cr ,"₹12,770 per sqft ",2363 sqft,Ready to Move,4,2 out of 4,"Garden/Park, Main Road",North - West,1 Open,1,,Freehold,Resale
"2 BHK Flat  for Sale in  Madhyamgram, Kolkata",₹62.8 Lac ,"₹7,943 per sqft ",680 sqft,Ready to Move,2,Ground out of 3,Garden/Park,South - East,,1,Sudha Apartment,Freehold,Resale
"3 BHK Flat  for Sale in  Baguiati, Kolkata",₹53 Lac ,"₹4,818 per sqft ",718 sqft,Ready to Move,2,2 out of 6,Main Road,North - East,,1,,Freehold,Resale
"3 BHK Flat  for Sale in  New Town, Kolkata",₹1.20 Cr ,"₹9,693 per sqft ",1100 sqft,Ready to Move,3,5 out of 12,"Garden/Park, Main Road",South - East,,1,,Co-operative Society,Resale
"3 BHK Flat  for Sale in  SIP Deshapriya Park Area, Kolkata",₹2.90 Cr ,"₹11,373 per sqft ",1785 sqft,Ready to Move,4,2 out of 5,"Garden/Park, Main Road",South,2 Covered,,,Freehold,Resale
"2 BHK Flat  for Sale in  Birati, Kolkata",₹32 Lac ,"₹3,368 per sqft ",950 sqft,Ready to Move,2,1 out of 2,,,,1,Gangotri Elements Birati,,Resale
"3 BHK Flat  for Sale in  Kestopur, Kolkata",₹1 Cr ,"₹6,165 per sqft ",1622 sqft,Ready to Move,3,1 out of 4,,,,1,Natural Greens,,Resale
"3 BHK Flat  for Sale in  Eastern Metropolitan Bypass, Kolkata",₹52 Lac ,"₹4,127 per sqft ",1260 sqft,Ready to Move,2,1 out of 3,,,,,,,Resale
"2 BHK Flat  for Sale in  Airport Area, Kolkata",₹18 Lac ,"₹2,903 per sqft ",620 sqft,Ready to Move,1,4 out of 4,,,,,,,Resale
"1 BHK Flat  for Sale in  Dum Dum, Kolkata",₹28 Lac ,"₹4,480 per sqft ",625 sqft,Ready to Move,1,1 out of 5,,,,,,,Resale
"3 BHK Flat  for Sale in  Park Street, Kolkata",₹2.50 Cr ,"₹11,985 per sqft ",1605 sqft,Ready to Move,3,5 out of 7,,South -West,,,,Freehold,Resale
"2 BHK Flat  for Sale in  Purbachal Main Road, Kolkata",₹76 Lac ,"₹6,496 per sqft ",900 sqft,Ready to Move,2,4 out of 4,Main Road,South,,1,,Freehold,New Property
"3 BHK Flat  for Sale in  Beck Bagan, Kolkata",₹1.50 Cr ,"₹11,111 per sqft ",1150 sqft,Ready to Move,2,4 out of 4,,,,1,,,Resale
"3 BHK Flat  for Sale in  Nimta, Kolkata",₹60 Lac ,"₹4,591 per sqft ",1307 sqft,Ready to Move,,,,,,,Birati Abasan,,Resale
"3 BHK Flat  for Sale in  Madhyamgram, Kolkata",₹50 Lac ,"₹4,149 per sqft ",1205 sqft,Ready to Move,2,5 out of 5,,,,1,Susheila Apartments,,Resale
"2 BHK Flat  for Sale in  Rabindrapally Bramhapur, Kolkata",₹33 Lac ,"₹4,231 per sqft ",780 sqft,Ready to Move,2,2 out of 3,,,,,,,Resale
"3 BHK Flat  for Sale in  Baguiati, Kolkata",₹48 Lac ,"₹4,800 per sqft ",750 sqft,Ready to Move,2,1 out of 5,Main Road,South - East,,2,,Freehold,Resale
"3 BHK Flat  for Sale in  Hazra, Kalighat, Kolkata",₹1.65 Cr ,"₹9,821 per sqft ",1400 sqft,Ready to Move,2,2 out of 4,Main Road,South - East,,1,,Freehold,Resale
"2 BHK Flat  for Sale in  Sodepur Paschim Putiary, Kolkata",₹35 Lac ,"₹4,861 per sqft ",600 sqft,Ready to Move,2,3 out of 3,,South - East,,1,,,Resale
"1 BHK Flat  for Sale in  P Majumder Road, Haltu, Kolkata",₹20 Lac ,"₹4,706 per sqft ",362 sqft,Ready to Move,1,1 out of 3,Main Road,South,,,,Freehold,Resale
"1 BHK Flat  for Sale in  Howrah, Kolkata",₹28 Lac ,"₹4,628 per sqft ",605 sqft,Ready to Move,2,8 out of 20,"Garden/Park, Pool, Main Road",South - East,,1,Shapoorji Pallonji Joyville Howrah,Freehold,Resale
"5 BHK Flat  for Sale in  Purbachal Haltu, Kolkata",₹1.20 Cr ,"₹6,154 per sqft ",1650 sqft,Ready to Move,2,2 out of 3,Main Road,South - East,,1,,Freehold,Resale
"1 BHK Flat  for Sale in  Rifle Range Road, Kolkata",₹22 Lac ,"₹4,583 per sqft ",480 sqft,Ready to Move,1,3 out of 4,Main Road,South,,,,Freehold,Resale
"2 BHK Flat  for Sale in  Garia, Kolkata",₹40 Lac ,"₹4,167 per sqft ",960 sqft,Ready to Move,2,1 out of 3,Main Road,South,,2,,Freehold,Resale
3 BHK Flat  for Sale in   Kolkata,₹41 Lac ,"₹5,125 per sqft ",800 sqft,Ready to Move,2,2 out of 4,,East,,1,,Co-operative Society,Resale
"2 BHK Flat  for Sale in  Sector 5 Salt Lake City, Kolkata",₹75 Lac ,"₹7,042 per sqft ",765 sqft,Ready to Move,2,3 out of 4,"Garden/Park, Main Road",South - East,,1,Sun Dwarka,Freehold,New Property
2 BHK Flat  for Sale in   Kolkata,₹35 Lac ,"₹4,642 per sqft ",690 sqft,Ready to Move,2,3 out of 4,Main Road,North,,1,,,Resale
"3 BHK Flat  for Sale in  Madhyamgram, Kolkata",₹60 Lac ,"₹5,520 per sqft ",789 sqft,Ready to Move,2,7 out of 7,"Garden/Park, Pool, Main Road",South - East,,1,Srijan Eternia,Freehold,Resale
"2 BHK Flat  for Sale in  New Alipore, Kolkata",₹80 Lac ,"₹8,696 per sqft ",710 sqft,Ready to Move,2,9 out of 12,Garden/Park,East,1 Covered,,South City Garden,Freehold,Resale
"3 BHK Flat  for Sale in  Gouranganagar, Kolkata",₹75 Lac ,"₹6,137 per sqft ",918 sqft,Ready to Move,2,7 out of 7,,East,,1,Space Clubtown Courtyard,Freehold,Resale
"2 BHK Flat  for Sale in  South Sinthee, Kolkata",₹42 Lac ,"₹4,855 per sqft ",865 sqft,Ready to Move,2,3 out of 5,,,,,,,Resale
"2 BHK Flat  for Sale in  Bansdroni, Kolkata",₹31 Lac ,"₹3,875 per sqft ",800 sqft,Ready to Move,2,2 out of 3,,,,,,,Resale
"2 BHK Flat  for Sale in  New Alipore, Kolkata",₹1.20 Cr ,"₹8,772 per sqft ",1000 sqft,Ready to Move,2,3 out of 5,Main Road,South,1 Covered,1,,Freehold,Resale
"2 BHK Flat  for Sale in  Howrah, Kolkata",₹45 Lac ,"₹6,998 per sqft ",615 sqft,Ready to Move,2,12 out of 20,"Pool, Garden/Park, Main Road",East,,1,Shapoorji Pallonji Joyville Howrah,Freehold,Resale
"4 BHK Flat  for Sale in  Rajarhat, Kolkata",₹3.20 Cr ,"₹9,412 per sqft ",3400 sqft,Ready to Move,5,23 out of 24,"Garden/Park, Main Road",,,3,DLF New Town Heights,,Resale
"2 BHK Flat  for Sale in  Howrah 1, Kolkata",₹32 Lac ,"₹5,333 per sqft ",550 sqft,Ready to Move,1,3 out of 6,,,,1,,,Resale
"2 BHK Flat  for Sale in  Behala Chowrasta, Kolkata",₹35 Lac ,"₹4,118 per sqft ",750 sqft,Ready to Move,2,3 out of 4,,,,1,Rajlaxmi Apartment,,Resale
"5 BHK Flat  for Sale in  Beleghata, Kolkata",₹5.49 Cr ,"₹12,200 per sqft ",3375 sqft,Ready to Move,5,25 out of 26,,,,,Sureka Sunrise Heights,,Resale
2 BHK Flat  for Sale in   Kolkata,₹48 Lac ,"₹7,385 per sqft ",650 sqft,Ready to Move,1,2 out of 4,,,,,,,Resale
"4 BHK Flat  for Sale in  Baghajatin Colony, Kolkata",₹1.38 Cr ,"₹5,865 per sqft ",1764 sqft,Ready to Move,4,3 out of 5,Main Road,South,,2,,Freehold,Resale
"3 BHK Flat  for Sale in  Purba Barisha, Kolkata",₹38 Lac ,"₹3,455 per sqft ",862 sqft,Ready to Move,2,1 out of 3,Main Road,South -West,,1,Vidyasagar Sarani 331,Freehold,Resale
2 BHK Flat  for Sale in   Kolkata,₹30 Lac ,"₹3,333 per sqft ",600 sqft,Ready to Move,2,1 out of 4,,South - East,,,,Freehold,Resale
"3 BHK Flat  for Sale in  New Town, Kolkata",₹1.25 Cr ,"₹6,010 per sqft ",1870 sqft,Ready to Move,3,2 out of 4,Garden/Park,South - East,,2,,Freehold,Resale
"3 BHK Flat  for Sale in  Eastern Metropolitan Bypass, Kolkata",₹1.75 Cr ,"₹13,420 per sqft ",1304 sqft,Ready to Move,2,6 out of 7,,,,1,SGM Sugam Habitat,,Resale
3 BHK Flat  for Sale in   Kolkata,₹4 Cr ,"₹40,000 per sqft ",1000 sqft,Ready to Move,2,1 out of 3,,,,,,,Resale
3 BHK Flat  for Sale in   Kolkata,₹73.1 Lac ,"₹5,666 per sqft ",1290 sqft,,2,6,,,,,,,Resale
"3 BHK Flat  for Sale in  Action Area 1, Kolkata",₹1.20 Cr ,"₹7,059 per sqft ",1360 sqft,,2,2 out of 4,Main Road,North - East,,1,,Freehold,New Property
"3 BHK Flat  for Sale in  Barrackpore Trunk Road, Kolkata",₹1.65 Cr ,"₹8,914 per sqft ",1851 sqft,Ready to Move,3,12 out of 18,,,,1,Dhoot Pratham,,Resale
"2 BHK Flat  for Sale in  Garia, Kolkata",₹45 Lac ,"₹4,839 per sqft ",930 sqft,Ready to Move,2,2 out of 4,,,,1,Sunny Seasons,,Resale
"2 BHK Flat  for Sale in  Chinar Park, Rajarhat, Kolkata",₹30.1 Lac ,"₹3,508 per sqft ",610 sqft,Ready to Move,1,4 out of 4,Main Road,East,6 Covered,1,Baba Lokenath Apartment,Freehold,Resale
"2 BHK Flat  for Sale in  Panihati, Kolkata",₹35 Lac ,"₹6,506 per sqft ",444 sqft,Ready to Move,2,4 out of 4,"Garden/Park, Pool",South,,1,Aspira Joy,Freehold,Resale
"3 BHK Flat  for Sale in  Rajarhat, Kolkata",₹1.15 Cr ,"₹7,606 per sqft ",1512 sqft,Ready to Move,2,Ground out of 10,Garden/Park,,1 Covered,1,Salarpuria Silver Oak Estate,Freehold,Resale
"3 BHK Flat  for Sale in  Beleghata, Kolkata",₹1.90 Cr ,"₹10,005 per sqft ",1899 sqft,Ready to Move,3,1 out of 26,"Garden/Park, Main Road",North,,1,Sureka Sunrise Heights,,Resale
"3 BHK Flat  for Sale in  Dhakuria, Kolkata",₹2.50 Cr ,"₹11,628 per sqft ",1900 sqft,Ready to Move,3,1 out of 5,,,,2,SR 6 Ballygunge Place,Freehold,Resale
"2 BHK Flat  for Sale in  Madhyamgram, Kolkata",₹50 Lac ,"₹3,605 per sqft ",1121 sqft,Ready to Move,2,5 out of 5,Main Road,South - East,1 Covered,1,,Freehold,Resale
"2 BHK Flat  for Sale in  Dakshineswar, Kolkata",₹35 Lac ,"₹4,545 per sqft ",783 sqft,Ready to Move,1,4 out of 5,Main Road,East,,1,,Freehold,Resale
3 BHK Flat  for Sale in   Kolkata,₹50 Lac ,"₹4,699 per sqft ",720 sqft,Ready to Move,2,3 out of 5,"Garden/Park, Main Road",East,,1,Akshara Whispering Willows,Freehold,Resale
2 BHK Flat  for Sale in   Kolkata,₹22 Lac ,"₹2,828 per sqft ",778 sqft,Ready to Move,1,1 out of 3,,West,,1,,,Resale
"2 BHK Flat  for Sale in  Nagerbazar, Kolkata",₹48 Lac ,"₹5,058 per sqft ",721 sqft,Ready to Move,2,2 out of 4,,,,1,,,Resale
"4 BHK Flat  for Sale in  Sonarpur, Kolkata",₹1.20 Cr ,"₹6,434 per sqft ",1480 sqft,Ready to Move,4,7 out of 8,"Garden/Park, Main Road",East,,3,J G Golden Heights,Freehold,Resale
3 BHK Flat  for Sale in   Kolkata,₹38 Lac ,"₹4,222 per sqft ",900 sqft,Ready to Move,2,2 out of 3,,,,1,,,Resale
"2 BHK Flat  for Sale in  Baguiati, Kolkata",₹28 Lac ,"₹4,179 per sqft ",569 sqft,Ready to Move,1,1 out of 4,Garden/Park,South - East,,1,Sapphire Valley,Freehold,Resale
"3 BHK Flat  for Sale in  Sakher Bazar, Purba Barisha, Kolkata",₹90 Lac ,"₹4,986 per sqft ",1200 sqft,Ready to Move,3,4 out of 5,Main Road,West,,1,,Freehold,New Property
"2 BHK Flat  for Sale in  Barasat, Kolkata",₹33 Lac ,"₹4,577 per sqft ",612 sqft,Ready to Move,2,3 out of 4,Garden/Park,North - East,,1,Magnolia Fantasia,Freehold,Resale
"3 BHK Flat  for Sale in  Naskar Para Baruipur, Kolkata",₹40.4 Lac ,"₹3,960 per sqft ",1021 sqft,Ready to Move,2,3 out of 5,,,,1,Arrjavv Sonar Kella,,Resale
2 BHK Flat  for Sale in   Kolkata,₹19 Lac ,"₹2,533 per sqft ",750 sqft,Ready to Move,2,4 out of 4,Main Road,East,,1,,Freehold,Resale
"2 BHK Flat  for Sale in  Joka, Kolkata",₹28 Lac ,,847 sqft,Ready to Move,2,3 out of 12,,,,2,Vaishnavi Dham,,Resale
2 BHK Flat  for Sale in   Kolkata,₹21 Lac ,"₹3,000 per sqft ",700 sqft,Ready to Move,1,4 out of 5,,South,,,,Freehold,Resale
"1 BHK Flat  for Sale in  Rajarhat, Kolkata",₹27 Lac ,"₹6,750 per sqft ",400 sqft,Ready to Move,1,Ground out of 4,,,,,Bengal Peerless Animikha,,Resale
"2 BHK Flat  for Sale in  Tollygunge, Kolkata",₹37.5 Lac ,"₹3,918 per sqft ",717 sqft,Ready to Move,2,4 out of 4,Main Road,South -West,,1,Dream Villa,Freehold,Resale
"3 BHK Flat  for Sale in  Sector 5 Salt Lake City, Kolkata",₹2.60 Cr ,"₹13,68,421 per sqft ",1280 sqft,Ready to Move,2,14 out of 20,"Pool, Main Road",South - East,,1,Merlin 5th Avenue,Freehold,Resale
"3 BHK Flat  for Sale in  Ananda Palit Road, Kolkata",₹1.55 Cr ,"₹9,688 per sqft ",1200 sqft,Ready to Move,3,4 out of 5,Main Road,South - East,,2,,Freehold,Resale
"3 BHK Flat  for Sale in  New Alipore, Kolkata",₹84 Lac ,"₹5,793 per sqft ",1232 sqft,Ready to Move,2,3 out of 4,Main Road,South - East,,1,,Freehold,Resale
3 BHK Flat  for Sale in   Kolkata,₹60 Lac ,"₹4,000 per sqft ",1350 sqft,Ready to Move,2,2 out of 5,Main Road,East,,1,,Freehold,Resale
"2 BHK Flat  for Sale in  Garfa, Kolkata",₹32 Lac ,"₹4,571 per sqft ",700 sqft,Ready to Move,2,3 out of 4,Main Road,South -West,,1,,Freehold,Resale
"2 BHK Flat  for Sale in  Baranagar, Kolkata",₹33 Lac ,"₹3,966 per sqft ",710 sqft,Ready to Move,2,2 out of 8,Main Road,,,1,,,Resale
"3 BHK Flat  for Sale in  Uttarpara Chinsurah, Kolkata",₹45 Lac ,"₹5,357 per sqft ",840 sqft,Ready to Move,2,16 out of 18,Garden/Park,North - East,,1,Shriram Grand City,,Resale
"2 BHK Flat  for Sale in  Uttarpara Chinsurah, Kolkata",₹42 Lac ,"₹5,079 per sqft ",827 sqft,Ready to Move,2,11 out of 14,,,,1,Shriram Grand City,,Resale
"2 BHK Flat  for Sale in  Rajarhat, Kolkata",₹37 Lac ,"₹4,818 per sqft ",768 sqft,Ready to Move,2,5 out of 6,,,,,Sreema Ganapati Kunja,,Resale
"2 BHK Flat  for Sale in  Chinar Park, Rajarhat, Kolkata",₹55 Lac ,"₹6,215 per sqft ",600 sqft,Ready to Move,2,3 out of 4,,North,,1,,Freehold,Resale
"2 BHK Flat  for Sale in  Naskar Para Garfa, Kolkata",₹52 Lac ,"₹4,602 per sqft ",950 sqft,Ready to Move,2,3 out of 3,Main Road,South,1 Covered,1,,Freehold,Resale
2 BHK Flat  for Sale in   Kolkata,₹23 Lac ,"₹3,286 per sqft ",560 sqft,Ready to Move,2,1 out of 3,,,,1,,,Resale
"2 BHK Flat  for Sale in  New Town, Kolkata",₹45 Lac ,"₹6,410 per sqft ",702 sqft,Ready to Move,2,1 out of 5,Garden/Park,North - East,,3,Realtech Curiocity Classic,Freehold,Resale
2 BHK Flat  for Sale in   Kolkata,₹33 Lac ,,777 sqft,Ready to Move,2,1 out of 3,,South - East,,1,,Freehold,Other
"3 BHK Flat  for Sale in  Sodepur, Kolkata",₹1 Cr ,"₹7,974 per sqft ",1254 sqft,Ready to Move,2,15 out of 20,"Garden/Park, Pool, Main Road",North - East,,2,Godrej Prakriti,Freehold,Resale
"7 BHK Flat  for Sale in  College Road, Kolkata",₹58 Lac ,"₹1,741 per sqft ",1840 sqft,Ready to Move,5,4 out of 4,,South - East,,,Rabindra Nagar Complex,Freehold,Resale
"2 BHK Flat  for Sale in  Jadavpur, Kolkata",₹1.20 Cr ,"₹10,187 per sqft ",900 sqft,Ready to Move,2,11 out of 13,,,,1,Keventer Westwind,,Resale
"2 BHK Flat  for Sale in  Jessore Road, Kolkata",₹52 Lac ,"₹4,630 per sqft ",1123 sqft,Ready to Move,2,2 out of 4,Main Road,East,1 Open,,,Freehold,Resale
"2 BHK Flat  for Sale in  Hazra, Kalighat, Kolkata",₹60 Lac ,"₹5,217 per sqft ",1150 sqft,Ready to Move,2,3 out of 3,,,,2,The Oval,,Resale
"3 BHK Flat  for Sale in  Saha Para Fartabad, Kolkata",₹78 Lac ,"₹5,800 per sqft ",1060 sqft,Ready to Move,2,2 out of 5,Garden/Park,South,1 Covered,2,Eden Pavilion,Freehold,Resale
2 BHK Flat  for Sale in   Kolkata,₹27.5 Lac ,"₹3,526 per sqft ",780 sqft,Ready to Move,2,3 out of 3,Main Road,,,1,,Freehold,Resale
"2 BHK Flat  for Sale in  Parnasree Palli, Kolkata",₹67 Lac ,"₹6,321 per sqft ",740 sqft,Ready to Move,2,4 out of 4,Main Road,South -West,,1,,Freehold,Resale
"3 BHK Flat  for Sale in  New Town, Kolkata",₹73.5 Lac ,"₹6,430 per sqft ",876 sqft,Ready to Move,2,2 out of 4,,,1 Covered,1,Magnolia Mulberry,Freehold,Resale
"3 BHK Flat  for Sale in  Raghunathpur, Baguiati, Kolkata",₹45 Lac ,"₹4,286 per sqft ",850 sqft,Ready to Move,2,1 out of 4,Main Road,South - East,,,,Freehold,Resale
"2 BHK Flat  for Sale in  Nagerbazar, Kolkata",₹52 Lac ,,960 sqft,Ready to Move,2,1 out of 5,,,,1,,,Resale
"2 BHK Flat  for Sale in  Eastern Metropolitan Bypass, Kolkata",₹1.40 Cr ,"₹13,986 per sqft ",1001 sqft,Ready to Move,2,14 out of 18,,,,,Bengal Peerless Avidipta,,Resale
3 BHK Flat  for Sale in   Kolkata,₹1 Cr ,"₹7,143 per sqft ",1000 sqft,Ready to Move,2,1 out of 4,,,,2,,,Resale
"3 BHK Flat  for Sale in  New Garia, Garia, Kolkata",₹72 Lac ,"₹6,076 per sqft ",820 sqft,Ready to Move,2,5 out of 5,Main Road,South - East,1 Covered,2,Mainak Garden,Freehold,Resale
"2 BHK Flat  for Sale in  Behala Chowrasta, Kolkata",₹46.5 Lac ,"₹5,121 per sqft ",730 sqft,Ready to Move,2,4 out of 4,"Garden/Park, Main Road",West,1 Open,1,,Freehold,Resale
"3 BHK Flat  for Sale in  Howrah 1, Kolkata",₹45 Lac ,"₹5,000 per sqft ",850 sqft,Ready to Move,2,4 out of 4,Main Road,North,,1,,Freehold,Resale
"2 BHK Flat  for Sale in  Motilal Gupta Road, Kolkata",₹40 Lac ,,700 sqft,Ready to Move,2,3 out of 4,Main Road,South - East,,1,,Freehold,Resale
"2 BHK Flat  for Sale in  Garia, Kolkata",₹55 Lac ,"₹5,556 per sqft ",990 sqft,Ready to Move,2,2 out of 4,,,,,Skyline Bliss,,Resale
3 BHK Flat  for Sale in   Kolkata,₹60 Lac ,"₹5,333 per sqft ",1125 sqft,Ready to Move,2,5 out of 5,Main Road,North - East,,,,Power Of Attorney,Resale
2 BHK Flat  for Sale in   Kolkata,₹29 Lac ,"₹4,957 per sqft ",530 sqft,Ready to Move,1,Ground out of 2,,,,,,,Resale
"3 BHK Flat  for Sale in  Alipore, Kolkata",₹4 Cr ,"₹16,878 per sqft ",2000 sqft,Ready to Move,3,14 out of 14,"Garden/Park, Main Road",East,,2,Amar Jyoti,Freehold,Resale
3 BHK Flat  for Sale in   Kolkata,₹43.5 Lac ,"₹4,350 per sqft ",1000 sqft,Ready to Move,2,3 out of 3,,,,,,,Resale
"3 BHK Flat  for Sale in  Batanagar, Kolkata",₹47 Lac ,"₹6,184 per sqft ",760 sqft,Ready to Move,2,Ground out of 14,,,,,,,Resale
"2 BHK Flat  for Sale in  Parnasree Palli, Kolkata",₹70 Lac ,"₹7,919 per sqft ",884 sqft,Ready to Move,2,1 out of 4,Main Road,East,1 Covered,1,,Freehold,Resale
"3 BHK Flat  for Sale in  Joka, Kolkata",₹75 Lac ,"₹6,173 per sqft ",1215 sqft,Ready to Move,2,9 out of 14,Garden/Park,,,1,Godrej Seven,Freehold,Resale
2 BHK Flat  for Sale in   Kolkata,₹38 Lac ,"₹4,744 per sqft ",801 sqft,Ready to Move,2,1 out of 4,,,,,,,Resale
3 BHK Flat  for Sale in   Kolkata,₹28 Lac ,"₹2,667 per sqft ",1050 sqft,Ready to Move,2,1 out of 4,Main Road,East,,1,,Freehold,Resale
"2 BHK Flat  for Sale in  Tangra, Kolkata",₹1.15 Cr ,"₹12,352 per sqft ",563 sqft,Ready to Move,2,6 out of 10,"Garden/Park, Pool, Main Road",West,,1,Salarpuria Amarana Residences,Freehold,Resale
"3 BHK Flat  for Sale in  Garia, Kolkata",₹85 Lac ,"₹7,450 per sqft ",1141 sqft,Ready to Move,2,4 out of 4,,,1 Covered,1,Eden Horizon,,Resale
"2 BHK Flat  for Sale in  Boral, Kolkata",₹22.5 Lac ,"₹3,125 per sqft ",720 sqft,Ready to Move,1,1 out of 3,,South,,1,,,Resale
"2 BHK Flat  for Sale in  Howrah, Kolkata",₹70 Lac ,"₹6,364 per sqft ",1100 sqft,Ready to Move,2,5 out of 7,,,,,,,Resale
"2 BHK Flat  for Sale in  Parnasree Palli, Kolkata",₹32 Lac ,"₹3,368 per sqft ",720 sqft,Ready to Move,2,3 out of 3,Main Road,West,,1,,Freehold,Resale
"2 BHK Flat  for Sale in  Rahara Bazar Road, Kolkata",₹15 Lac ,"₹2,196 per sqft ",683 sqft,Ready to Move,2,2 out of 4,,,,,,,Resale
"3 BHK Flat  for Sale in  Ho Chi Minh Sarani, Kolkata",₹85 Lac ,"₹6,479 per sqft ",1312 sqft,Ready to Move,2,5 out of 13,,,,,Diamond City West,,Resale
2 BHK Flat  for Sale in   Kolkata,₹50 Lac ,,550 sqft,Ready to Move,2,1 out of 3,,,,2,,,Resale
"2 BHK Flat  for Sale in  Barasat, Kolkata",₹27 Lac ,"₹3,129 per sqft ",863 sqft,Ready to Move,2,1 out of 4,,,,,Fortune Township,,Resale
"2 BHK Flat  for Sale in  Kalighat, Kolkata",₹1.10 Cr ,"₹9,016 per sqft ",1220 sqft,Ready to Move,2,2 out of 6,Main Road,South - East,,2,,Freehold,New Property
"4 BHK Flat  for Sale in  Sakher Bazar, Purba Barisha, Kolkata",₹60 Lac ,"₹4,286 per sqft ",1100 sqft,Ready to Move,3,3 out of 3,Main Road,East,,1,,Freehold,Resale
2 BHK Flat  for Sale in   Kolkata,₹46 Lac ,"₹4,946 per sqft ",930 sqft,Ready to Move,2,2 out of 5,,,,,,,Resale
"3 BHK Flat  for Sale in  Ramchandrapur Narendrapur, Kolkata",₹1.16 Cr ,"₹7,994 per sqft ",1200 sqft,Ready to Move,2,4 out of 4,"Garden/Park, Main Road",South - East,1 Covered,1,,Freehold,Resale
"2 BHK Flat  for Sale in  New Alipore, Kolkata",₹1.42 Cr ,"₹10,923 per sqft ",1300 sqft,Ready to Move,2,9 out of 10,"Garden/Park, Main Road",,1 Covered,2,Mani Towers,Freehold,Resale
3 BHK Flat  for Sale in   Kolkata,₹38 Lac ,"₹3,455 per sqft ",880 sqft,Ready to Move,2,3 out of 3,"Pool, Main Road",North - East,,1,,Freehold,Resale
"2 BHK Flat  for Sale in  Dunlop, Dakshineswar, Belgharia Expressway, Kolkata",₹27 Lac ,,710 sqft,Ready to Move,2,5 out of 5,"Garden/Park, Main Road",South,1 Open,1,,Power Of Attorney,Resale
"2 BHK Flat  for Sale in  Haridevpur, Paschim Putiary, Kolkata",₹33 Lac ,"₹4,024 per sqft ",656 sqft,Ready to Move,2,2 out of 3,Main Road,South -West,,1,,Freehold,Resale
"3 BHK Flat  for Sale in  Rabindrapally Jyangra, Kolkata",₹40 Lac ,"₹2,353 per sqft ",1360 sqft,Ready to Move,2,4 out of 4,Main Road,South - East,,2,,Freehold,Resale
"2 BHK Flat  for Sale in  Dum Dum, Kolkata",₹24 Lac ,"₹3,333 per sqft ",720 sqft,Ready to Move,1,2 out of 3,,,,,,,Resale
"3 BHK Flat  for Sale in  Mukundapur, Kolkata",₹75 Lac ,"₹5,971 per sqft ",1256 sqft,Ready to Move,2,4 out of 4,,North,,1,Bengal Abasan Urban Sabujayan,,Resale
"2 BHK Flat  for Sale in  College Street, Kolkata",₹72 Lac ,"₹7,200 per sqft ",721 sqft,Ready to Move,2,1 out of 4,,South,,1,,Freehold,Resale
"2 BHK Flat  for Sale in  Bansdroni, Kolkata",₹90 Lac ,"₹10,000 per sqft ",780 sqft,Ready to Move,2,4 out of 4,Main Road,South - East,,1,,Freehold,Resale
"3 BHK Flat  for Sale in  Southern Bypass, Kolkata",₹75 Lac ,"₹5,957 per sqft ",1259 sqft,Ready to Move,2,13 out of 15,,,,,Siddha Suburbia,,Resale
"2 BHK Flat  for Sale in  Naktala, Garia, Kolkata",₹30 Lac ,"₹5,002 per sqft ",600 sqft,Ready to Move,2,2 out of 2,"Garden/Park, Main Road",North,,1,,Freehold,Resale
"3 BHK Flat  for Sale in  Batanagar, Kolkata",₹3.50 Cr ,"₹9,589 per sqft ",2500 sqft,Ready to Move,4,22 out of 26,Pool,,,5,,,Resale
"1 BHK Flat  for Sale in  Baghajatin Road, Kolkata",₹20 Lac ,"₹4,000 per sqft ",400 sqft,Ready to Move,1,Ground out of 4,Main Road,South - East,,1,,Freehold,Resale
"2 BHK Flat  for Sale in  Rajarhat, Kolkata",₹35 Lac ,"₹3,902 per sqft ",795 sqft,Ready to Move,2,1 out of 4,,East,,1,,Freehold,Resale
3 BHK Flat  for Sale in   Kolkata,₹95 Lac ,"₹5,692 per sqft ",1669 sqft,Ready to Move,3,6 out of 7,,,,2,,Freehold,Resale
"2 BHK Flat  for Sale in  Sodepur, Kolkata",₹38 Lac ,"₹3,938 per sqft ",850 sqft,Ready to Move,2,1 out of 5,Main Road,North - East,,1,,Freehold,Resale
"2 BHK Flat  for Sale in  Dum Dum Cantonment, Kolkata",₹38.5 Lac ,"₹3,674 per sqft ",810 sqft,Ready to Move,2,4 out of 4,Main Road,North - East,,1,,,Resale
"3 BHK Flat  for Sale in  Shyam Bazar, Kolkata",₹84 Lac ,"₹7,434 per sqft ",870 sqft,Ready to Move,2,2 out of 3,Main Road,South - East,,1,,Freehold,Resale
2 BHK Flat  for Sale in   Kolkata,₹65 Lac ,"₹7,585 per sqft ",857 sqft,Ready to Move,2,3 out of 3,,,,,,,Resale
2 BHK Flat  for Sale in   Kolkata,₹25 Lac ,,650 sqft,Ready to Move,1,,,,,,,,Other
"1 BHK Flat  for Sale in  Taramoni Ghat Road, Kolkata",₹15 Lac ,"₹3,571 per sqft ",310 sqft,Ready to Move,1,Ground out of 3,,East,,,,Freehold,Resale
"3 BHK Flat  for Sale in  Jodhpur Park, Kolkata",₹2.20 Cr ,"₹9,565 per sqft ",1760 sqft,Ready to Move,3,3 out of 4,,South,,1,,Freehold,Resale
2 BHK Flat  for Sale in   Kolkata,₹19.5 Lac ,"₹4,239 per sqft ",460 sqft,Ready to Move,,,,,,,,,Resale
"2 BHK Flat  for Sale in  Nagerbazar, Kolkata",₹40 Lac ,"₹5,540 per sqft ",722 sqft,Ready to Move,2,4 out of 4,,East,,1,,Freehold,Resale
"3 BHK Flat  for Sale in  Picnic Garden, Tiljala, Kolkata",₹84 Lac ,"₹6,000 per sqft ",1400 sqft,Ready to Move,3,1 out of 5,,,,,,,Resale
"2 BHK Flat  for Sale in  Rajarhat, Kolkata",₹52 Lac ,"₹4,602 per sqft ",1000 sqft,Ready to Move,2,3 out of 6,Main Road,South -West,,3,Team Taurus Wow,Freehold,Resale
"2 BHK Flat  for Sale in  Mudiali Kalighat, Kolkata",₹87 Lac ,"₹8,208 per sqft ",850 sqft,Ready to Move,2,2 out of 5,Main Road,South -West,,1,,Freehold,Resale
"2 BHK Flat  for Sale in  Raja Rammohan Roy Road, Kolkata",₹32.4 Lac ,"₹4,500 per sqft ",720 sqft,,2,1 out of 3,,,,,,,Resale
"2 BHK Flat  for Sale in  Uttarpara Chinsurah, Kolkata",₹20 Lac ,"₹2,500 per sqft ",800 sqft,Ready to Move,2,1 out of 4,,,,,,,Resale
"3 BHK Flat  for Sale in  Eastern Metropolitan Bypass, Kolkata",₹1.25 Cr ,"₹8,532 per sqft ",1465 sqft,Ready to Move,2,16 out of 19,Main Road,South -West,5 Covered,2,Rajwada Altitude,Freehold,Resale
"2 BHK Flat  for Sale in  Mandirtala Shibpur, Kolkata",₹65 Lac ,"₹7,081 per sqft ",918 sqft,Ready to Move,2,3 out of 4,,East,,1,,,Resale
"2 BHK Flat  for Sale in  Madhyamgram, Kolkata",₹20 Lac ,,850 sqft,Ready to Move,2,4 out of 4,,,,1,Rita and Bina Apartments,,Resale
"3 BHK Flat  for Sale in  Bhasa, Kolkata",₹38 Lac ,"₹4,086 per sqft ",930 sqft,Ready to Move,2,8 out of 12,,,,,,,Resale
"3 BHK Flat  for Sale in  Sonarpur Station Road, Kolkata",₹85 Lac ,"₹6,677 per sqft ",948 sqft,Ready to Move,2,8 out of 12,Garden/Park,South - East,1 Covered,1,Devaloke Sonar City,Freehold,Resale
"3 BHK Flat  for Sale in  Taratala, Kolkata",₹1.70 Cr ,"₹8,500 per sqft ",1400 sqft,Ready to Move,3,2 out of 5,Pool,East,,,,Freehold,Resale
"1 BHK Flat  for Sale in  Nagerbazar, Kolkata",₹23 Lac ,"₹4,423 per sqft ",520 sqft,Ready to Move,1,Ground out of 4,,North - East,,1,,Freehold,Resale
"2 BHK Flat  for Sale in  Behala Chowrasta, Kolkata",₹35 Lac ,"₹3,780 per sqft ",926 sqft,Ready to Move,2,3 out of 3,,,,,,,Resale
"3 BHK Flat  for Sale in  Barrackpore Trunk Road, Kolkata",₹1.30 Cr ,"₹10,656 per sqft ",875 sqft,Ready to Move,2,2 out of 25,Main Road,,,1,Siddha Eden Lakeville,,Resale
"4 BHK Flat  for Sale in  Rajarhat, Kolkata",₹2.50 Cr ,"₹10,417 per sqft ",1850 sqft,Ready to Move,4,3 out of 4,Garden/Park,East,,1,Hiland Woods,Leasehold,Resale
2 BHK Flat  for Sale in   Kolkata,₹38.5 Lac ,,700 sqft,Ready to Move,1,1 out of 4,,,,1,,,Resale
"2 BHK Flat  for Sale in  Ramchandrapur Narendrapur, Kolkata",₹52 Lac ,"₹5,876 per sqft ",885 sqft,Ready to Move,2,4 out of 5,"Garden/Park, Pool, Main Road",East,1 Covered,1,Sherwood Estate,,Resale
"2 BHK Flat  for Sale in  Nagerbazar, Kolkata",₹25 Lac ,"₹3,472 per sqft ",720 sqft,Ready to Move,2,3 out of 3,,,,,,,Resale
"2 BHK Flat  for Sale in  Uday Shankar Sarani Road, Kolkata",₹1.50 Cr ,"₹14,706 per sqft ",1020 sqft,Ready to Move,2,2 out of 3,,,,2,,,Resale
"2 BHK Flat  for Sale in  Behala Chowrasta, Kolkata",₹28 Lac ,"₹4,516 per sqft ",620 sqft,Ready to Move,1,Ground out of 3,,South - East,,,,Freehold,Resale
"2 BHK Flat  for Sale in  Hastings, Kolkata",₹1.30 Cr ,,1300 sqft,Ready to Move,3,5 out of 6,,,,1,Hastings Court,,Resale
"2 BHK Flat  for Sale in  Kasba, Kolkata",₹1.05 Cr ,"₹9,477 per sqft ",1108 sqft,Ready to Move,2,1 out of 7,,South - East,,1,Purba Abasan,,Resale
"> 10 BHK Flat  for Sale in  Champahati, Kolkata",₹5 Cr ,"₹6,250 per sqft ",80000 sqft,Ready to Move,> 10,3 out of 3,"Garden/Park, Main Road",East,4 Open,> 10,,Freehold,Resale
"3 BHK Flat  for Sale in  Bally, Kolkata",₹34 Lac ,"₹3,400 per sqft ",800 sqft,Ready to Move,2,1 out of 3,,,,1,,Power Of Attorney,Resale
"4 BHK Flat  for Sale in  Khalisha Kota, Kolkata",₹1 Cr ,"₹5,359 per sqft ",1500 sqft,Ready to Move,4,3 out of 6,Main Road,East,1 Covered,4,Kendriya Vihar Phase 2,Freehold,Resale
"3 BHK Flat  for Sale in  Picnic Garden Road, Kolkata",₹55 Lac ,"₹5,500 per sqft ",1000 sqft,Ready to Move,2,4 out of 4,,East,,,,,Resale
"2 BHK Flat  for Sale in  Bablatala, Gopalpur Gram, Kolkata",₹38 Lac ,"₹5,278 per sqft ",575 sqft,Ready to Move,2,2 out of 5,Main Road,East,,1,,Freehold,Resale
1 BHK Flat  for Sale in   Kolkata,₹12 Lac ,"₹2,857 per sqft ",420 sqft,Ready to Move,1,Ground out of 4,Main Road,North,,1,,Freehold,Resale
"2 BHK Flat  for Sale in  Sodepur Road, Kolkata",₹19.5 Lac ,"₹2,600 per sqft ",750 sqft,Ready to Move,2,3 out of 4,"Garden/Park, Main Road",,,,,Freehold,Resale
"2 BHK Flat  for Sale in  Dum Dum Cantonment, Kolkata",₹35 Lac ,"₹3,571 per sqft ",980 sqft,Ready to Move,2,4 out of 5,Garden/Park,South,,1,,Freehold,Resale
2 BHK Flat  for Sale in   Kolkata,₹38.5 Lac ,"₹4,355 per sqft ",884 sqft,Ready to Move,2,8 out of 26,,,,,,,Resale
3 BHK Flat  for Sale in   Kolkata,₹1.30 Cr ,"₹9,863 per sqft ",1318 sqft,Ready to Move,2,1 out of 8,Main Road,,,1,Sarobar CHS,Co-operative Society,Resale
"5 BHK Flat  for Sale in  Kaikhali, Kolkata",₹1.30 Cr ,"₹6,190 per sqft ",2100 sqft,Ready to Move,3,3 out of 5,Main Road,South - East,2 Covered,3,,Freehold,Resale
"2 BHK Flat  for Sale in  Paschim Barisha, Kolkata",₹21.5 Lac ,"₹2,986 per sqft ",580 sqft,Ready to Move,2,2 out of 3,,East,,1,,Freehold,Resale
4 BHK Flat  for Sale in   Kolkata,₹90 Lac ,"₹5,143 per sqft ",1600 sqft,Ready to Move,3,3 out of 3,"Garden/Park, Main Road",East,1 Open,,,Freehold,Resale
"3 BHK Flat  for Sale in  New Town, Kolkata",₹1.30 Cr ,"₹9,496 per sqft ",908 sqft,Ready to Move,2,7 out of 12,Garden/Park,East,,1,Amit ECOS,Freehold,New Property
"3 BHK Flat  for Sale in  Chiriamore, Kolkata",₹50 Lac ,"₹4,505 per sqft ",1110 sqft,Ready to Move,2,2 out of 5,,,,1,Sharnam,Freehold,New Property
2 BHK Flat  for Sale in   Kolkata,₹25 Lac ,"₹2,778 per sqft ",650 sqft,Ready to Move,2,3 out of 3,,,,1,,,Resale
"2 BHK Flat  for Sale in  Behala, Kolkata",₹35 Lac ,"₹3,889 per sqft ",900 sqft,Ready to Move,2,4 out of 5,,,,,,,Resale
"3 BHK Flat  for Sale in  Howrah, Kolkata",₹85 Lac ,"₹5,862 per sqft ",1076 sqft,Ready to Move,2,9 out of 12,"Garden/Park, Main Road",,10 Open,1,,Co-operative Society,Resale
2 BHK Flat  for Sale in   Kolkata,₹38 Lac ,"₹5,278 per sqft ",600 sqft,Ready to Move,2,1 out of 5,Main Road,South - East,,1,,Freehold,Resale
"3 BHK Flat  for Sale in  Eastern Metropolitan Bypass, Kolkata",₹75 Lac ,"₹5,455 per sqft ",1275 sqft,Ready to Move,3,3 out of 3,Garden/Park,South,1 Covered,2,,Freehold,Resale
"2 BHK Flat  for Sale in  Chinsurah, Kolkata",₹36 Lac ,"₹4,000 per sqft ",875 sqft,Ready to Move,2,3 out of 4,,,,2,Manohar Tower,,Resale
"2 BHK Flat  for Sale in  Dakshineswar, Kolkata",₹35 Lac ,"₹3,889 per sqft ",900 sqft,,2,2 out of 5,,,,,BT Dakshineswari Apartment,,Resale
 Apartment  for Sale in   Kolkata,₹45 Lac ,,,,,,,,,,,,Resale
"4 BHK Flat  for Sale in  Rowland Row, Ballygunge, Kolkata",₹3.50 Cr ,"₹13,462 per sqft ",1950 sqft,Ready to Move,4,6 out of 7,Main Road,North - West,2 Covered,,,Freehold,Resale
"2 BHK Flat  for Sale in  Gulshan Colony, Kolkata",₹13 Lac ,"₹2,000 per sqft ",650 sqft,Ready to Move,1,4 out of 4,,,,,,,Resale
"3 BHK Flat  for Sale in  Mukundapur, Kolkata",₹1 Cr ,"₹7,962 per sqft ",1256 sqft,Ready to Move,2,2 out of 4,,,,1,Bengal Abasan Urban Sabujayan,,Resale
"2 BHK Flat  for Sale in  Nayabad, Kolkata",₹43 Lac ,"₹4,634 per sqft ",928 sqft,Ready to Move,2,4 out of 4,,,,,Vivekanjoli Apartment,,Resale
"2 BHK Flat  for Sale in  Belghoria, Kolkata",₹22 Lac ,"₹3,359 per sqft ",556 sqft,Ready to Move,1,3 out of 3,Main Road,South - East,1 Open,1,,Freehold,Resale
"2 BHK Flat  for Sale in  Nagerbazar, Kolkata",₹1.01 Cr ,"₹6,747 per sqft ",1497 sqft,Ready to Move,2,1 out of 5,,East,1 Covered,,Saltee Plaza,Freehold,Resale
"2 BHK Flat  for Sale in  Dum Dum Road, Kolkata",₹28 Lac ,"₹3,733 per sqft ",620 sqft,Ready to Move,1,3 out of 4,,East,,1,,,Resale
1 BHK Flat  for Sale in   Kolkata,₹36 Lac ,,515 sqft,Ready to Move,1,6 out of 6,,,,,,,Other
"2 BHK Flat  for Sale in  Rajpur, Kolkata",₹48 Lac ,"₹4,923 per sqft ",975 sqft,Ready to Move,2,3 out of 4,,East,,1,,Freehold,Resale
"2 BHK Flat  for Sale in  Thakurpukur Bazar, Kolkata",₹60 Lac ,"₹5,455 per sqft ",950 sqft,Ready to Move,2,3 out of 3,Main Road,,,1,,Freehold,Resale
"2 BHK Flat  for Sale in  Dum Dum Park, Kolkata",₹52 Lac ,"₹5,263 per sqft ",988 sqft,Ready to Move,2,2 out of 5,Garden/Park,East,,1,,Freehold,Resale
2 BHK Flat  for Sale in   Kolkata,₹75 Lac ,"₹6,818 per sqft ",1100 sqft,Ready to Move,2,2 out of 4,,,,,,,Resale
"4 BHK Flat  for Sale in  Behala, Kolkata",₹4 Cr ,"₹14,286 per sqft ",2800 sqft,Ready to Move,4,2 out of 2,"Garden/Park, Pool",East,,2,,Freehold,New Property
"3 BHK Flat  for Sale in  Ultadanga, Kolkata",₹2.50 Cr ,"₹17,857 per sqft ",900 sqft,Ready to Move,2,12 out of 12,Main Road,West,1 Covered,2,Merlin Warden Lake View,Freehold,Resale
"2 BHK Flat  for Sale in  Jyangra Road, Kolkata",₹25 Lac ,"₹3,117 per sqft ",802 sqft,Ready to Move,2,4 out of 5,Main Road,South,,1,Swapnapuri,Freehold,Resale
"2 BHK Flat  for Sale in  Arabinda Sarani, Dum Dum, Kolkata",₹30 Lac ,"₹3,371 per sqft ",600 sqft,Ready to Move,2,4 out of 4,Main Road,North - West,,1,,Freehold,Resale
"3 BHK Flat  for Sale in  Khardah Station Road, Kolkata",₹30 Lac ,"₹2,857 per sqft ",1000 sqft,Ready to Move,2,2 out of 4,Main Road,West,,1,,Freehold,New Property
" Studio Apartment  for Sale in  Ganguly Bagan, Beliaghata, Kolkata",₹15 Lac ,"₹4,615 per sqft ",325 sqft,Ready to Move,1,Ground out of 4,,,,,,,Resale
"4 BHK Flat  for Sale in  Ballygunge Place, Ballygunge, Kolkata",₹2.15 Cr ,,2100 sqft,Ready to Move,3,1 out of 3,,,,3,,Freehold,Resale
"2 BHK Flat  for Sale in  Purba Barisha, Kolkata",₹30 Lac ,"₹4,000 per sqft ",650 sqft,Ready to Move,2,Ground out of 4,,South,,,,Freehold,Resale
"2 BHK Flat  for Sale in  Mukundapur, Kolkata",₹70 Lac ,,936 sqft,Ready to Move,2,3 out of 4,"Pool, Garden/Park",East,,1,Bengal Abasan Urban Sabujayan,Freehold,Resale
"3 BHK Flat  for Sale in  Rajarhat, Kolkata",₹1.75 Cr ,"₹6,034 per sqft ",2100 sqft,Ready to Move,3,1 out of 5,"Pool, Garden/Park",North - East,1 Covered,2,Vedic Sanjeeva Gardens,Freehold,Resale
"1 BHK Flat  for Sale in  Haridevpur, Paschim Putiary, Kolkata",₹25 Lac ,"₹3,846 per sqft ",550 sqft,Ready to Move,1,1 out of 3,,,,1,,,Resale
"2 BHK Flat  for Sale in  Khardah Station Road, Kolkata",₹21.5 Lac ,"₹2,945 per sqft ",730 sqft,Ready to Move,2,3 out of 4,,,,,,,Resale
"3 BHK Flat  for Sale in  Hazra, Kalighat, Kolkata",₹1.30 Cr ,"₹8,966 per sqft ",1450 sqft,Ready to Move,2,2 out of 3,,,,,,,Resale
3 BHK Flat  for Sale in   Kolkata,₹65 Lac ,"₹5,159 per sqft ",1203 sqft,Ready to Move,2,3 out of 5,"Garden/Park, Pool, Main Road",,,1,,Freehold,Resale
"6 BHK Flat  for Sale in  Howrah, Kolkata",₹1.55 Cr ,"₹5,905 per sqft ",2100 sqft,Ready to Move,4,2 out of 5,Main Road,East,,3,Fortune Annapurna Apartment,Freehold,Resale
"5 BHK Flat  for Sale in  New Alipore, Kolkata",₹1.45 Cr ,"₹8,529 per sqft ",1459 sqft,Ready to Move,2,2 out of 3,,,,2,,,Resale
"2 BHK Flat  for Sale in  Joka, Kolkata",₹35 Lac ,"₹4,510 per sqft ",478 sqft,,2,1 out of 5,Main Road,South - East,,1,,Freehold,Resale
3 BHK Flat  for Sale in   Kolkata,₹25 Lac ,"₹2,500 per sqft ",1000 sqft,Ready to Move,2,3 out of 5,,South - East,,1,,Freehold,Resale
"2 BHK Flat  for Sale in  Belghoria, Kolkata",₹32 Lac ,"₹3,902 per sqft ",820 sqft,Ready to Move,2,3 out of 4,,,,1,,,Resale
"3 BHK Flat  for Sale in  Eastern Metropolitan Bypass, Kolkata",₹83 Lac ,"₹6,148 per sqft ",1150 sqft,Ready to Move,3,2 out of 4,Main Road,South,,3,Eden Elegante,Freehold,Resale
"2 BHK Flat  for Sale in  Lake Town, Kolkata",₹68 Lac ,"₹6,501 per sqft ",1046 sqft,Ready to Move,2,2 out of 8,,,,,,Freehold,Resale
"2 BHK Flat  for Sale in  Hussainpur, Kolkata",₹29 Lac ,,810 sqft,Ready to Move,2,1 out of 1,,East,2 Covered,1,,,Resale
"5 BHK Flat  for Sale in  New Town, Kolkata",₹2.75 Cr ,"₹8,221 per sqft ",3345 sqft,Ready to Move,5,24 out of 25,,,,,DLF IT Park I,,Resale
"3 BHK Flat  for Sale in  Alipore, Kolkata",₹1.25 Cr ,"₹11,650 per sqft ",859 sqft,Ready to Move,2,1 out of 5,"Garden/Park, Main Road",West,1 Covered,,Shanti Vihar,Freehold,Resale
"3 BHK Flat  for Sale in  Barrackpore Trunk Road, Kolkata",₹42 Lac ,"₹4,941 per sqft ",750 sqft,Ready to Move,2,3 out of 3,,,,1,Uttarayan Housing Estate,,Resale
2 BHK Flat  for Sale in   Kolkata,₹24 Lac ,"₹3,609 per sqft ",665 sqft,Ready to Move,2,4 out of 5,Main Road,East,,1,,,Resale
2 BHK Flat  for Sale in   Kolkata,₹47 Lac ,"₹4,901 per sqft ",959 sqft,Ready to Move,2,2 out of 3,,,,,,,Resale
"3 BHK Flat  for Sale in  Naihati Station Road, Kolkata",₹48 Lac ,,1000 sqft,Ready to Move,2,1 out of 4,,South - East,,1,,Freehold,Resale
"2 BHK Flat  for Sale in  Dum Dum, Kolkata",₹41 Lac ,"₹4,767 per sqft ",660 sqft,Ready to Move,2,6 out of 6,,East,,1,Pushpaneer Apartment,Freehold,Resale
"2 BHK Flat  for Sale in  Eastern Metropolitan Bypass, Kolkata",₹1.30 Cr ,"₹13,684 per sqft ",700 sqft,Ready to Move,2,6 out of 44,"Garden/Park, Main Road",North - West,,1,Bengal Peerless Avidipta Phase 2,Freehold,Resale
"3 BHK Flat  for Sale in  Thakdari, Kolkata",₹70 Lac ,"₹6,029 per sqft ",798 sqft,Ready to Move,2,1 out of 4,Garden/Park,South,1 Covered,2,,Freehold,Resale
"2 BHK Flat  for Sale in  New Town, Kolkata",₹36 Lac ,"₹3,996 per sqft ",901 sqft,Ready to Move,2,5 out of 6,,,,,,,Resale
"2 BHK Flat  for Sale in  Hati Bagan, Kolkata",₹1.20 Cr ,"₹12,565 per sqft ",955 sqft,Ready to Move,2,3 out of 4,,East,2 Covered,,,,Resale
"2 BHK Flat  for Sale in  Chandannagar, Hooghly-Chinsurah, Kolkata",₹25 Lac ,"₹4,167 per sqft ",500 sqft,Ready to Move,1,1 out of 3,,South -West,,1,Sananda Apartment,,Resale
3 BHK Flat  for Sale in   Kolkata,₹35 Lac ,"₹3,182 per sqft ",1100 sqft,Ready to Move,2,2 out of 5,,,,,,,Resale
2 BHK Flat  for Sale in   Kolkata,₹30 Lac ,"₹3,125 per sqft ",960 sqft,Ready to Move,2,4 out of 4,,,,,,,Resale
"2 BHK Flat  for Sale in  Desh Bandhu Nagar Baguiati, Kolkata",₹39 Lac ,"₹4,637 per sqft ",841 sqft,Ready to Move,2,3 out of 3,,,,,,,Resale
"3 BHK Flat  for Sale in  Kestopur, Kolkata",₹58.3 Lac ,"₹5,000 per sqft ",1165 sqft,Ready to Move,2,7 out of 9,Main Road,South - East,22 Covered,2,,Freehold,Resale
4 BHK Flat  for Sale in   Kolkata,₹1.30 Cr ,"₹7,307 per sqft ",1779 sqft,,3,4 out of 5,Main Road,North - West,,,,Freehold,Resale
"3 BHK Flat  for Sale in  Tiljala Road, Kolkata",₹70 Lac ,"₹6,667 per sqft ",1050 sqft,Ready to Move,2,2 out of 4,,,,1,,,Resale
"3 BHK Flat  for Sale in  Nayabad, Kolkata",₹69 Lac ,"₹5,000 per sqft ",1380 sqft,Ready to Move,2,4 out of 4,,,1 Covered,2,,Freehold,Resale
"2 BHK Flat  for Sale in  Sarsuna, Kolkata",₹26 Lac ,"₹3,106 per sqft ",837 sqft,Ready to Move,2,2 out of 5,,,,,,,Resale
"1 BHK Flat  for Sale in  Behala Chowrasta, Kolkata",₹17.5 Lac ,"₹4,342 per sqft ",403 sqft,Ready to Move,1,1 out of 3,,,,1,Srijan Greenfield City,Freehold,Resale
"2 BHK Flat  for Sale in  Batanagar, Kolkata",₹28 Lac ,"₹3,933 per sqft ",447 sqft,Ready to Move,2,11 out of 14,"Garden/Park, Main Road",South - East,,1,Hiland Greens,Power Of Attorney,Resale
"2 BHK Flat  for Sale in  Howrah, Kolkata",₹20 Lac ,"₹3,810 per sqft ",525 sqft,Ready to Move,1,1 out of 4,,,,1,,,Resale
"3 BHK Flat  for Sale in  Chinar Park, Rajarhat, Kolkata",₹92 Lac ,"₹6,502 per sqft ",925 sqft,,2,2 out of 5,"Garden/Park, Pool",South,,2,Dashdrone,Freehold,New Property
"2 BHK Flat  for Sale in  Singur Station Bazar Road, Kolkata",₹35 Lac ,"₹3,280 per sqft ",1067 sqft,Ready to Move,2,4 out of 4,,,,,,,Resale
"2 BHK Flat  for Sale in  Chit Kalikapur, Mukundapur, Kolkata",₹50 Lac ,"₹5,236 per sqft ",700 sqft,Ready to Move,2,4 out of 4,Main Road,South - East,1 Covered,1,,Freehold,Resale
"2 BHK Flat  for Sale in  Kalikapur Road, Kolkata",₹55 Lac ,"₹6,524 per sqft ",712 sqft,Ready to Move,2,2 out of 3,,West,,1,Deeshari 1,Freehold,Resale
"2 BHK Flat  for Sale in  Regent Park, Kolkata",₹54.5 Lac ,"₹5,343 per sqft ",850 sqft,Ready to Move,2,Ground out of 5,"Garden/Park, Main Road",North - West,,1,Builcon Golf Link Apartment,Freehold,Resale
"3 BHK Flat  for Sale in  New Barrakpur, Kolkata",₹70 Lac ,"₹5,752 per sqft ",917 sqft,Ready to Move,2,3 out of 4,,,,1,Srijan Midlands,Freehold,Resale
"3 BHK Flat  for Sale in  Ballygunge, Kolkata",₹1.80 Cr ,"₹15,000 per sqft ",960 sqft,Ready to Move,3,5 out of 5,Main Road,South - East,1 Covered,1,,Freehold,Resale
"2 BHK Flat  for Sale in  Tollygunge, Kolkata",₹75 Lac ,"₹7,317 per sqft ",1025 sqft,Ready to Move,2,1 out of 5,,,,,,,Resale
"2 BHK Flat  for Sale in  Ganguly Bagan, Beliaghata, Kolkata",₹45 Lac ,"₹5,000 per sqft ",900 sqft,Ready to Move,2,Ground out of 2,"Garden/Park, Main Road",North - West,1 Open,1,,Freehold,Resale
"3 BHK Flat  for Sale in  Joka, Kolkata",₹90 Lac ,"₹6,637 per sqft ",1356 sqft,Ready to Move,3,1 out of 14,,,,,Godrej Seven,,Resale
"2 BHK Flat  for Sale in  Tara Pukur South, Kolkata",₹33 Lac ,"₹3,367 per sqft ",750 sqft,Ready to Move,2,2 out of 5,,East,,1,,Freehold,Resale
"2 BHK Flat  for Sale in  Birati, Kolkata",₹35 Lac ,"₹5,303 per sqft ",660 sqft,Ready to Move,1,1 out of 5,Main Road,North,,,,Freehold,Resale
"2 BHK Flat  for Sale in  Parnasree Palli, Kolkata",₹45 Lac ,"₹5,435 per sqft ",638 sqft,Ready to Move,2,1 out of 3,"Garden/Park, Main Road",West,1 Covered,1,Anandam Apartment,Freehold,Resale
"1 BHK Flat  for Sale in  Raja Rammohan Roy Road, Kolkata",₹22 Lac ,"₹3,667 per sqft ",600 sqft,Ready to Move,1,Ground out of 3,Main Road,,,1,,Freehold,Resale
"3 BHK Flat  for Sale in  Entally, Kolkata",₹1.50 Cr ,"₹10,000 per sqft ",1100 sqft,Ready to Move,3,1 out of 3,Main Road,West,,2,,Freehold,Resale
"2 BHK Flat  for Sale in  Joka, Kolkata",₹58 Lac ,"₹6,346 per sqft ",914 sqft,Ready to Move,2,2 out of 14,,South -West,,1,DTC Southern Heights,Freehold,Resale
"2 BHK Flat  for Sale in  Birati, Kolkata",₹24 Lac ,"₹3,324 per sqft ",600 sqft,Ready to Move,1,1 out of 3,,,,1,,,Resale
"4 BHK Flat  for Sale in  Ballygunge Park Road, Kolkata",₹6 Cr ,"₹18,750 per sqft ",3200 sqft,Ready to Move,4,1 out of 5,,,,,,,Resale
"2 BHK Flat  for Sale in  East Kolkata Township, Kolkata",₹49 Lac ,"₹5,765 per sqft ",850 sqft,Ready to Move,3,Ground out of 4,,,,,Manjulika A,,Resale
"2 BHK Flat  for Sale in  Garia Station Road, Kolkata",₹45 Lac ,"₹5,556 per sqft ",680 sqft,Ready to Move,1,1 out of 3,,South,,1,,,Resale
"3 BHK Flat  for Sale in  Entally, Kolkata",₹2.15 Cr ,"₹13,505 per sqft ",1592 sqft,Ready to Move,2,4 out of 14,Garden/Park,North - East,,1,BG La Convent,Freehold,Resale
"3 BHK Flat  for Sale in  Watganj, Kolkata",₹58 Lac ,,1250 sqft,Ready to Move,2,2 out of 3,,,,1,,,Resale
"2 BHK Flat  for Sale in  SCRM Road, Kolkata",₹83 Lac ,"₹6,715 per sqft ",1236 sqft,Ready to Move,2,4 out of 6,Main Road,East,1 Covered,,,,Resale
"2 BHK Flat  for Sale in  Santoshpur, Kolkata",₹42 Lac ,"₹4,730 per sqft ",700 sqft,Ready to Move,2,2 out of 3,,North - East,,1,,Freehold,Resale
1 BHK Flat  for Sale in   Kolkata,₹14 Lac ,"₹3,146 per sqft ",445 sqft,Ready to Move,1,Ground out of 5,Garden/Park,North,,1,Srijan Green Field City,Freehold,Resale
"2 BHK Flat  for Sale in  Boral Main Road, Kolkata",₹26.5 Lac ,"₹3,280 per sqft ",808 sqft,Ready to Move,2,4 out of 4,,North - East,,1,,Freehold,Resale
"2 BHK Flat  for Sale in  Bansdroni, Kolkata",₹34 Lac ,"₹2,833 per sqft ",950 sqft,Ready to Move,2,Ground out of 4,Main Road,North,,,Ashutosh Apartment,Freehold,New Property
"2 BHK Flat  for Sale in  Sonarpur Station Road, Kolkata",₹26 Lac ,"₹3,421 per sqft ",710 sqft,Ready to Move,2,3 out of 3,"Garden/Park, Main Road",South,,1,,Freehold,Resale
"5 BHK Flat  for Sale in  Jayashree Park Behala, Kolkata",₹93.1 Lac ,"₹5,000 per sqft ",1862 sqft,Ready to Move,4,3 out of 4,Garden/Park,,7 Covered,2,,Freehold,Resale
"1 BHK Flat  for Sale in  Haripada Dutta Lane, Kolkata",₹42 Lac ,"₹6,462 per sqft ",520 sqft,Ready to Move,1,1 out of 3,,,,,,,Resale
"2 BHK Flat  for Sale in  Tollygunge, Kolkata",₹45 Lac ,"₹4,797 per sqft ",900 sqft,Ready to Move,2,4 out of 4,,,,1,Eden Tolly Signature Phase 2,,Resale
"2 BHK Flat  for Sale in  Naktala, Garia, Kolkata",₹40 Lac ,"₹4,348 per sqft ",900 sqft,Ready to Move,2,4 out of 4,,,,2,,,Resale
"2 BHK Flat  for Sale in  Bapuji Nagar, Kolkata",₹30 Lac ,"₹4,054 per sqft ",640 sqft,Ready to Move,1,3 out of 3,,,,2,,Power Of Attorney,Resale
"3 BHK Flat  for Sale in  Action Area 2, Kolkata",₹85 Lac ,"₹6,939 per sqft ",850 sqft,Ready to Move,2,1 out of 4,Garden/Park,North - East,1 Covered,1,,Freehold,Resale
"3 BHK Flat  for Sale in  Kanchrapara, Kolkata",₹33 Lac ,"₹2,276 per sqft ",1225 sqft,Ready to Move,2,3 out of 4,"Main Road, Garden/Park",South - East,,1,Subhra Padma Palace,Freehold,Resale
2 BHK Flat  for Sale in   Kolkata,₹32 Lac ,"₹2,667 per sqft ",1050 sqft,Ready to Move,2,1 out of 4,Main Road,North,,1,,,Resale
"2 BHK Flat  for Sale in  Chinsurah, Kolkata",₹25 Lac ,"₹2,759 per sqft ",755 sqft,Ready to Move,2,3 out of 4,Main Road,North - East,,2,,,Resale
"2 BHK Flat  for Sale in  Ballygunge, Kolkata",₹1.80 Cr ,"₹10,909 per sqft ",1403 sqft,Ready to Move,2,Ground out of 3,"Garden/Park, Main Road",South - East,,1,,Freehold,Resale
"3 BHK Flat  for Sale in  Jessore Road, Kolkata",₹2.20 Cr ,"₹11,458 per sqft ",1800 sqft,Ready to Move,3,4 out of 11,"Pool, Garden/Park, Main Road",South,,3,Emami City,Freehold,Resale
"2 BHK Flat  for Sale in  Dhakuria, Kolkata",₹2 Cr ,"₹16,667 per sqft ",1000 sqft,Ready to Move,2,2 out of 5,Main Road,South - East,,,,Freehold,Resale
2 BHK Flat  for Sale in   Kolkata,₹58 Lac ,"₹5,800 per sqft ",1000 sqft,Ready to Move,2,5 out of 9,Main Road,South -West,,1,,Freehold,Resale
"2 BHK Flat  for Sale in  Bramhapur, Kolkata",₹43 Lac ,"₹4,000 per sqft ",1075 sqft,Ready to Move,2,2 out of 4,,South,,1,Subham Plaza,Freehold,New Property
"5 BHK Flat  for Sale in  Ramgarh Garia, Kolkata",₹1.30 Cr ,"₹5,909 per sqft ",2200 sqft,Ready to Move,4,2 out of 3,,,,,,,Resale
"3 BHK Flat  for Sale in  Rishra, Kolkata",₹31.5 Lac ,"₹2,994 per sqft ",1052 sqft,Ready to Move,2,1 out of 5,Main Road,East,"1 Covered,",1,Govindnagar Rishra,Freehold,New Property
"2 BHK Flat  for Sale in  Rajarhat, Kolkata",₹40 Lac ,"₹4,301 per sqft ",930 sqft,Ready to Move,2,5 out of 5,"Garden/Park, Main Road",South -West,1 Covered,1,Dream Apartments,Freehold,Resale
"3 BHK Flat  for Sale in  Lake Gardens, Kolkata",₹1.80 Cr ,"₹10,588 per sqft ",1575 sqft,Ready to Move,2,1 out of 6,Main Road,South,,3,,Freehold,Resale
"2 BHK Flat  for Sale in  Motilal Colony, Kolkata",₹40 Lac ,"₹4,255 per sqft ",800 sqft,Ready to Move,2,4 out of 4,"Garden/Park, Main Road",South - East,,1,,Freehold,New Property
"2 BHK Flat  for Sale in  East Belgharia, Kolkata",₹62 Lac ,"₹6,843 per sqft ",906 sqft,Ready to Move,2,14 out of 14,Main Road,East,,1,Space Aurum,Freehold,Resale
3 BHK Flat  for Sale in   Kolkata,₹32 Lac ,"₹3,765 per sqft ",80 sqft,Ready to Move,2,Ground out of 7,,,,,,,Resale
"3 BHK Flat  for Sale in  Narendrapur Rajpur Sonarpur, Kolkata",₹72 Lac ,"₹5,854 per sqft ",1150 sqft,Ready to Move,2,3 out of 4,Garden/Park,East,,2,Eden Richmond Park,Freehold,Resale
"2 BHK Flat  for Sale in  Serampore, Kolkata",₹18 Lac ,"₹2,703 per sqft ",666 sqft,Ready to Move,2,2 out of 6,,,,,,,Resale
3 BHK Flat  for Sale in   Kolkata,₹1.10 Cr ,"₹9,091 per sqft ",1210 sqft,Ready to Move,2,Ground out of 6,,,,1,,,Resale
"3 BHK Flat  for Sale in  Uttarpara Chinsurah, Kolkata",₹32 Lac ,"₹3,232 per sqft ",820 sqft,Ready to Move,2,4 out of 4,,South - East,,,,Freehold,Resale
"3 BHK Flat  for Sale in  Sector 5 Salt Lake City, Kolkata",₹1.10 Cr ,"₹7,129 per sqft ",1235 sqft,Ready to Move,2,4 out of 4,Main Road,South - East,,4,,Freehold,Resale
"2 BHK Flat  for Sale in  Garia, Kolkata",₹30 Lac ,"₹3,571 per sqft ",700 sqft,Ready to Move,2,3 out of 3,Garden/Park,North - East,,1,,Freehold,Resale
3 BHK Flat  for Sale in   Kolkata,₹80 Lac ,"₹5,575 per sqft ",1150 sqft,Ready to Move,2,3 out of 4,"Garden/Park, Main Road",South - East,,1,South City Villa,Freehold,Resale
"3 BHK Flat  for Sale in  Chinar Park, Rajarhat, Kolkata",₹1.69 Cr ,,2100 sqft,Ready to Move,3,4 out of 5,Main Road,North - East,,1,Sitaram Apartment,Freehold,Resale
"1 BHK Flat  for Sale in  Madhyamgram, Kolkata",₹15 Lac ,"₹3,000 per sqft ",425 sqft,Ready to Move,1,3 out of 4,Main Road,East,,1,,,Resale
"2 BHK Flat  for Sale in  Kaikhali, Kolkata",₹50 Lac ,"₹5,112 per sqft ",978 sqft,,2,3 out of 5,,,,1,Sharnam,,Resale
"1 BHK Flat  for Sale in  New Barrakpur, Kolkata",₹14 Lac ,"₹3,125 per sqft ",380 sqft,Ready to Move,1,4 out of 4,Main Road,East,,1,,Freehold,Resale
"2 BHK Flat  for Sale in  Uniworld City, Rajarhat Newtown, Kolkata",₹2.75 Cr ,"₹15,896 per sqft ",1718 sqft,Ready to Move,2,4 out of 50,,East,,2,Rosedale Garden,Freehold,Resale
"3 BHK Flat  for Sale in  Picnic Garden, Tiljala, Kolkata",₹85 Lac ,"₹6,296 per sqft ",1350 sqft,Ready to Move,3,3 out of 3,Garden/Park,South,2 Covered,3,,Freehold,Resale
"2 BHK Flat  for Sale in  Garia, Kolkata",₹48 Lac ,"₹5,556 per sqft ",655 sqft,Ready to Move,2,3 out of 3,Garden/Park,East,,1,,Freehold,Resale
3 BHK Flat  for Sale in   Kolkata,₹64 Lac ,"₹5,714 per sqft ",1085 sqft,Ready to Move,2,2 out of 3,,South - East,,2,,Freehold,Resale
"2 BHK Flat  for Sale in  Dum Dum Cantonment, Kolkata",₹35 Lac ,"₹4,375 per sqft ",650 sqft,Ready to Move,2,Ground out of 4,,,,2,,,Resale
"3 BHK Flat  for Sale in  Barrackpore, Kolkata",₹42 Lac ,"₹3,750 per sqft ",1120 sqft,Ready to Move,2,3 out of 3,,South -West,,1,,,Resale
"1 BHK Flat  for Sale in  Dankuni, Kolkata",₹16 Lac ,"₹3,383 per sqft ",473 sqft,Ready to Move,1,2 out of 3,,West,,1,Dankuni Government Housing Complex,,Resale
"3 BHK Flat  for Sale in  Barrackpore, Kolkata",₹49.5 Lac ,"₹3,536 per sqft ",990 sqft,Ready to Move,2,2 out of 4,"Garden/Park, Pool, Main Road",South,,2,Riya Gitanjali,Freehold,Resale
"2 BHK Flat  for Sale in  Amtala, Diamond Harbour Road, Kolkata",₹21 Lac ,"₹3,371 per sqft ",623 sqft,Ready to Move,2,3 out of 4,"Garden/Park, Pool, Main Road",East,,1,Srijan Swapno Puron,Freehold,Resale
"2 BHK Flat  for Sale in  Rajarhat, Kolkata",₹56.7 Lac ,"₹7,319 per sqft ",774 sqft,Ready to Move,2,12 out of 12,,South -West,,1,Realtech HIJIBIJI,,Resale
"2 BHK Flat  for Sale in  Purbachal Main Road, Kolkata",₹30.3 Lac ,"₹4,665 per sqft ",650 sqft,,2,3 out of 3,,,,,,,Resale
2 BHK Flat  for Sale in   Kolkata,₹50 Lac ,"₹4,202 per sqft ",990 sqft,Ready to Move,2,1 out of 3,,,,1,,,Resale
"2 BHK Flat  for Sale in  Rash Behari Avenue Connector, Kolkata",₹1.35 Cr ,"₹11,489 per sqft ",940 sqft,Ready to Move,2,4 out of 5,Main Road,South,1 Covered,1,,Freehold,Resale
"2 BHK Flat  for Sale in  P Majumder Road, Haltu, Kolkata",₹40 Lac ,"₹5,161 per sqft ",775 sqft,Ready to Move,2,Ground out of 4,,,,1,,Power Of Attorney,Resale
"4 BHK Flat  for Sale in  Jadavpur Central Road, Kolkata",₹1 Cr ,"₹6,250 per sqft ",1600 sqft,Ready to Move,3,1 out of 3,Main Road,East,,1,,Freehold,Resale
"2 BHK Flat  for Sale in  Gouranganagar, Kolkata",₹47 Lac ,"₹5,165 per sqft ",700 sqft,Ready to Move,2,4 out of 4,"Pool, Garden/Park, Main Road",South,,1,GPS Meena Aurum Phase 2,Freehold,Resale
"2 BHK Flat  for Sale in  Maheshtala, Kolkata",₹25 Lac ,"₹3,086 per sqft ",550 sqft,Ready to Move,2,11 out of 13,,West,,1,Hiland Greens,Freehold,Resale
"2 BHK Flat  for Sale in  Joka, Kolkata",₹43 Lac ,"₹5,718 per sqft ",526 sqft,Ready to Move,2,2 out of 9,Garden/Park,North - West,,2,Gems City,Freehold,Resale
"3 BHK Flat  for Sale in  Bhangar, Kolkata",₹35 Lac ,"₹3,821 per sqft ",687 sqft,Ready to Move,2,4 out of 6,,,,1,Simoco Sanhita Housing Complex Commercial,,Resale
2 BHK Flat  for Sale in   Kolkata,₹27 Lac ,"₹4,154 per sqft ",500 sqft,Ready to Move,1,2 out of 4,,,,1,,,Resale
3 BHK Flat  for Sale in   Kolkata,₹82 Lac ,"₹6,406 per sqft ",1280 sqft,Ready to Move,2,3 out of 3,Main Road,South - East,,1,,Freehold,Resale
"7 BHK Flat  for Sale in  Podara, Kolkata",₹1.50 Cr ,"₹3,676 per sqft ",3400 sqft,Ready to Move,5,4 out of 5,"Garden/Park, Main Road",South - East,,4,,Freehold,Resale
"2 BHK Flat  for Sale in  Barrackpore Trunk Road, Kolkata",₹52 Lac ,"₹5,810 per sqft ",519 sqft,Ready to Move,2,5 out of 21,"Pool, Garden/Park, Main Road",West,4 Covered,2,Godrej Prakriti,Co-operative Society,Resale
"2 BHK Flat  for Sale in  Rabindrapally Garia, Kolkata",₹30 Lac ,"₹4,286 per sqft ",650 sqft,Ready to Move,2,3 out of 4,Main Road,South - East,,1,Reputed Kendua Apartment,Freehold,Resale
"2 BHK Flat  for Sale in  Purba Putiary, Kolkata",₹35 Lac ,"₹4,605 per sqft ",760 sqft,Ready to Move,2,1 out of 4,,,,1,,,Resale
"2 BHK Flat  for Sale in  Behala Thana, Kolkata",₹35 Lac ,"₹5,000 per sqft ",600 sqft,Ready to Move,2,4 out of 4,Main Road,South - East,,1,Behala,Freehold,Resale
"2 BHK Flat  for Sale in  Kestopur, Kolkata",₹33 Lac ,"₹3,474 per sqft ",950 sqft,Ready to Move,2,3 out of 5,Main Road,North,,1,,Freehold,Resale
"2 BHK Flat  for Sale in  Narkel Bagan, Kolkata",₹68 Lac ,"₹8,000 per sqft ",650 sqft,Ready to Move,2,1 out of 4,,South,10 Open,1,,Co-operative Society,Resale
"3 BHK Flat  for Sale in  Chiriamore, Kolkata",₹1.55 Cr ,"₹11,183 per sqft ",1386 sqft,Ready to Move,2,4 out of 20,"Garden/Park, Main Road",South - East,2 Open,1,Avishi Trident,Freehold,Resale
"3 BHK Flat  for Sale in  Rishra, Kolkata",₹37.5 Lac ,"₹3,000 per sqft ",1250 sqft,Ready to Move,3,4 out of 5,,,,,,,Resale
"3 BHK Flat  for Sale in  Rajpur, Kolkata",₹42 Lac ,"₹4,541 per sqft ",925 sqft,Ready to Move,2,3 out of 4,,,,1,Pacific Dale,,Resale
"2 BHK Flat  for Sale in  Maheshtala, Kolkata",₹27 Lac ,"₹3,792 per sqft ",712 sqft,Ready to Move,2,13 out of 14,,,,1,Hiland Greens,Freehold,Resale
"2 BHK Flat  for Sale in  Howrah, Kolkata",₹55 Lac ,"₹5,556 per sqft ",990 sqft,Ready to Move,2,1 out of 5,Garden/Park,East,,1,Swapna Lok,Freehold,Resale
" Studio Apartment  for Sale in  Raigachi, Kolkata",₹34.8 Lac ,"₹6,000 per sqft ",580 sqft,Ready to Move,1,7 out of 10,,,,1,,,Resale
"3 BHK Flat  for Sale in  Mahish Bathan, Kolkata",₹3.11 Cr ,"₹15,046 per sqft ",1501 sqft,Ready to Move,3,6 out of 24,"Pool, Garden/Park",South,1 Covered,1,Merlin 5th Avenue,,Resale
3 BHK Flat  for Sale in   Kolkata,₹1.85 Cr ,"₹12,252 per sqft ",1200 sqft,Ready to Move,2,2 out of 10,"Pool, Garden/Park, Main Road",South - East,,1,,Freehold,Resale
"3 BHK Flat  for Sale in  Rajarhat, Kolkata",₹65 Lac ,"₹6,500 per sqft ",1000 sqft,Ready to Move,2,1 out of 7,,,,,,,Resale
"2 BHK Flat  for Sale in  Bansdroni, Kolkata",₹26.8 Lac ,"₹3,821 per sqft ",550 sqft,Ready to Move,2,2 out of 4,,,,,Maa Bansdroni Park,Freehold,Resale
"2 BHK Flat  for Sale in  Kaikhali, Kolkata",₹35 Lac ,"₹4,118 per sqft ",700 sqft,Ready to Move,2,1 out of 3,"Garden/Park, Main Road",North,1 Open,2,,Freehold,
"3 BHK Flat  for Sale in  Maheshtala, Kolkata",₹39.8 Lac ,"₹2,890 per sqft ",963 sqft,Ready to Move,2,1 out of 15,"Garden/Park, Pool",West,1 Open,1,Eden City Maheshtala,Freehold,Resale
2 BHK Flat  for Sale in   Kolkata,₹30 Lac ,"₹5,263 per sqft ",570 sqft,Ready to Move,1,1 out of 3,,,,1,,Freehold,Resale
"2 BHK Flat  for Sale in  Alipore, Kolkata",₹92 Lac ,"₹8,679 per sqft ",1060 sqft,Ready to Move,2,4 out of 5,Main Road,,,1,Shubham Apartments,Freehold,Resale
"2 BHK Flat  for Sale in  Barrackpore Barasat Road, Kolkata",₹35 Lac ,"₹3,995 per sqft ",876 sqft,Ready to Move,2,1 out of 3,,,,,,,Resale
"2 BHK Flat  for Sale in  Kasba, Kolkata",₹28 Lac ,"₹3,608 per sqft ",776 sqft,Ready to Move,1,3 out of 3,,,,,,,Resale
2 BHK Flat  for Sale in   Kolkata,₹25 Lac ,,750 sqft,Ready to Move,2,3 out of 4,,,,1,,Freehold,Resale
"3 BHK Flat  for Sale in  Anandapur, Kolkata",₹6 Cr ,"₹19,188 per sqft ",3127 sqft,Ready to Move,5,36 out of 42,,,,,Bengal Urbana Phase 2,,Resale
3 BHK Flat  for Sale in   Kolkata,₹55 Lac ,"₹6,875 per sqft ",800 sqft,Ready to Move,2,1 out of 3,,,,,,,Resale
2 BHK Flat  for Sale in   Kolkata,₹35 Lac ,"₹4,667 per sqft ",637 sqft,Ready to Move,2,2 out of 3,,North - East,,,,Freehold,Resale
1 BHK Flat  for Sale in   Kolkata,₹17 Lac ,"₹3,680 per sqft ",462 sqft,Ready to Move,1,2 out of 4,,,,1,,,Resale
"2 BHK Flat  for Sale in  Alipore, Kolkata",₹1.51 Cr ,"₹9,102 per sqft ",1434 sqft,Ready to Move,2,13 out of 14,"Garden/Park, Main Road",South,1 Open,,Amar Jyoti,Freehold,Resale
"2 BHK Flat  for Sale in  Joka, Kolkata",₹56 Lac ,"₹5,882 per sqft ",680 sqft,Ready to Move,2,10 out of 18,Pool,,,3,Orchard PH 2B at Godrej Se7en,,Resale
2 BHK Flat  for Sale in   Kolkata,₹45 Lac ,"₹6,000 per sqft ",735 sqft,Ready to Move,2,Ground out of 3,,North - East,,,,,Resale
"3 BHK Flat  for Sale in  Behala, Kolkata",₹55 Lac ,"₹4,955 per sqft ",1110 sqft,Ready to Move,2,1 out of 12,,,,,,,Resale
"1 BHK Flat  for Sale in  New Town, Kolkata",₹25 Lac ,"₹5,556 per sqft ",352 sqft,Ready to Move,1,3 out of 4,Garden/Park,North - East,,1,Shapoorji Pallonji Shukhobrishti Spandan Phase 10,Freehold,Resale
"3 BHK Flat  for Sale in  Lahabagan Sreebhumi, Kolkata",₹88.4 Lac ,"₹6,800 per sqft ",1000 sqft,Ready to Move,2,1 out of 7,Main Road,East,1 Covered,1,,Freehold,Resale
"1 BHK Flat  for Sale in  Baishnabghata, Garia, Kolkata",₹32 Lac ,"₹6,478 per sqft ",494 sqft,Ready to Move,2,1 out of 3,Main Road,East,,,,Freehold,Resale
2 BHK Flat  for Sale in   Kolkata,₹18 Lac ,"₹2,384 per sqft ",755 sqft,Ready to Move,1,Ground out of 4,,,,,,,Resale
"2 BHK Flat  for Sale in  Airport Area, Kolkata",₹42 Lac ,"₹4,375 per sqft ",800 sqft,Ready to Move,2,3 out of 4,Main Road,,,1,,Freehold,New Property
2 BHK Flat  for Sale in   Kolkata,₹42 Lac ,"₹3,900 per sqft ",786 sqft,Ready to Move,2,3 out of 3,Main Road,East,,1,,Freehold,Resale
"3 BHK Flat  for Sale in  Noapara, Kolkata",₹45 Lac ,"₹4,245 per sqft ",850 sqft,Ready to Move,2,5 out of 5,Main Road,North - East,,1,,Freehold,Resale
"4 BHK Flat  for Sale in  New Town, Kolkata",₹4.50 Cr ,"₹23,124 per sqft ",1556 sqft,Ready to Move,5,15 out of 16,"Garden/Park, Main Road",South,2 Covered,4,TATA Avenida,Freehold,Resale
"3 BHK Flat  for Sale in  Nayabad, Kolkata",₹60 Lac ,"₹4,580 per sqft ",1050 sqft,Ready to Move,2,3 out of 4,Main Road,South,,1,,,Resale
3 BHK Flat  for Sale in   Kolkata,₹45 Lac ,"₹3,000 per sqft ",1200 sqft,Ready to Move,2,3 out of 3,,East,2 Open,1,,Freehold,Resale
"3 BHK Flat  for Sale in  CIT Road Scheme 6M, Kolkata",₹76 Lac ,"₹6,245 per sqft ",1217 sqft,Ready to Move,3,1 out of 1,,West,,1,,Freehold,Resale
"5 BHK Flat  for Sale in  Saha Para Fartabad, Kolkata",₹1.30 Cr ,"₹5,328 per sqft ",1830 sqft,Ready to Move,4,1 out of 4,"Garden/Park, Pool, Main Road",North,2 Covered,2,,Freehold,Resale
"2 BHK Flat  for Sale in  Manohar Pukur Road, Kolkata",₹80 Lac ,"₹9,091 per sqft ",880 sqft,Ready to Move,2,4 out of 5,,,,1,,Freehold,Resale
3 BHK Flat  for Sale in   Kolkata,₹55 Lac ,"₹4,778 per sqft ",1046 sqft,Ready to Move,2,1 out of 4,,,,1,,,Resale
"1 BHK Flat  for Sale in  Behala Chowrasta, Kolkata",₹21 Lac ,"₹3,665 per sqft ",573 sqft,Ready to Move,1,1 out of 3,,,,,,,Resale
"3 BHK Flat  for Sale in  Jadavpur Central Road, Kolkata",₹70 Lac ,"₹5,833 per sqft ",1200 sqft,Ready to Move,2,3 out of 4,,,,,,,Resale
2 BHK Flat  for Sale in   Kolkata,₹22 Lac ,"₹3,487 per sqft ",600 sqft,Ready to Move,2,2 out of 5,,,,,Tanvir Aashiyana,,Resale
"3 BHK Flat  for Sale in  Maheshtala, Kolkata",₹92 Lac ,"₹4,843 per sqft ",1454 sqft,Ready to Move,3,12 out of 26,"Garden/Park, Pool, Main Road",South -West,1 Covered,2,Hiland Calcutta Riverside,Freehold,Resale
"2 BHK Flat  for Sale in  Nayabad, Kolkata",₹45 Lac ,"₹4,036 per sqft ",836 sqft,Ready to Move,2,1 out of 3,,,,1,Royal Upahar,,Resale
"2 BHK Flat  for Sale in  Kaikhali, Kolkata",₹58 Lac ,"₹5,664 per sqft ",1024 sqft,Ready to Move,2,4 out of 6,"Garden/Park, Main Road",East,,1,Utkarshini,,Resale
"3 BHK Flat  for Sale in  Serampore, Kolkata",₹55 Lac ,"₹5,288 per sqft ",1040 sqft,Ready to Move,2,20 out of 22,,,,,,,Resale
"3 BHK Flat  for Sale in  New Alipore, Kolkata",₹1.80 Cr ,"₹10,909 per sqft ",1400 sqft,Ready to Move,2,4 out of 4,,,,1,,,Resale
"2 BHK Flat  for Sale in  Garia Station Road, Kolkata",₹43 Lac ,"₹4,241 per sqft ",760 sqft,Ready to Move,2,1 out of 3,Garden/Park,East,1 Covered,1,,Freehold,Resale
"2 BHK Flat  for Sale in  Rajarhat, Kolkata",₹55 Lac ,"₹4,893 per sqft ",900 sqft,Ready to Move,2,2 out of 7,Pool,North - East,,2,The Banyan Tree Mukul Shanti Garden,Freehold,Resale
"2 BHK Flat  for Sale in  Rajarhat, Kolkata",₹80 Lac ,"₹8,386 per sqft ",770 sqft,Ready to Move,2,21 out of 23,"Garden/Park, Main Road",South - East,1 Covered,1,Rishi Pranaya,Freehold,Resale
"3 BHK Flat  for Sale in  Barrackpore Trunk Road, Kolkata",₹1.40 Cr ,"₹8,383 per sqft ",1670 sqft,Ready to Move,3,8 out of 13,"Garden/Park, Main Road",South,,1,Oswal Orchard County,Freehold,Resale
"1 BHK Flat  for Sale in  Naktala, Garia, Kolkata",₹21.5 Lac ,"₹4,842 per sqft ",444 sqft,Ready to Move,1,Ground out of 3,,,,,,,Resale
"3 BHK Flat  for Sale in  New Town, Kolkata",₹1.25 Cr ,"₹6,831 per sqft ",1830 sqft,Ready to Move,2,8 out of 12,"Garden/Park, Pool",,,,Shrachi Greenwood Elements,,Resale
"1 BHK Flat  for Sale in  Dum Dum, Kolkata",₹21 Lac ,"₹3,750 per sqft ",450 sqft,Ready to Move,1,3 out of 4,Main Road,South - East,,1,Puja Apartment,Freehold,Resale
2 BHK Flat  for Sale in   Kolkata,₹99 Lac ,"₹9,000 per sqft ",1100 sqft,Ready to Move,2,4 out of 4,,,,1,,,Resale
"2 BHK Flat  for Sale in  Barasat, Kolkata",₹28 Lac ,"₹3,540 per sqft ",791 sqft,Ready to Move,2,4 out of 4,,,,,Riya Oxford Square,,Resale
"3 BHK Flat  for Sale in  Bablatala, Gopalpur Gram, Kolkata",₹50.2 Lac ,"₹4,500 per sqft ",890 sqft,Ready to Move,2,5 out of 5,Main Road,East,,2,Ishani V,Freehold,Resale
"3 BHK Flat  for Sale in  New Town, Kolkata",₹1.25 Cr ,"₹9,198 per sqft ",1088 sqft,Ready to Move,2,12 out of 12,Main Road,South - East,,2,GLS Ruposi Bangla,Freehold,Resale
"2 BHK Flat  for Sale in  New Alipore, Kolkata",₹1.10 Cr ,"₹8,800 per sqft ",1000 sqft,Ready to Move,2,1 out of 4,Main Road,,,1,,Freehold,Resale
"2 BHK Flat  for Sale in  Silpara, Purba Barisha, Kolkata",₹28 Lac ,,925 sqft,Ready to Move,2,2 out of 3,,East,,2,,,Resale
"2 BHK Flat  for Sale in  Nagerbazar, Kolkata",₹35 Lac ,"₹4,795 per sqft ",730 sqft,Ready to Move,1,2 out of 5,Main Road,North - East,,1,,Freehold,Resale
"3 BHK Flat  for Sale in  Garia Station Road, Kolkata",₹70 Lac ,"₹4,828 per sqft ",1450 sqft,Ready to Move,2,3 out of 4,Main Road,South,,1,,Freehold,Resale
"2 BHK Flat  for Sale in  Dum Dum Road, Kolkata",₹40 Lac ,"₹3,704 per sqft ",801 sqft,Ready to Move,2,2 out of 5,Main Road,,,1,,Freehold,Resale
"2 BHK Flat  for Sale in  New Town, Kolkata",₹49 Lac ,"₹6,980 per sqft ",486 sqft,Ready to Move,2,4 out of 4,Garden/Park,South,,3,Realtech Curiocity Classic,Freehold,New Property
"3 BHK Flat  for Sale in  Rajarhat, Kolkata",₹1.52 Cr ,"₹17,819 per sqft ",853 sqft,,3,22 out of 33,,,,3,Siddha Serena,,Resale
"2 BHK Flat  for Sale in  Barasat, Kolkata",₹45 Lac ,"₹6,383 per sqft ",705 sqft,Ready to Move,2,10 out of 10,,,,2,Fortune Heights Barasat,,Resale
"2 BHK Flat  for Sale in  Behala, Kolkata",₹42 Lac ,"₹4,941 per sqft ",850 sqft,Ready to Move,2,1 out of 3,,South - East,,1,,Freehold,Resale
"2 BHK Flat  for Sale in  Serampore, Kolkata",₹39 Lac ,"₹4,286 per sqft ",650 sqft,Ready to Move,2,16 out of 26,,,,1,Alcove New Kolkata Sangam,,Resale
"3 BHK Flat  for Sale in  Tetultala Garia, Kolkata",₹75 Lac ,"₹6,250 per sqft ",900 sqft,Ready to Move,2,2 out of 6,Garden/Park,East,1 Open,1,,Freehold,Resale
"2 BHK Flat  for Sale in  Nagerbazar, Kolkata",₹45 Lac ,"₹6,073 per sqft ",741 sqft,Ready to Move,2,1 out of 6,,,,,,,Resale
3 BHK Flat  for Sale in   Kolkata,₹1.10 Cr ,"₹8,148 per sqft ",1350 sqft,Ready to Move,2,3 out of 3,,,,,,,Resale
"2 BHK Flat  for Sale in  Unique Park Behala, Kolkata",₹45 Lac ,"₹5,155 per sqft ",873 sqft,Ready to Move,2,2 out of 4,Main Road,South - East,1 Covered,,,Freehold,Resale
4 BHK Flat  for Sale in   Kolkata,₹1.20 Cr ,"₹6,486 per sqft ",1421 sqft,Ready to Move,3,2 out of 5,Main Road,South - East,,1,,Freehold,Resale
"4 BHK Flat  for Sale in  Action Area 2, Kolkata",₹4.75 Cr ,"₹10,674 per sqft ",3560 sqft,Ready to Move,4,15 out of 33,Main Road,South - East,,2,Vatika The V,Freehold,Resale
"2 BHK Flat  for Sale in  Bablatala, Gopalpur Gram, Kolkata",₹28.8 Lac ,"₹3,230 per sqft ",700 sqft,Ready to Move,2,2 out of 5,Main Road,East,,1,,Freehold,Resale
"2 BHK Flat  for Sale in  Bikramgarh, Kolkata",₹27 Lac ,"₹3,600 per sqft ",750 sqft,Ready to Move,2,Ground out of 4,,,,,,,Resale
"3 BHK Flat  for Sale in  Barrackpore, Kolkata",₹60 Lac ,"₹4,441 per sqft ",1351 sqft,Ready to Move,2,2 out of 4,,,,,Rameswara Riverview,,Resale
3 BHK Flat  for Sale in   Kolkata,₹35 Lac ,"₹3,889 per sqft ",700 sqft,Ready to Move,2,1 out of 3,,South -West,,1,,Power Of Attorney,Resale
"2 BHK Flat  for Sale in  Kalikapur Santoshpur Link Road, Kolkata",₹35 Lac ,"₹4,375 per sqft ",800 sqft,Ready to Move,2,2 out of 3,,,,,,,Resale
"2 BHK Flat  for Sale in  Prince Anwar Shah Road, Kolkata",₹85 Lac ,"₹6,800 per sqft ",1250 sqft,Ready to Move,2,2 out of 4,Main Road,South -West,1 Covered,1,,Leasehold,Resale
"2 BHK Flat  for Sale in  Baruipur, Kolkata",₹25 Lac ,"₹3,030 per sqft ",724 sqft,Ready to Move,2,2 out of 5,"Garden/Park, Pool, Main Road",,,1,Bengal Shrachi Dakshinatya,,Resale
"2 BHK Flat  for Sale in  Baguihati Main Road, Kolkata",₹25 Lac ,"₹3,268 per sqft ",650 sqft,Ready to Move,2,3 out of 4,Garden/Park,South - East,,1,,Freehold,Resale
"2 BHK Flat  for Sale in  Kasba, Kolkata",₹1 Cr ,"₹8,643 per sqft ",650 sqft,Ready to Move,2,8 out of 11,Garden/Park,South,,1,SD The Zenith,,Resale
"2 BHK Flat  for Sale in  Dum Dum, Kolkata",₹40 Lac ,,810 sqft,Ready to Move,2,3 out of 4,,,,1,,Freehold,Resale
"3 BHK Flat  for Sale in  New Alipore, Kolkata",₹1.81 Cr ,"₹10,056 per sqft ",1171 sqft,Ready to Move,3,3 out of 11,"Garden/Park, Pool",,,1,,,Resale
3 BHK Flat  for Sale in   Kolkata,₹1 Cr ,"₹8,000 per sqft ",1250 sqft,Ready to Move,2,3 out of 4,,,,,,,Resale
"2 BHK Flat  for Sale in  Garia Gardens, Garia, Kolkata",₹35 Lac ,"₹4,118 per sqft ",850 sqft,Ready to Move,2,4 out of 5,,,,,,,Resale
2 BHK Flat  for Sale in   Kolkata,₹50 Lac ,,819 sqft,Ready to Move,2,2 out of 4,,,,1,,,Resale
"3 BHK Flat  for Sale in  Dum Dum, Kolkata",₹1.25 Cr ,"₹11,395 per sqft ",1097 sqft,Ready to Move,2,10 out of 13,,,,2,Merlin Urvan,,Resale
2 BHK Flat  for Sale in   Kolkata,₹23 Lac ,"₹3,300 per sqft ",697 sqft,Ready to Move,2,4 out of 4,,,,,,,Resale
"2 BHK Flat  for Sale in  Bansdroni Park, Kolkata",₹70 Lac ,"₹8,323 per sqft ",700 sqft,Ready to Move,2,4 out of 4,,,,1,CENTRAL ENCLAVE,,Resale
"1 BHK Flat  for Sale in  Rajpur Sonarpur, Kolkata",₹11 Lac ,"₹2,355 per sqft ",467 sqft,Ready to Move,1,1 out of 6,,,,,AMRITA Abasan I,,Resale
"3 BHK Flat  for Sale in  Silpara, Purba Barisha, Kolkata",₹39 Lac ,"₹3,805 per sqft ",1025 sqft,Ready to Move,2,4 out of 6,Main Road,East,,1,,,Resale
"3 BHK Flat  for Sale in  Gorakshabasi Road, Kolkata",₹40 Lac ,"₹3,636 per sqft ",1100 sqft,Ready to Move,2,3 out of 3,,,,,,,Resale
"3 BHK Flat  for Sale in  Barrackpore Kalyani Expressway, Kolkata",₹50 Lac ,"₹4,409 per sqft ",1000 sqft,Ready to Move,2,7 out of 7,Garden/Park,North,,1,,Freehold,New Property
"2 BHK Flat  for Sale in  Baruipur, Kolkata",₹45 Lac ,"₹4,377 per sqft ",1028 sqft,Ready to Move,2,1 out of 4,"Pool, Garden/Park, Main Road",East,,2,Mayfair Platinum,,Resale
2 BHK Flat  for Sale in   Kolkata,₹50 Lac ,"₹5,556 per sqft ",900 sqft,Ready to Move,1,2 out of 3,Main Road,West,1 Open,1,,Freehold,Resale
"6 BHK Flat  for Sale in  Ballygunge, Kolkata",₹2.20 Cr ,"₹7,333 per sqft ",3000 sqft,Ready to Move,4,1 out of 3,Main Road,East,,3,,Freehold,Resale
"4 BHK Flat  for Sale in  Jodhpur Park, Kolkata",₹1.80 Cr ,"₹6,569 per sqft ",2740 sqft,Ready to Move,3,2 out of 3,,South,2 Covered,,,,Resale
"3 BHK Flat  for Sale in  Alipore, Kolkata",₹1.75 Cr ,"₹12,255 per sqft ",1142 sqft,Ready to Move,2,7 out of 9,"Garden/Park, Pool, Main Road",South - East,,1,Srijan Cloud 9,Freehold,Resale
"2 BHK Flat  for Sale in  Behala, Kolkata",₹46 Lac ,"₹4,973 per sqft ",925 sqft,Ready to Move,2,1 out of 4,,,,,,,Resale
"3 BHK Flat  for Sale in  Hastings, Kolkata",₹1.60 Cr ,"₹9,412 per sqft ",1445 sqft,Ready to Move,3,2 out of 4,Main Road,South - East,1 Open,1,,Freehold,Resale
"3 BHK Flat  for Sale in  Muchipara, Kolkata",₹46 Lac ,"₹4,182 per sqft ",950 sqft,Ready to Move,2,Ground out of 4,,,,,,,Resale
"2 BHK Flat  for Sale in  New Town, Kolkata",₹55 Lac ,"₹6,471 per sqft ",850 sqft,Ready to Move,2,1 out of 4,,,,,,,Resale
"2 BHK Flat  for Sale in  Diamond Harbour Road, Kolkata",₹45.5 Lac ,"₹5,170 per sqft ",880 sqft,Ready to Move,2,10 out of 14,,,,2,Jalan NVR Pride,,Resale
"2 BHK Flat  for Sale in  Garia, Kolkata",₹38 Lac ,"₹4,419 per sqft ",720 sqft,Ready to Move,2,3 out of 3,"Garden/Park, Main Road",East,"1 Covered,",1,Garia Garden,Power Of Attorney,Resale
"2 BHK Flat  for Sale in  Kalikapur Haltu, Kolkata",₹40 Lac ,"₹4,706 per sqft ",850 sqft,Ready to Move,2,3 out of 4,Main Road,East,,1,,Freehold,Resale
"2 BHK Flat  for Sale in  Jessore Road, Kolkata",₹85 Lac ,"₹7,576 per sqft ",1122 sqft,Ready to Move,2,1 out of 7,,,,2,,,Resale
"4 BHK Flat  for Sale in  Ballygunge, Kolkata",₹4 Cr ,"₹11,561 per sqft ",2400 sqft,Ready to Move,4,9 out of 9,Garden/Park,East,1 Covered,,Dover Court,Co-operative Society,Resale
"1 BHK Flat  for Sale in  Dum Dum, Kolkata",₹26 Lac ,"₹4,019 per sqft ",390 sqft,Ready to Move,1,2 out of 5,,South -West,,1,,Freehold,Resale
" Studio Apartment  for Sale in  Amtala, Diamond Harbour Road, Kolkata",₹25 Lac ,"₹4,529 per sqft ",500 sqft,Ready to Move,1,2 out of 4,Garden/Park,,1 Covered,1,,Freehold,Resale
"4 BHK Flat  for Sale in  Rajarhat, Kolkata",₹1.20 Cr ,"₹5,642 per sqft ",1800 sqft,Ready to Move,3,Ground out of 4,Garden/Park,South - East,"1 Covered,",2,Vedic Village,Freehold,Resale
2 BHK Flat  for Sale in   Kolkata,₹1.20 Cr ,"₹9,554 per sqft ",1256 sqft,Ready to Move,2,5 out of 7,,,,,,,Resale
"3 BHK Flat  for Sale in  New Town, Kolkata",₹1.44 Cr ,"₹8,889 per sqft ",1620 sqft,Ready to Move,2,4 out of 5,Main Road,,2 Covered,2,Bengal Sristi Aamar Thikana,Freehold,Resale
"2 BHK Flat  for Sale in  Jayashree Park Behala, Kolkata",₹55 Lac ,"₹5,729 per sqft ",720 sqft,Ready to Move,2,1 out of 3,Main Road,North - East,,1,,Freehold,Resale
"2 BHK Flat  for Sale in  Netaji Nagar, Kolkata",₹22.5 Lac ,"₹4,500 per sqft ",400 sqft,Ready to Move,1,1 out of 3,Main Road,East,,1,,,Resale
"2 BHK Flat  for Sale in  Chinar Park, Rajarhat, Kolkata",₹45 Lac ,"₹4,186 per sqft ",1075 sqft,Ready to Move,2,2 out of 5,,,,1,,,Resale
"2 BHK Flat  for Sale in  Silpara, Purba Barisha, Kolkata",₹38 Lac ,"₹4,471 per sqft ",850 sqft,Ready to Move,2,2 out of 3,Main Road,South,,1,,Freehold,Resale
"3 BHK Flat  for Sale in  Action Area 2, Kolkata",₹85 Lac ,"₹6,800 per sqft ",975 sqft,Ready to Move,2,2 out of 4,Main Road,South - East,,2,,Freehold,Resale
"2 BHK Flat  for Sale in  Thakurpukur, Kolkata",₹23 Lac ,"₹3,538 per sqft ",605 sqft,Ready to Move,1,Ground out of 4,Main Road,,,,,Freehold,Resale
"2 BHK Flat  for Sale in  Andul Road, Kolkata",₹25 Lac ,"₹4,310 per sqft ",580 sqft,Ready to Move,1,3 out of 4,,,,,,,Resale
"2 BHK Flat  for Sale in  Rajarhat, Kolkata",₹55 Lac ,"₹5,544 per sqft ",830 sqft,Ready to Move,2,5 out of 15,"Garden/Park, Pool",South,1 Covered,1,Magnolia Oxygen,Freehold,Resale
2 BHK Flat  for Sale in   Kolkata,₹25.5 Lac ,"₹3,537 per sqft ",681 sqft,Ready to Move,1,1 out of 3,,,,1,,,Resale
3 BHK Flat  for Sale in   Kolkata,₹35 Lac ,"₹3,415 per sqft ",1025 sqft,Ready to Move,2,Ground out of 3,Pool,South,,,,Freehold,Resale
"2 BHK Flat  for Sale in  Dankuni, Kolkata",₹22 Lac ,"₹2,989 per sqft ",736 sqft,Ready to Move,1,2 out of 4,,,,,,,Resale
3 BHK Flat  for Sale in   Kolkata,₹2.70 Cr ,"₹12,558 per sqft ",1100 sqft,Ready to Move,3,7 out of 12,"Garden/Park, Pool, Main Road",South - East,2 Covered,2,,Freehold,Resale
"2 BHK Flat  for Sale in  Santoshpur, Kolkata",₹40 Lac ,"₹5,000 per sqft ",800 sqft,Ready to Move,2,3 out of 4,,,,,,,Resale
"3 BHK Flat  for Sale in  Rajarhat, Kolkata",₹80 Lac ,"₹3,596 per sqft ",2225 sqft,Ready to Move,4,3 out of 4,Main Road,,,1,Vedic Village,Freehold,New Property
"3 BHK Flat  for Sale in  Garia, Kolkata",₹43.5 Lac ,"₹4,439 per sqft ",750 sqft,Ready to Move,2,3 out of 3,"Pool, Main Road",South,1 Covered,1,,Freehold,Resale
"2 BHK Flat  for Sale in  Behala, Kolkata",₹35 Lac ,"₹4,730 per sqft ",740 sqft,Ready to Move,2,2 out of 3,,,,,,,Resale
"2 BHK Flat  for Sale in  Garia, Kolkata",₹32 Lac ,"₹4,000 per sqft ",800 sqft,Ready to Move,2,4 out of 5,,South,,,,,Resale
"3 BHK Flat  for Sale in  New Alipore, Kolkata",₹1.55 Cr ,"₹12,062 per sqft ",1028 sqft,Ready to Move,2,2 out of 4,Garden/Park,North,1 Covered,1,,Freehold,Resale
2 BHK Flat  for Sale in   Kolkata,₹60 Lac ,"₹6,122 per sqft ",980 sqft,Ready to Move,2,6 out of 6,,,,,,,Resale
"3 BHK Flat  for Sale in  Sonarpur, Kolkata",₹65 Lac ,"₹4,545 per sqft ",1430 sqft,Ready to Move,2,2 out of 4,Garden/Park,North - East,1 Covered,1,Baron Enclave,Freehold,Resale
"2 BHK Flat  for Sale in  Paschim Putiary, Kolkata",₹28 Lac ,"₹3,927 per sqft ",607 sqft,Ready to Move,1,1 out of 3,Main Road,South - East,1 Open,1,,Freehold,Resale
"4 BHK Flat  for Sale in  Panditiya Road, Kolkata",₹3.50 Cr ,"₹16,754 per sqft ",1500 sqft,Ready to Move,3,2 out of 13,"Main Road, Garden/Park",,,1,PS  Palazzo,Freehold,Resale
"3 BHK Flat  for Sale in  Chinar Park, Rajarhat, Kolkata",₹1.25 Cr ,"₹8,929 per sqft ",1400 sqft,Ready to Move,2,5 out of 5,Main Road,North - East,1 Covered,1,Silver Arch Residency,Co-operative Society,Resale
"2 BHK Flat  for Sale in  Mahish Bathan, Kolkata",₹70 Lac ,"₹6,796 per sqft ",1030 sqft,Ready to Move,2,1 out of 4,,South,,3,,Freehold,Resale
3 BHK Flat  for Sale in   Kolkata,₹72 Lac ,"₹5,442 per sqft ",1323 sqft,Ready to Move,2,10 out of 11,"Garden/Park, Main Road, Pool",South -West,,2,Jote Shibrampur,Freehold,New Property
"3 BHK Flat  for Sale in  New Town, Kolkata",₹1.30 Cr ,"₹8,497 per sqft ",1224 sqft,Ready to Move,2,7 out of 12,Garden/Park,South - East,1 Covered,2,,Freehold,Resale
"3 BHK Flat  for Sale in  Narendrapur Rajpur Sonarpur, Kolkata",₹65 Lac ,"₹4,290 per sqft ",1315 sqyrd,Ready to Move,2,3 out of 11,Main Road,North - East,1 Open,2,Rajwada Heights,Freehold,New Property
2 BHK Flat  for Sale in   Kolkata,₹40 Lac ,"₹5,970 per sqft ",670 sqft,Ready to Move,2,1 out of 4,,,,,,,Resale
"4 BHK Flat  for Sale in  New Alipore, Kolkata",₹2.21 Cr ,"₹11,398 per sqft ",1939 sqft,Ready to Move,4,2 out of 12,,,,,Srijan Natura,,Resale
"3 BHK Flat  for Sale in  Ganguly Bagan, Beliaghata, Kolkata",₹65 Lac ,"₹5,246 per sqft ",1239 sqft,Ready to Move,3,2 out of 4,Main Road,,,2,,Freehold,Resale
"4 BHK Flat  for Sale in  Bangur Avenue, Lake Town, Kolkata",₹2.01 Cr ,"₹7,200 per sqft ",2800 sqft,Ready to Move,,3 out of 5,,,,,,Freehold,Resale
"2 BHK Flat  for Sale in  Joka, Kolkata",₹45 Lac ,"₹5,357 per sqft ",840 sqft,Ready to Move,2,2 out of 4,,North - East,,1,,Freehold,Resale
1 BHK Flat  for Sale in   Kolkata,₹25 Lac ,"₹3,925 per sqft ",520 sqft,Ready to Move,1,2 out of 3,Main Road,South -West,,1,,Freehold,Resale
"2 BHK Flat  for Sale in  Garia, Kolkata",₹45 Lac ,"₹4,787 per sqft ",940 sqft,Ready to Move,2,1 out of 3,,,1 Covered,,,,Resale
"3 BHK Flat  for Sale in  Chetla, Kolkata",₹1.50 Cr ,"₹8,596 per sqft ",1745 sqft,Ready to Move,3,4 out of 5,Main Road,West,1 Covered,1,,Freehold,Resale
3 BHK Flat  for Sale in   Kolkata,₹1.15 Cr ,"₹10,921 per sqft ",1053 sqft,Ready to Move,2,1 out of 4,,,1 Covered,,,Co-operative Society,Resale
"2 BHK Flat  for Sale in  Rishra, Kolkata",₹48 Lac ,"₹7,251 per sqft ",525 sqft,Ready to Move,2,2 out of 4,,,,1,Abhishek Apartment,,Resale
"3 BHK Flat  for Sale in  Ballygunge, Kolkata",₹1.38 Cr ,"₹9,500 per sqft ",1051 sqft,Ready to Move,2,1 out of 3,,East,,1,,Freehold,New Property
"2 BHK Flat  for Sale in  Ballygunge, Kolkata",₹1.20 Cr ,"₹8,571 per sqft ",1200 sqft,Ready to Move,2,2 out of 5,Main Road,South - East,1 Covered,2,,Freehold,Resale
"4 BHK Flat  for Sale in  Bosepukur Road, Kolkata",₹1.30 Cr ,"₹8,323 per sqft ",1200 sqft,Ready to Move,3,4 out of 4,Main Road,North - East,,,,Freehold,Resale
"2 BHK Flat  for Sale in  Bramhapur, Kolkata",₹30 Lac ,"₹4,286 per sqft ",700 sqft,Ready to Move,2,2 out of 5,,,,,,,Resale
"1 BHK Flat  for Sale in  Hatiara, Kolkata",₹19 Lac ,"₹3,276 per sqft ",580 sqft,Ready to Move,1,3 out of 5,Main Road,East,,1,,Freehold,Resale
"2 BHK Flat  for Sale in  Chowbaga, Kolkata",₹25 Lac ,"₹3,846 per sqft ",650 sqft,,1,1 out of 4,,,,,,,Resale
"1 BHK Flat  for Sale in  Barrackpore, Kolkata",₹24.5 Lac ,,,Ready to Move,1,Ground out of 5,,,,,Panchali Apartment,Power Of Attorney,Resale
"3 BHK Flat  for Sale in  Bhowanipore, Kolkata",₹1.60 Cr ,"₹12,186 per sqft ",1313 sqft,Ready to Move,2,5 out of 5,,,,,Tribhuwan Apartment,,Resale
"3 BHK Flat  for Sale in  Babur Bagan, Kolkata",₹85 Lac ,"₹6,996 per sqft ",734 sqft,Ready to Move,2,11 out of 12,,,,1,Godrej Seven,,Resale
"3 BHK Flat  for Sale in  Vip Road, Kolkata",₹60 Lac ,"₹6,818 per sqft ",880 sqft,Ready to Move,2,4 out of 4,,,,,Anupama Housing Complex,,Resale
"2 BHK Flat  for Sale in  Prantik Thakurpukur, Kolkata",₹30 Lac ,"₹3,000 per sqft ",700 sqft,Ready to Move,2,1 out of 4,,,,1,,,Resale
"3 BHK Flat  for Sale in  Tangra, Kolkata",₹1.63 Cr ,"₹13,209 per sqft ",1234 sqft,Ready to Move,2,10 out of 12,Garden/Park,South - East,1 Covered,,The Ektaa Lotus,Freehold,Resale
"3 BHK Flat  for Sale in  Anandapur Hooghly, Kolkata",₹70 Lac ,"₹5,000 per sqft ",1100 sqft,Ready to Move,2,1 out of 3,,West,,1,,Freehold,New Property
"2 BHK Flat  for Sale in  Chinar Park, Rajarhat, Kolkata",₹45 Lac ,"₹4,737 per sqft ",875 sqft,Ready to Move,2,1 out of 5,Main Road,South,1 Covered,1,Kundan Plaza,Freehold,Resale
"2 BHK Flat  for Sale in  Laskarpur South 24 Parganas, Kolkata",₹32 Lac ,"₹4,103 per sqft ",700 sqft,Ready to Move,2,2 out of 3,,South - East,,1,,Freehold,Resale
"1 BHK Flat  for Sale in  Barasat, Kolkata",₹16 Lac ,"₹3,143 per sqft ",509 sqft,Ready to Move,1,2 out of 4,"Pool, Main Road",East,,1,Magnolia City,Freehold,Resale
"3 BHK Flat  for Sale in  Turf Road, Kolkata",₹1.35 Cr ,"₹10,313 per sqft ",1309 sqft,Ready to Move,2,2 out of 3,,,,1,PS Kalyan,Freehold,Resale
"2 BHK Flat  for Sale in  Baranagar, Kolkata",₹92 Lac ,"₹10,291 per sqft ",580 sqft,Ready to Move,2,14 out of 25,"Garden/Park, Main Road",South - East,1 Open,1,Premier Joy 98,Freehold,Resale
"3 BHK Flat  for Sale in  Action Area 3, Kolkata",₹1.50 Cr ,"₹9,102 per sqft ",1648 sqft,Ready to Move,3,23 out of 30,Pool,,707 Covered,1,Sureka Merlin Elita Garden Vista Phase 2,Freehold,Resale
3 BHK Flat  for Sale in   Kolkata,₹1.30 Cr ,,2470 sqft,Ready to Move,3,1 out of 2,,South,1 Open,,,Freehold,Other
"3 BHK Flat  for Sale in  Andul Road, Kolkata",₹45 Lac ,"₹3,435 per sqft ",1310 sqft,Ready to Move,2,2 out of 4,,,,,Society Name Rajar Bagan,,Resale
2 BHK Flat  for Sale in   Kolkata,₹19 Lac ,"₹2,879 per sqft ",554 sqft,Ready to Move,2,3 out of 4,Main Road,North,,,,,Resale
"2 BHK Flat  for Sale in  Action Area 2D, Kolkata",₹1 Cr ,"₹11,364 per sqft ",880 sqft,Ready to Move,2,7 out of 11,"Garden/Park, Main Road",South - East,,1,,Freehold,Resale
"1 BHK Flat  for Sale in  Lake Market, Kalighat, Kolkata",₹47 Lac ,"₹8,545 per sqft ",468 sqft,Ready to Move,1,1 out of 3,Main Road,South - East,,,,Freehold,Resale
"3 BHK Flat  for Sale in  Howrah, Kolkata",₹55 Lac ,"₹4,490 per sqft ",820 sqft,Ready to Move,2,4 out of 20,,,,1,Shapoorji Pallonji Joyville Western Heights,,Resale
"3 BHK Flat  for Sale in  Maheshtala, Kolkata",₹42 Lac ,"₹3,050 per sqft ",1377 sqft,Ready to Move,2,8 out of 15,"Garden/Park, Pool, Main Road",South - East,1 Covered,1,Eden City Maheshtala,Freehold,Resale
"2 BHK Flat  for Sale in  Jyangra Bottala, Kolkata",₹21.5 Lac ,"₹3,116 per sqft ",690 sqft,Ready to Move,2,Ground out of 3,,,,1,,,Resale
"3 BHK Flat  for Sale in  Barrackpore Trunk Road, Kolkata",₹70 Lac ,"₹6,542 per sqft ",850 sqft,Ready to Move,2,1 out of 5,Main Road,South - East,1 Covered,1,Bagaria Pravesh,Freehold,Resale
"3 BHK Flat  for Sale in  Howrah, Kolkata",₹2 Cr ,"₹14,184 per sqft ",1410 sqft,Ready to Move,3,2 out of 7,,,,2,Akchat Laxmi Garden,,Resale
"2 BHK Flat  for Sale in  Serampore, Kolkata",₹28.5 Lac ,"₹3,800 per sqft ",670 sqft,Ready to Move,1,2 out of 4,,North - East,,1,Ananya Apartment,Freehold,Resale
"3 BHK Flat  for Sale in  Arjunpur, Kaikhali, Kolkata",₹1.90 Cr ,"₹9,500 per sqft ",2000 sqft,Ready to Move,2,5 out of 5,Garden/Park,,1 Open,1,Space Town,Freehold,Resale
"3 BHK Flat  for Sale in  Birati, Kolkata",₹41 Lac ,"₹3,868 per sqft ",1060 sqft,Ready to Move,2,4 out of 4,"Pool, Main Road",South,,1,,Freehold,Resale
"3 BHK Flat  for Sale in  Sodepur, Kolkata",₹75 Lac ,"₹1,875 per sqft ",3500 sqft,Ready to Move,2,1 out of 2,Main Road,,,2,,Freehold,Resale
"2 BHK Flat  for Sale in  Bhangar, Kolkata",₹23 Lac ,"₹3,134 per sqft ",734 sqft,,2,5 out of 8,,,,,Simoco Sanhita Housing Complex Commercial,,Resale
"4 BHK Flat  for Sale in  New Town, Kolkata",₹1.60 Cr ,"₹8,705 per sqft ",1838 sqft,Ready to Move,4,5 out of 6,,,,,Sanjeeva Orchard,,Resale
"2 BHK Flat  for Sale in  Bansdroni, Kolkata",₹35 Lac ,"₹5,240 per sqft ",580 sqft,Ready to Move,2,2 out of 3,,South - East,,,,,Resale
"4 BHK Flat  for Sale in  Sector 3 Salt Lake City, Kolkata",₹1.15 Cr ,"₹7,188 per sqft ",1300 sqft,Ready to Move,2,3 out of 3,Main Road,,,1,,Co-operative Society,New Property
"1 BHK Flat  for Sale in  South Dumdum, Kolkata",₹15 Lac ,"₹3,333 per sqft ",350 sqft,Ready to Move,1,3 out of 3,,,,,,,Resale
"2 BHK Flat  for Sale in  Tiljala Road, Kolkata",₹35 Lac ,"₹5,162 per sqft ",678 sqft,Ready to Move,2,3 out of 4,Main Road,South,,,,Freehold,Resale
"3 BHK Flat  for Sale in  Uttar Para, Kolkata",₹60 Lac ,"₹5,495 per sqft ",1092 sqft,,2,11 out of 18,"Garden/Park, Pool, Main Road",,,1,Shriram Sunshine 2,,Resale
"3 BHK Flat  for Sale in  Sonarpur, Kolkata",₹36 Lac ,"₹2,990 per sqft ",1070 sqft,Ready to Move,3,Ground out of 5,Garden/Park,South - East,2 Open,3,AMRITA Abasan I,Freehold,Resale
3 BHK Flat  for Sale in   Kolkata,₹30 Lac ,,968 sqft,Ready to Move,2,3 out of 3,,North,,1,,Freehold,Resale
3 BHK Flat  for Sale in   Kolkata,₹50 Lac ,"₹3,554 per sqft ",1056 sqft,Ready to Move,3,2 out of 6,Main Road,,,1,,Co-operative Society,Resale
3 BHK Flat  for Sale in   Kolkata,₹50 Lac ,"₹4,167 per sqft ",900 sqft,Ready to Move,3,2 out of 3,,,,1,,,Resale
"2 BHK Flat  for Sale in  Madurdaha, Hussainpur, Kolkata",₹48 Lac ,"₹6,122 per sqft ",784 sqft,Ready to Move,,,,,,,Mayfair Residency,,Resale
"2 BHK Flat  for Sale in  Behala, Kolkata",₹24 Lac ,"₹3,692 per sqft ",505 sqft,Ready to Move,1,Ground out of 4,Main Road,North,,1,,Freehold,Resale
"4 BHK Flat  for Sale in  Shobhabazar, Kolkata",₹1.10 Cr ,"₹7,639 per sqft ",1020 sqft,Ready to Move,1,Ground out of 3,,,,1,,,Resale
"3 BHK Flat  for Sale in  Joka, Kolkata",₹80 Lac ,"₹6,102 per sqft ",1311 sqft,Ready to Move,3,10 out of 15,Garden/Park,South - East,,3,Orchard PH 2B at Godrej Se7en,Freehold,Resale
"1 BHK Flat  for Sale in  Eastern Metropolitan Bypass, Kolkata",₹35 Lac ,"₹6,364 per sqft ",400 sqft,Ready to Move,1,Ground out of 4,Main Road,,,1,Green Wood Nook,Co-operative Society,Resale
"4 BHK Flat  for Sale in  Barrackpore Trunk Road, Kolkata",₹1.45 Cr ,"₹7,221 per sqft ",1900 sqft,Ready to Move,4,3 out of 11,Garden/Park,East,,,Space Club Town Heights,Freehold,Resale
"2 BHK Flat  for Sale in  Barisha, Kolkata",₹40 Lac ,"₹3,968 per sqft ",800 sqft,Ready to Move,2,2 out of 4,Main Road,North - East,,1,Merlin Laurel Garden,Freehold,Resale
"2 BHK Flat  for Sale in  Jessore Road, Kolkata",₹59 Lac ,"₹6,556 per sqft ",720 sqft,Ready to Move,2,3 out of 5,"Garden/Park, Main Road",South - East,,2,Jessore Heritage,Freehold,Resale
"1 BHK Flat  for Sale in  Rajbari, Kolkata",₹29 Lac ,"₹5,000 per sqft ",580 sqft,Ready to Move,2,3 out of 3,,South,,1,Basundhara Apartment,Freehold,Resale
2 BHK Flat  for Sale in   Kolkata,₹55 Lac ,"₹7,294 per sqft ",630 sqft,Ready to Move,1,1 out of 4,,,,1,,,Resale
"3 BHK Flat  for Sale in  Rajarhat Main Road, Kolkata",₹61 Lac ,"₹5,214 per sqft ",1170 sqft,Ready to Move,3,2 out of 5,,,,1,Ambey Garden,,Resale
"4 BHK Flat  for Sale in  Behala, Kolkata",₹95 Lac ,"₹5,689 per sqft ",1670 sqft,Ready to Move,3,12 out of 12,"Garden/Park, Main Road",North - East,1 Covered,,Ideal Regency,Freehold,Resale
3 BHK Flat  for Sale in   Kolkata,₹1.80 Cr ,"₹15,152 per sqft ",1188 sqft,Ready to Move,3,1 out of 20,,,,,,,Resale
"3 BHK Flat  for Sale in  Kankurgachi, Kolkata",₹2.15 Cr ,"₹11,944 per sqft ",1440 sqft,Ready to Move,3,11 out of 12,Main Road,South - East,1 Covered,3,,Freehold,Resale
"2 BHK Flat  for Sale in  Mukundapur Main Road, Kolkata",₹35 Lac ,"₹4,375 per sqft ",600 sqft,Ready to Move,2,3 out of 3,,South - East,,,,Freehold,Resale
"3 BHK Flat  for Sale in  Rajarhat, Kolkata",₹1.27 Cr ,"₹9,463 per sqft ",1342 sqft,Ready to Move,3,7 out of 12,Main Road,East,,1,Tirath Sunshine,Freehold,Resale
"2 BHK Flat  for Sale in  Shapoorji Pallonji Sukhobrishti Complex Road, Kolkata",₹1.15 Cr ,"₹9,149 per sqft ",1257 sqft,Ready to Move,2,2 out of 15,,,,1,DLF New Town Heights,Freehold,Resale
"2 BHK Flat  for Sale in  Patuli, Kolkata",₹35 Lac ,"₹4,930 per sqft ",605 sqft,Ready to Move,2,1 out of 4,,North - East,,1,,Freehold,Resale
"1 BHK Flat  for Sale in  Uttar Para, Kolkata",₹22 Lac ,"₹5,176 per sqft ",306 sqft,,1,1 out of 18,Garden/Park,South,,1,Shriram Sunshine 2,Freehold,Resale
"1 BHK Flat  for Sale in  New Alipore, Kolkata",₹42 Lac ,"₹8,015 per sqft ",524 sqft,Ready to Move,1,7 out of 10,,,,,,,Resale
"2 BHK Flat  for Sale in  Barrackpore Trunk Road, Kolkata",₹86 Lac ,"₹8,473 per sqft ",1015 sqft,Ready to Move,2,8 out of 25,"Pool, Garden/Park, Main Road",,,1,Siddha Eden Lakeville,Freehold,Resale
2 BHK Flat  for Sale in   Kolkata,₹35 Lac ,"₹4,375 per sqft ",800 sqft,Ready to Move,2,4 out of 4,,,,,,,Resale
3 BHK Flat  for Sale in   Kolkata,₹50 Lac ,"₹3,472 per sqft ",1440 sqft,Ready to Move,3,3 out of 4,,,,1,,,Resale
3 BHK Flat  for Sale in   Kolkata,₹50 Lac ,"₹3,704 per sqft ",1205 sqft,Ready to Move,2,6 out of 8,,North,,1,,,Resale
"3 BHK Flat  for Sale in  Hanspukur Joka, Kolkata",₹1.05 Cr ,"₹8,427 per sqft ",1246 sqft,Ready to Move,3,8 out of 13,,South,1 Covered,1,Madgul Antaraa,Freehold,Resale
"3 BHK Flat  for Sale in  Rajpur Sonarpur, Kolkata",₹40 Lac ,"₹3,509 per sqft ",1140 sqft,Ready to Move,2,3 out of 7,,,,,,,Resale
2 BHK Flat  for Sale in   Kolkata,₹55 Lac ,"₹6,555 per sqft ",770 sqft,Ready to Move,2,4 out of 4,Pool,South,1 Covered,,,Freehold,Resale
"2 BHK Flat  for Sale in  Nagerbazar, Kolkata",₹40.6 Lac ,"₹5,200 per sqft ",585 sqft,Ready to Move,2,3 out of 5,Garden/Park,South,15 Open,1,Om Shanti Apartment,Freehold,Resale
"2 BHK Flat  for Sale in  Ichapur, Kolkata",₹30 Lac ,"₹3,681 per sqft ",650 sqft,Ready to Move,2,3 out of 4,,,,1,,,Resale
"2 BHK Flat  for Sale in  Tangra, Kolkata",₹35 Lac ,"₹3,500 per sqft ",750 sqft,Ready to Move,1,1 out of 4,Main Road,South -West,,1,,Leasehold,New Property
"2 BHK Flat  for Sale in  Tollygunge, Kolkata",₹50.5 Lac ,"₹5,465 per sqft ",733 sqft,Ready to Move,2,8 out of 9,"Garden/Park, Main Road",South,,,Adya Highrise,Freehold,Resale
"2 BHK Flat  for Sale in  Mahamaya Tala, Garia, Kolkata",₹25 Lac ,"₹3,125 per sqft ",800 sqft,Ready to Move,2,3 out of 4,,,,,,,Resale
"3 BHK Flat  for Sale in  Jessore Road, Kolkata",₹67 Lac ,"₹5,836 per sqft ",1148 sqft,Ready to Move,2,4 out of 4,,,,,Srijan Midlands,,Resale
"3 BHK Flat  for Sale in  Nayapatty, Kolkata",₹1.30 Cr ,"₹8,966 per sqft ",1420 sqft,Ready to Move,2,21 out of 21,"Garden/Park, Main Road",South - East,1 Open,1,Ideal Aquaview,Freehold,Resale
"2 BHK Flat  for Sale in  Boral Main Road, Kolkata",₹40 Lac ,"₹3,810 per sqft ",800 sqft,Ready to Move,2,2 out of 3,,West,1 Covered,1,,Freehold,Resale
"1 BHK Flat  for Sale in  Sahapur New Alipore, Kolkata",₹20 Lac ,"₹5,000 per sqft ",300 sqft,Ready to Move,1,2 out of 5,Main Road,East,,1,,Freehold,Resale
"2 BHK Flat  for Sale in  Sarada Pally, Kolkata",₹38 Lac ,"₹4,471 per sqft ",700 sqft,Ready to Move,2,2 out of 4,,,,1,,,Resale
3 BHK Flat  for Sale in   Kolkata,₹45 Lac ,"₹4,286 per sqft ",950 sqft,Ready to Move,2,3 out of 3,Main Road,South,,1,,Freehold,Resale
"2 BHK Flat  for Sale in  Unique Park Behala, Kolkata",₹45 Lac ,"₹5,625 per sqft ",800 sqft,Ready to Move,2,1 out of 4,,,,,,,Resale
"3 BHK Flat  for Sale in  New Town, Kolkata",₹1.10 Cr ,"₹10,242 per sqft ",1074 sqft,Ready to Move,3,2 out of 3,"Pool, Garden/Park, Main Road",South,,,PS  Amistad,Freehold,Resale
"2 BHK Flat  for Sale in  Dum Dum, Kolkata",₹35 Lac ,"₹4,217 per sqft ",640 sqft,Ready to Move,2,3 out of 4,Main Road,North,,,Balaji Bhaban,Freehold,Resale
"3 BHK Flat  for Sale in  Madhyamgram, Kolkata",₹85 Lac ,"₹7,944 per sqft ",1070 sqft,Ready to Move,2,8 out of 11,Main Road,,,1,Eternis,,Resale
2 BHK Flat  for Sale in   Kolkata,₹28 Lac ,"₹3,500 per sqft ",650 sqft,Ready to Move,2,4 out of 6,,,,2,,,Resale
"6 BHK Flat  for Sale in  Barasat, Kolkata",₹1.50 Cr ,"₹6,250 per sqft ",3000 sqft,Ready to Move,2,2 out of 2,"Main Road, Garden/Park",South -West,,1,,Freehold,New Property
"2 BHK Flat  for Sale in  Rajarhat, Kolkata",₹38 Lac ,"₹3,654 per sqft ",1040 sqft,Ready to Move,2,5 out of 5,"Garden/Park, Pool, Main Road",North - East,,2,Vedic Village,Freehold,Resale
"2 BHK Flat  for Sale in  Garia, Kolkata",₹88 Lac ,"₹8,232 per sqft ",801 sqft,Ready to Move,2,2 out of 8,"Garden/Park, Pool",South,,1,Sugam Sudhir,Freehold,Resale
"3 BHK Flat  for Sale in  Gokhel Road, Bhawanipur, Kolkata",₹1.50 Cr ,"₹8,333 per sqft ",2100 sqft,Ready to Move,2,Ground out of 4,Main Road,East,1 Open,2,,Freehold,Resale
"8 BHK Flat  for Sale in  New Alipore, Kolkata",₹7 Cr ,"₹9,722 per sqft ",4750 sqft,Ready to Move,4,5 out of 5,Main Road,West,4 Open,,,Freehold,Resale
"2 BHK Flat  for Sale in  Diamond Harbour Road, Kolkata",₹56 Lac ,"₹5,303 per sqft ",1056 sqft,Ready to Move,2,5 out of 5,,,,,Merlin Estates,,Resale
"3 BHK Flat  for Sale in  Survey Park, Kolkata",₹1.35 Cr ,"₹8,359 per sqft ",1286 sqft,Ready to Move,3,5 out of 8,"Garden/Park, Main Road",South - East,1 Open,2,,Freehold,Resale
"1 BHK Flat  for Sale in  Baruipur, Kolkata",₹18 Lac ,"₹4,138 per sqft ",435 sqft,Ready to Move,1,3 out of 5,,,,1,Eden Meghbalika,,Resale
"3 BHK Flat  for Sale in  Hazra, Kalighat, Kolkata",₹2.37 Cr ,"₹12,273 per sqft ",1293 sqft,Ready to Move,3,5 out of 5,Main Road,South,,2,,Freehold,New Property
"3 BHK Flat  for Sale in  Anandapur, Kolkata",₹1 Cr ,"₹7,299 per sqft ",1370 sqft,Ready to Move,2,1 out of 5,,,,,,,Resale
2 BHK Flat  for Sale in   Kolkata,₹19 Lac ,"₹2,235 per sqft ",650 sqft,Ready to Move,2,3 out of 4,,,,1,,,Resale
"3 BHK Flat  for Sale in  Serampore, Kolkata",₹70 Lac ,"₹6,737 per sqft ",740 sqft,Ready to Move,3,8 out of 29,"Pool, Garden/Park, Main Road",North - East,,2,Alcove New Kolkata Sangam,,Resale
"3 BHK Flat  for Sale in  Narendrapur Rajpur Sonarpur, Kolkata",₹60 Lac ,"₹4,688 per sqft ",1024 sqft,Ready to Move,2,4 out of 4,"Pool, Main Road",East,1 Covered,1,,Co-operative Society,Resale
"2 BHK Flat  for Sale in  Sarsuna, Kolkata",₹35 Lac ,"₹3,889 per sqft ",825 sqft,Ready to Move,2,2 out of 5,,East,,1,Swaranika Co Op Housing Society,Freehold,Resale
"2 BHK Flat  for Sale in  Shibpur, Kolkata",₹31.5 Lac ,"₹4,667 per sqft ",675 sqft,Ready to Move,1,1 out of 3,Main Road,North - East,,,,Freehold,Resale
"2 BHK Flat  for Sale in  Behala, Kolkata",₹21.5 Lac ,"₹3,826 per sqft ",562 sqft,Ready to Move,1,1 out of 3,,,,,,,Resale
"2 BHK Flat  for Sale in  Park Circus, Ballygunge, Kolkata",₹72.5 Lac ,"₹9,864 per sqft ",600 sqft,Ready to Move,1,1 out of 3,,,,1,,,Resale
"2 BHK Flat  for Sale in  Mission Pally, Narendrapur, Kolkata",₹30 Lac ,"₹4,138 per sqft ",725 sqft,Ready to Move,2,3 out of 4,,,,1,Peerless Prantik Housing Complex,,Resale
"3 BHK Flat  for Sale in  Bhowanipore, Kolkata",₹1.35 Cr ,"₹10,282 per sqft ",970 sqft,Ready to Move,2,4 out of 4,,,,1,,,Resale
"3 BHK Flat  for Sale in  Narkeldanga, Kolkata",₹1.05 Cr ,"₹7,080 per sqft ",1483 sqft,Ready to Move,2,1 out of 8,,,,1,Shrachi Lake Woods,,Resale
"1 BHK Flat  for Sale in  Behala Chowrasta, Kolkata",₹1.40 Cr ,"₹4,819 per sqft ",2100 sqft,Ready to Move,4,2 out of 7,"Garden/Park, Main Road",South - East,1 Covered,2,,Freehold,Resale
"3 BHK Flat  for Sale in  Phool Bagan Kankurgachi, Kolkata",₹1.82 Cr ,"₹10,122 per sqft ",1272 sqyrd,Ready to Move,3,3 out of 12,"Garden/Park, Pool, Main Road",,,2,PS  Jiva Homes,Freehold,Resale
"4 BHK Flat  for Sale in  Chandannagar, Hooghly-Chinsurah, Kolkata",₹49 Lac ,"₹3,528 per sqft ",1016 sqft,Ready to Move,2,2 out of 5,Garden/Park,South - East,,1,,Freehold,Resale
"3 BHK Flat  for Sale in  Sundarpur Chandannagar, Kolkata",₹70 Lac ,"₹8,750 per sqft ",800 sqft,Ready to Move,2,3 out of 4,,,,,,,Resale
"3 BHK Flat  for Sale in  Narendrapur Rajpur Sonarpur, Kolkata",₹49 Lac ,"₹4,418 per sqft ",1109 sqft,Ready to Move,2,1 out of 7,Main Road,East,1 Covered,,Shree Ganeshaya Infra SGIL Gardenia,Freehold,Resale
"3 BHK Flat  for Sale in  Bidhangarh Ghoshpara, Kolkata",₹28 Lac ,"₹2,667 per sqft ",960 sqft,Ready to Move,1,Ground out of 4,Main Road,South,,1,,Freehold,Resale
2 BHK Flat  for Sale in   Kolkata,₹24 Lac ,"₹3,429 per sqft ",700 sqft,Ready to Move,,,,,,,,,Resale
"2 BHK Flat  for Sale in  Birati, Kolkata",₹50 Lac ,"₹5,952 per sqft ",840 sqft,Ready to Move,2,3 out of 4,Garden/Park,North - West,1 Covered,2,Panchsheel Vatika,Freehold,Resale
"3 BHK Flat  for Sale in  Tangra, Kolkata",₹1.50 Cr ,"₹8,886 per sqft ",1350 sqft,Ready to Move,3,2 out of 11,,,,,Brindavan Gardens,,Resale
"2 BHK Flat  for Sale in  New Town, Kolkata",₹85 Lac ,"₹8,910 per sqft ",954 sqft,Ready to Move,2,15 out of 25,Main Road,,1 Covered,,,,Resale
"3 BHK Flat  for Sale in  Purbalok, Mukundapur, Kolkata",₹75 Lac ,"₹5,054 per sqft ",1104 sqft,Ready to Move,2,2 out of 3,Main Road,South - East,,1,,Freehold,Resale
"4 BHK Flat  for Sale in  Metropolitan Co Operative Housing Society Limited, Kolkata",₹1.35 Cr ,"₹6,136 per sqft ",1900 sqft,Ready to Move,4,4 out of 5,"Garden/Park, Main Road",South - East,1 Open,2,Rohan Apartment,Freehold,Resale
"1 BHK Flat  for Sale in  Nagerbazar, Kolkata",₹16 Lac ,"₹3,077 per sqft ",520 sqft,Ready to Move,1,2 out of 3,Main Road,North,,1,,Freehold,Resale
"3 BHK Flat  for Sale in  Anandapur Hooghly, Kolkata",₹5.31 Cr ,"₹16,981 per sqft ",3127 sqft,Ready to Move,4,23 out of 42,"Garden/Park, Pool",East,,2,,,Resale
2 BHK Flat  for Sale in   Kolkata,₹28 Lac ,"₹3,733 per sqft ",750 sqft,Ready to Move,2,2 out of 5,,,,,,,Resale
"3 BHK Flat  for Sale in  Gar, Kolkata",₹40 Lac ,"₹3,636 per sqft ",1100 sqft,Ready to Move,2,3 out of 4,,,,,,,Resale
"2 BHK Flat  for Sale in  Uttarpara Chinsurah, Kolkata",₹37 Lac ,"₹4,474 per sqft ",640 sqft,Ready to Move,2,10 out of 14,Garden/Park,South,,2,Shriram Grand One,Freehold,New Property
"3 BHK Flat  for Sale in  New Town, Kolkata",₹1.30 Cr ,"₹8,649 per sqft ",1203 sqft,Ready to Move,2,4 out of 30,"Garden/Park, Pool, Main Road",North - East,,1,Sureka Elita Garden Vista,Freehold,Resale
2 BHK Flat  for Sale in   Kolkata,₹37 Lac ,"₹4,625 per sqft ",700 sqft,Ready to Move,2,4 out of 4,Garden/Park,South - East,,1,,Freehold,Resale
"2 BHK Flat  for Sale in  Barhans, Kolkata",₹26 Lac ,"₹3,250 per sqft ",800 sqft,Ready to Move,1,1 out of 2,Main Road,South,,1,,Freehold,Resale
"3 BHK Flat  for Sale in  Sector 5 Salt Lake City, Kolkata",₹2.45 Cr ,"₹21,048 per sqft ",1164 sqft,Ready to Move,2,19 out of 20,,North - East,,1,Merlin 5th Avenue,Freehold,Resale
"3 BHK Flat  for Sale in  Sakher Bazar, Purba Barisha, Kolkata",₹55 Lac ,"₹5,131 per sqft ",1072 sqft,Ready to Move,2,2 out of 3,,North - West,1 Covered,1,,Freehold,Resale
"3 BHK Flat  for Sale in  Rajpur Sonarpur, Kolkata",₹1.05 Cr ,"₹7,119 per sqft ",1032 sqft,Ready to Move,2,2 out of 12,"Garden/Park, Pool",South,,,Primarc Southwinds,Freehold,Resale
2 BHK Flat  for Sale in   Kolkata,₹16.5 Lac ,"₹2,538 per sqft ",650 sqft,Ready to Move,1,3 out of 3,,,,,,,Resale
"2 BHK Flat  for Sale in  Sinthee, Kolkata",₹22 Lac ,"₹3,385 per sqft ",650 sqft,Ready to Move,1,3 out of 3,,,,1,,,Resale
"2 BHK Flat  for Sale in  Mandirtala Shibpur, Kolkata",₹48 Lac ,"₹4,494 per sqft ",1068 sqft,Ready to Move,2,4 out of 4,Main Road,South,,1,,,Resale
4 BHK Flat  for Sale in   Kolkata,₹44 Lac ,,1100 sqft,Ready to Move,2,4 out of 4,,,,1,,Leasehold,Resale
"3 BHK Flat  for Sale in  Dum Dum, Kolkata",₹45 Lac ,"₹3,906 per sqft ",1152 sqft,Ready to Move,2,1 out of 4,,,,,,,Resale
"2 BHK Flat  for Sale in  Garia Main Road, Kolkata",₹45 Lac ,"₹5,762 per sqft ",661 sqft,Ready to Move,2,1 out of 4,Main Road,South,,1,,Freehold,Resale
"2 BHK Flat  for Sale in  Jessore Road, Kolkata",₹40 Lac ,"₹5,472 per sqft ",731 sqft,Ready to Move,2,3 out of 4,,,,,,Freehold,Resale
"4 BHK Flat  for Sale in  Shobhabazar, Kolkata",₹1.20 Cr ,"₹7,229 per sqft ",1500 sqft,Ready to Move,2,1 out of 4,"Garden/Park, Main Road",South,,1,,Freehold,Resale
"2 BHK Flat  for Sale in  Rajpur, Kolkata",₹28 Lac ,"₹3,500 per sqft ",800 sqft,Ready to Move,1,3 out of 5,,,,,,,Resale
"2 BHK Flat  for Sale in  East Mall Road, Kolkata",₹22 Lac ,"₹3,284 per sqft ",620 sqft,Ready to Move,1,3 out of 3,Main Road,,,1,,Freehold,Resale
"4 BHK Flat  for Sale in  Kalighat, Kolkata",₹2 Cr ,"₹9,091 per sqft ",1900 sqft,Ready to Move,3,3 out of 4,Main Road,South,,2,,Freehold,Resale
2 BHK Flat  for Sale in   Kolkata,₹30.5 Lac ,"₹3,836 per sqft ",600 sqft,Ready to Move,2,3 out of 4,Main Road,North,,1,,Freehold,Resale
"2 BHK Flat  for Sale in  Bramhapur, Kolkata",₹13 Lac ,,500 sqft,Ready to Move,1,3 out of 3,,,,1,Niva Park Phase II,,Resale
"2 BHK Flat  for Sale in  Rash Behari Avenue, Kolkata",₹1.15 Cr ,"₹22,727 per sqft ",506 sqft,Ready to Move,2,Ground out of 3,,,,,,,Resale
"3 BHK Flat  for Sale in  Nayabad, Kolkata",₹55 Lac ,"₹5,203 per sqft ",1057 sqft,Ready to Move,2,3 out of 4,,,,1,Jeet Residency Phase III,,Resale
"3 BHK Flat  for Sale in  Uttarpara Chinsurah, Kolkata",₹80 Lac ,"₹5,420 per sqft ",1476 sqft,Ready to Move,2,10 out of 11,,South -West,,1,Unimark Riviera,Freehold,Resale
"3 BHK Flat  for Sale in  Nabapally Sector 4 Salt Lake, Kolkata",₹35 Lac ,"₹2,778 per sqft ",1000 sqft,Ready to Move,2,4 out of 4,"Garden/Park, Main Road",North - East,,2,Latika Apartment,Freehold,Resale
"3 BHK Flat  for Sale in  Airport 2 Number Gate, Kolkata",₹47 Lac ,"₹4,563 per sqft ",850 sqft,Ready to Move,2,4 out of 5,"Garden/Park, Main Road",South - East,,1,,Freehold,Resale
"3 BHK Flat  for Sale in  Baguiati, Kolkata",₹38 Lac ,"₹3,619 per sqft ",900 sqft,Ready to Move,2,4 out of 5,,East,,1,,,Resale
"3 BHK Flat  for Sale in  New Town, Kolkata",₹75 Lac ,"₹7,500 per sqft ",1000 sqft,Ready to Move,2,4 out of 5,,,,,,,Resale
"3 BHK Flat  for Sale in  Saha Para Fartabad, Kolkata",₹82 Lac ,"₹5,866 per sqft ",1210 sqft,Ready to Move,2,2 out of 4,"Pool, Main Road",North,,1,,Freehold,Resale
"2 BHK Flat  for Sale in  Deodar Street, Kolkata",₹1 Cr ,"₹11,765 per sqft ",850 sqft,Ready to Move,2,3 out of 4,,,,,,Co-operative Society,Resale
"2 BHK Flat  for Sale in  Nayabad, Kolkata",₹50 Lac ,"₹5,656 per sqft ",750 sqft,Ready to Move,2,4 out of 4,Main Road,South - East,,1,,Freehold,Resale
2 BHK Flat  for Sale in   Kolkata,₹58 Lac ,"₹5,823 per sqft ",996 sqft,Ready to Move,2,3 out of 4,,,,1,,Freehold,Resale
"2 BHK Flat  for Sale in  Motilal Colony, Kolkata",₹25 Lac ,"₹3,333 per sqft ",650 sqft,Ready to Move,2,3 out of 3,Main Road,South,,1,,Freehold,Resale
"2 BHK Flat  for Sale in  New Town, Kolkata",₹1.25 Cr ,"₹18,248 per sqft ",685 sqft,Ready to Move,2,9 out of 14,"Garden/Park, Pool, Main Road",,,1,PS ONE10,Freehold,Resale
"2 BHK Flat  for Sale in  Action Area 1, Kolkata",₹89 Lac ,"₹8,900 per sqft ",800 sqft,Ready to Move,2,1 out of 4,,,,2,,,Resale
"3 BHK Flat  for Sale in  Fartabad, Garia, Kolkata",₹70 Lac ,"₹5,973 per sqft ",1172 sqft,Ready to Move,2,3 out of 4,Garden/Park,North - East,1 Covered,1,Eden Pavilion,Freehold,Resale
"1 BHK Flat  for Sale in  New Town, Kolkata",₹32 Lac ,"₹5,684 per sqft ",563 sqft,Ready to Move,1,4 out of 5,Garden/Park,South,,1,Swan Court,Freehold,New Property
"3 BHK Flat  for Sale in  Rajarhat Main Road, Kolkata",₹1.30 Cr ,"₹11,818 per sqft ",1100 sqft,Ready to Move,2,6 out of 18,Main Road,South - East,,1,PS  Amistad,Freehold,Resale
"3 BHK Flat  for Sale in  Tollygunge, Kolkata",₹1.20 Cr ,"₹8,000 per sqft ",1450 sqft,Ready to Move,2,1 out of 4,Main Road,North - East,,1,,Freehold,Resale
"6 BHK Flat  for Sale in  Kadapara, Kankurgachi, Kolkata",₹3.80 Cr ,,,Ready to Move,4,3 out of 6,,East,3 Open,2,,Power Of Attorney,Resale
"3 BHK Flat  for Sale in  Gariahat, Kolkata",₹3.90 Cr ,"₹18,795 per sqft ",1875 sqft,Ready to Move,3,7 out of 11,"Main Road, Garden/Park",South -West,,1,Singhi Regency,Freehold,New Property
"2 BHK Flat  for Sale in  Selimpur Road, Kolkata",₹27 Lac ,"₹4,225 per sqft ",556 sqft,Ready to Move,2,1 out of 3,,North,,1,,Freehold,Resale
"3 BHK Flat  for Sale in  Thakurpukur, Kolkata",₹74 Lac ,"₹5,100 per sqft ",1451 sqft,Ready to Move,2,2 out of 4,,South -West,,2,Bengal Greenfield Oasis,Freehold,Resale
"2 BHK Flat  for Sale in  Beleghata, Kolkata",₹34.4 Lac ,"₹8,000 per sqft ",430 sqft,Ready to Move,1,3 out of 3,,,,1,,,Resale
3 BHK Flat  for Sale in   Kolkata,₹32 Lac ,"₹3,493 per sqft ",916 sqft,Ready to Move,2,7 out of 7,Garden/Park,,,1,,,Resale
"4 BHK Flat  for Sale in  Rajarhat, Kolkata",₹2.25 Cr ,"₹5,625 per sqft ",2800 sqft,Ready to Move,4,5 out of 7,,,,4,Team Bellagio LVL NXT,,Resale
"2 BHK Flat  for Sale in  Kamalgazi, Narendrapur, Kolkata",₹23 Lac ,"₹3,538 per sqft ",555 sqft,Ready to Move,2,4 out of 4,"Garden/Park, Main Road",East,2 Open,1,Mohan Garden,Freehold,Resale
"1 BHK Flat  for Sale in  Khardaha, Kolkata",₹17 Lac ,"₹3,025 per sqft ",562 sqft,Ready to Move,1,3 out of 4,Main Road,South,,,Gitanjali,,New Property
"1 BHK Flat  for Sale in  Birati, Kolkata",₹14.8 Lac ,"₹3,663 per sqft ",404 sqft,Ready to Move,1,3 out of 4,,,,,Birati,,Resale
"3 BHK Flat  for Sale in  Santoshpur, Kolkata",₹1.10 Cr ,"₹7,143 per sqft ",1400 sqft,Ready to Move,2,2 out of 4,Main Road,South,1 Covered,,,Freehold,Resale
3 BHK Flat  for Sale in   Kolkata,₹72 Lac ,"₹6,154 per sqft ",1170 sqft,Ready to Move,2,3 out of 4,,,,,,,Resale
"3 BHK Flat  for Sale in  Barasat, Kolkata",₹49 Lac ,"₹4,623 per sqft ",795 sqft,Ready to Move,2,2 out of 5,Main Road,East,1 Covered,1,Ashalata Apartment,Freehold,Resale
"2 BHK Flat  for Sale in  Madhyamgram, Kolkata",₹30 Lac ,"₹3,704 per sqft ",600 sqft,Ready to Move,2,3 out of 4,Garden/Park,North - East,,1,,Freehold,Resale
"3 BHK Flat  for Sale in  Rajarhat, Kolkata",₹95 Lac ,"₹7,011 per sqft ",1355 sqft,Ready to Move,2,10 out of 10,,,,,Unimark Springfield,,Resale
"3 BHK Flat  for Sale in  Dhakuria, Kolkata",₹1.05 Cr ,"₹8,314 per sqft ",1263 sqft,Ready to Move,2,4 out of 4,,,,,Creation Signature,,Resale
"1 BHK Flat  for Sale in  Podara, Kolkata",₹11 Lac ,,519 sqft,Ready to Move,1,3 out of 3,Main Road,South,,1,,,Resale
"3 BHK Flat  for Sale in  Lake Town, Kolkata",₹1.22 Cr ,"₹7,249 per sqft ",1683 sqft,Ready to Move,2,4 out of 5,,,,2,,Freehold,Resale
"3 BHK Flat  for Sale in  Beleghata, Kolkata",₹2.20 Cr ,"₹18,333 per sqft ",1200 sqft,Ready to Move,3,7 out of 13,,,,,,,Resale
"3 BHK Flat  for Sale in  Aswini Dutta Road, Kolkata",₹1.35 Cr ,,1600 sqft,Ready to Move,3,1 out of 4,,,,1,,,Resale
"1 BHK Flat  for Sale in  Uttarpara Chinsurah, Kolkata",₹15 Lac ,"₹3,614 per sqft ",400 sqft,Ready to Move,1,3 out of 4,,South -West,,1,,,Resale
"2 BHK Flat  for Sale in  Kamalgazi, Narendrapur, Kolkata",₹48 Lac ,"₹4,903 per sqft ",979 sqft,Ready to Move,2,1 out of 4,"Pool, Garden/Park",North - West,,1,Sugam Serenity,Freehold,Resale
"2 BHK Flat  for Sale in  Purbachal Kalitala, Kolkata",₹75 Lac ,"₹6,466 per sqft ",1160 sqft,Ready to Move,2,2 out of 3,,,,,,,Resale
"2 BHK Flat  for Sale in  Debaipukur, Kolkata",₹16 Lac ,"₹2,370 per sqft ",675 sqft,Ready to Move,1,1 out of 4,,,,,,,Resale
"3 BHK Flat  for Sale in  Regent Estate, Bijoygarh, Kolkata",₹67 Lac ,"₹5,583 per sqft ",1200 sqft,Ready to Move,2,1 out of 4,Main Road,South,1 Covered,1,,Leasehold,Resale
2 BHK Flat  for Sale in   Kolkata,₹20 Lac ,"₹3,407 per sqft ",470 sqft,Ready to Move,1,1 out of 4,,,,1,,,Resale
"3 BHK Flat  for Sale in  Amtala, Diamond Harbour Road, Kolkata",₹39 Lac ,"₹4,136 per sqft ",943 sqft,Ready to Move,3,3 out of 4,,,,3,,,Resale
"3 BHK Flat  for Sale in  Madurdaha, Hussainpur, Kolkata",₹75 Lac ,"₹5,593 per sqft ",950 sqft,Ready to Move,2,2 out of 3,Main Road,South,1 Covered,2,,Freehold,Resale
"2 BHK Flat  for Sale in  Baguiati, Kolkata",₹26 Lac ,"₹3,824 per sqft ",510 sqft,Ready to Move,2,2 out of 3,,South - East,,2,Puspa Apartment,,Resale
"2 BHK Flat  for Sale in  Howrah, Kolkata",₹50.6 Lac ,"₹4,600 per sqft ",1100 sqft,Ready to Move,2,5 out of 6,,,,,,,Resale
"1 BHK Flat  for Sale in  Netaji Nagar, Kolkata",₹22.5 Lac ,"₹4,518 per sqft ",498 sqft,Ready to Move,1,4 out of 4,,South -West,,1,Amiya Apartment,Freehold,Resale
"3 BHK Flat  for Sale in  Ramgarh Garia, Kolkata",₹48 Lac ,"₹3,718 per sqft ",1140 sqft,Ready to Move,2,1 out of 5,,,,2,Trident Sky Abode,,Resale
"2 BHK Flat  for Sale in  Boral Main Road, Kolkata",₹30 Lac ,"₹3,448 per sqft ",722 sqft,Ready to Move,2,1 out of 4,Main Road,North,,1,,Freehold,Resale
"2 BHK Flat  for Sale in  Barabazar Market, Kolkata",₹12 Lac ,"₹4,000 per sqft ",300 sqft,Ready to Move,1,1 out of 2,,,,,,,Resale
"2 BHK Flat  for Sale in  Behala, Kolkata",₹1.45 Cr ,"₹5,370 per sqft ",2500 sqft,Ready to Move,2,4 out of 4,,,,2,Shivam,,Resale
3 BHK Flat  for Sale in   Kolkata,₹75 Lac ,"₹5,051 per sqft ",1485 sqft,Ready to Move,2,2 out of 3,Main Road,North - East,1 Covered,,,Freehold,Resale
"3 BHK Flat  for Sale in  Howrah, Kolkata",₹1.60 Cr ,"₹10,959 per sqft ",1460 sqft,Ready to Move,2,11 out of 16,"Pool, Garden/Park, Main Road",,,1,Ideal Grand,Freehold,Resale
"3 BHK Flat  for Sale in  Rajarhat, Kolkata",₹55 Lac ,"₹4,850 per sqft ",910 sqft,Ready to Move,2,5 out of 6,Garden/Park,South - East,,1,Aspira Aashiyana,Freehold,Resale
"1 BHK Flat  for Sale in  Maheshtala, Kolkata",₹25 Lac ,"₹3,511 per sqft ",712 sqft,Ready to Move,1,10 out of 15,,,,,,,Resale
"1 BHK Flat  for Sale in  Baruipur, Kolkata",₹18.5 Lac ,"₹5,286 per sqft ",350 sqft,,1,1,,,,,Merlin Oikyo,,Resale
2 BHK Flat  for Sale in   Kolkata,₹31 Lac ,"₹3,605 per sqft ",860 sqft,Ready to Move,2,1 out of 3,,,,,,,Resale
"4 BHK Flat  for Sale in  Beleghata, Kolkata",₹2.40 Cr ,"₹11,429 per sqft ",2100 sqft,Ready to Move,4,11 out of 18,,,,2,Kay Pee Oriental Palms,,Resale
2 BHK Flat  for Sale in   Kolkata,₹24 Lac ,"₹2,637 per sqft ",760 sqft,Ready to Move,2,3 out of 3,,,,3,,,Resale
"2 BHK Flat  for Sale in  Maheshtala, Kolkata",₹25 Lac ,"₹3,511 per sqft ",712 sqft,Ready to Move,2,7 out of 14,,,,1,Hiland Greens,Freehold,Resale
"3 BHK Flat  for Sale in  Southern Avenue, Kolkata",₹2.50 Cr ,"₹12,195 per sqft ",1600 sqft,Ready to Move,3,3 out of 3,,,,2,,Freehold,Resale
"2 BHK Flat  for Sale in  Panchasayar, Garia, Kolkata",₹1.40 Cr ,"₹9,333 per sqft ",1100 sqft,Ready to Move,2,13 out of 15,Main Road,North,,1,Aasha Apartment,Freehold,Resale
"2 BHK Flat  for Sale in  Howrah, Kolkata",₹38.4 Lac ,"₹5,100 per sqft ",605 sqft,Ready to Move,2,3 out of 4,Main Road,North,,,PS Sansara,Freehold,Resale
"1 BHK Flat  for Sale in  Mahamaya Tala, Garia, Kolkata",₹20 Lac ,"₹4,049 per sqft ",420 sqft,Ready to Move,1,1 out of 4,,South,,,,,Resale
"2 BHK Flat  for Sale in  Bosepukur, Kasba, Kolkata",₹55 Lac ,,687 sqft,Ready to Move,2,2 out of 3,,,,1,,,Resale
"3 BHK Flat  for Sale in  Rajarhat, Kolkata",₹45 Lac ,"₹4,213 per sqft ",1068 sqft,Ready to Move,2,5 out of 5,Garden/Park,West,,1,Club Residenza,Freehold,Resale
"2 BHK Flat  for Sale in  Thakurpukur, Kolkata",₹60 Lac ,"₹7,435 per sqft ",807 sqft,Ready to Move,2,2 out of 4,"Garden/Park, Pool, Main Road",South,,1,Prantik Phase 1,Co-operative Society,Resale
"2 BHK Flat  for Sale in  Sonarpur Station Road, Kolkata",₹43 Lac ,"₹4,751 per sqft ",678 sqft,Ready to Move,2,2 out of 4,"Garden/Park, Pool",East,,1,Rajwada Lake Bliss,Freehold,Resale
"3 BHK Flat  for Sale in  Netaji Nagar, Kolkata",₹1.25 Cr ,"₹8,681 per sqft ",1440 sqft,Ready to Move,2,3 out of 4,,,,1,,Freehold,Resale
3 BHK Flat  for Sale in   Kolkata,₹60 Lac ,"₹5,000 per sqft ",1200 sqft,Ready to Move,2,1 out of 4,,,,,,,Resale
"2 BHK Flat  for Sale in  New Town, Kolkata",₹50 Lac ,"₹7,692 per sqft ",650 sqft,Ready to Move,1,1 out of 5,,,,1,,,Resale
"2 BHK Flat  for Sale in  Hastings, Kolkata",₹1 Cr ,"₹8,929 per sqft ",950 sqft,Ready to Move,2,7 out of 7,Main Road,North - East,,1,Hastings Court,Freehold,Resale
"3 BHK Flat  for Sale in  New Alipore, Kolkata",₹2.50 Cr ,"₹13,714 per sqft ",1500 sqft,Ready to Move,3,3 out of 24,Garden/Park,,,1,,,Resale
"3 BHK Flat  for Sale in  Shyamnagar, Kolkata",₹65 Lac ,"₹5,417 per sqft ",1200 sqft,Ready to Move,2,1 out of 3,,,,,Diamond Plaza,,Resale
"3 BHK Flat  for Sale in  Narendrapur Rajpur Sonarpur, Kolkata",₹65 Lac ,"₹4,969 per sqft ",1308 sqft,Ready to Move,2,4 out of 4,,,,,Sugam Sabuj,,Resale
"1 BHK Flat  for Sale in  Ajoy Nagar Santoshpur, Kolkata",₹65 Lac ,"₹8,075 per sqft ",805 sqft,Ready to Move,1,2 out of 18,,,,,Udita Apartments,,Resale
"4 BHK Flat  for Sale in  Kankurgachi, Kolkata",₹1.70 Cr ,"₹9,315 per sqft ",1460 sqft,Ready to Move,2,2 out of 5,Main Road,East,1 Covered,1,,Freehold,Resale
2 BHK Flat  for Sale in   Kolkata,₹15 Lac ,"₹2,890 per sqft ",519 sqft,Ready to Move,1,2 out of 3,,,,,,,Resale
"4 BHK Flat  for Sale in  Hindustan Park, Gariahat, Kolkata",₹2.50 Cr ,"₹13,514 per sqft ",1500 sqft,Ready to Move,3,2 out of 5,Main Road,East,1 Covered,2,,Freehold,Resale
"4 BHK Flat  for Sale in  Sakher Bazar, Purba Barisha, Kolkata",₹50 Lac ,"₹3,704 per sqft ",1000 sqft,Ready to Move,3,3 out of 3,,East,,1,,,Resale
"3 BHK Flat  for Sale in  Behala, Kolkata",₹1.10 Cr ,"₹5,500 per sqft ",1700 sqft,Ready to Move,3,Ground out of 5,Garden/Park,South,1 Covered,2,,Freehold,New Property
"3 BHK Flat  for Sale in  Southern Bypass, Kolkata",₹83 Lac ,"₹7,217 per sqft ",850 sqft,Ready to Move,2,11 out of 11,"Pool, Main Road, Garden/Park",South,,1,,Freehold,Resale
"2 BHK Flat  for Sale in  Dum Dum Road, Kolkata",₹35 Lac ,"₹4,118 per sqft ",752 sqft,Ready to Move,2,2 out of 3,,,,1,,Freehold,Resale
"2 BHK Flat  for Sale in  Baguiati, Kolkata",₹32 Lac ,"₹4,324 per sqft ",740 sqft,Ready to Move,2,2 out of 4,Main Road,East,,1,,Freehold,Resale
"1 BHK Flat  for Sale in  Kestopur, Kolkata",₹45 Lac ,"₹7,923 per sqft ",568 sqft,Ready to Move,1,Ground out of 6,Garden/Park,North - East,,,Meridian Chitrakut Dham,Freehold,New Property
"2 BHK Flat  for Sale in  Barrackpore, Kolkata",₹50 Lac ,"₹4,794 per sqft ",834 sqft,Ready to Move,2,3 out of 4,,South - East,,1,,Freehold,Resale
"3 BHK Flat  for Sale in  Watganj, Kolkata",₹1.50 Cr ,"₹10,925 per sqft ",1097 sqft,Ready to Move,2,11 out of 12,Main Road,North - West,,2,,Freehold,Resale
"3 BHK Flat  for Sale in  Action Area 2, Kolkata",₹1.55 Cr ,"₹9,904 per sqft ",995 sqft,,3,10 out of 25,"Garden/Park, Main Road",South,1 Covered,2,,Freehold,Resale
"2 BHK Flat  for Sale in  Maheshtala, Kolkata",₹28 Lac ,,712 sqft,Ready to Move,2,5 out of 14,,,1 Covered,1,,,New Property
"3 BHK Flat  for Sale in  Chinar Park, Rajarhat, Kolkata",₹2 Cr ,"₹17,544 per sqft ",1140 sqft,Ready to Move,2,12 out of 14,,,,1,Siddha Galaxia Phase 2,,Resale
"4 BHK Flat  for Sale in  Dr Suresh Sarkar Road, Kolkata",₹3.50 Cr ,"₹17,500 per sqft ",1500 sqft,Ready to Move,4,7 out of 14,,,,1,,,Resale
"2 BHK Flat  for Sale in  Sonarpur, Kolkata",₹40 Lac ,,810 sqft,Ready to Move,2,6 out of 8,Garden/Park,,1 Covered,1,J G Golden Heights,Freehold,Resale
"3 BHK Flat  for Sale in  Maheshtala, Kolkata",₹50 Lac ,"₹3,631 per sqft ",1377 sqft,Ready to Move,2,13 out of 15,,East,,1,Eden City Maheshtala,Freehold,Resale
"2 BHK Flat  for Sale in  Sonarpur, Kolkata",₹36 Lac ,"₹3,462 per sqft ",1040 sqft,Ready to Move,2,2 out of 9,,,,1,BCT Sonar Sansar,Freehold,Resale
"6 BHK Flat  for Sale in  New Alipore, Kolkata",₹1.50 Cr ,"₹6,818 per sqft ",1760 sqft,Ready to Move,4,2 out of 3,Main Road,North,,1,,Freehold,Resale
"4 BHK Flat  for Sale in  Nagerbazar, Kolkata",₹1.30 Cr ,"₹6,190 per sqft ",2100 sqft,Ready to Move,3,2 out of 5,,,,,,,Resale
"3 BHK Flat  for Sale in  Haltu, Kolkata",₹78 Lac ,"₹6,500 per sqft ",960 sqft,Ready to Move,2,2 out of 4,Main Road,South - East,"1 Covered,",1,Antaranga 3,Freehold,Resale
"2 BHK Flat  for Sale in  Eastern Metropolitan Bypass, Kolkata",₹46 Lac ,,903 sqft,Ready to Move,2,4 out of 4,Main Road,South -West,,1,Eden Flora,Freehold,Resale
"3 BHK Flat  for Sale in  Nayabad, Kolkata",₹55 Lac ,"₹4,561 per sqft ",850 sqft,Ready to Move,2,1 out of 4,Main Road,South - East,1 Covered,1,,Freehold,Resale
"2 BHK Flat  for Sale in  Rajarhat, Kolkata",₹40 Lac ,"₹4,315 per sqft ",927 sqft,Ready to Move,2,4 out of 5,,,,,,,Resale
"2 BHK Flat  for Sale in  Ramgarh Colony, Kolkata",₹40 Lac ,"₹4,908 per sqft ",815 sqft,Ready to Move,2,3 out of 4,,South - East,,1,,Freehold,Resale
"2 BHK Flat  for Sale in  Motilal Gupta Road, Kolkata",₹32 Lac ,"₹3,279 per sqft ",750 sqft,Ready to Move,2,3 out of 5,"Garden/Park, Main Road",South - East,,,,Freehold,Resale
"4 BHK Flat  for Sale in  Howrah, Kolkata",₹68 Lac ,"₹3,656 per sqft ",1484 sqft,Ready to Move,3,5 out of 6,,,,2,Tulip Garden,,Resale
"2 BHK Flat  for Sale in  Thakurpukur, Kolkata",₹47 Lac ,"₹5,257 per sqft ",894 sqft,Ready to Move,2,1 out of 4,,,,,SwanGreen,,Resale
"3 BHK Flat  for Sale in  Tollygunge, Kolkata",₹1.40 Cr ,"₹8,159 per sqft ",1200 sqft,Ready to Move,3,1 out of 4,"Garden/Park, Main Road",,,2,LGS Bougainville,Freehold,Resale
2 BHK Flat  for Sale in   Kolkata,₹22 Lac ,"₹2,933 per sqft ",650 sqft,Ready to Move,2,4 out of 4,,,,1,,,Resale
3 BHK Flat  for Sale in   Kolkata,₹33 Lac ,,1800 sqft,Ready to Move,2,2 out of 4,,North,,2,,,Resale
"2 BHK Flat  for Sale in  Block 2 Jatindas Nagar, Kolkata",₹26 Lac ,"₹3,377 per sqft ",770 sqft,Ready to Move,2,1 out of 4,Main Road,South - East,,1,,Freehold,Resale
"2 BHK Flat  for Sale in  Tollygunge, Kolkata",₹1 Cr ,"₹8,889 per sqft ",1125 sqft,Ready to Move,2,3 out of 6,,,,,,,Resale
"2 BHK Flat  for Sale in  Gulshan Colony, Kolkata",₹19.5 Lac ,"₹2,549 per sqft ",688 sqft,Ready to Move,1,2 out of 4,,,,1,,,Resale
2 BHK Flat  for Sale in   Kolkata,₹18 Lac ,"₹2,500 per sqft ",600 sqft,Ready to Move,1,4 out of 4,Main Road,West,,1,,Freehold,Resale
"2 BHK Flat  for Sale in  Bansdroni, Kolkata",₹30 Lac ,"₹3,750 per sqft ",800 sqft,Ready to Move,2,1 out of 3,Main Road,North - East,3 Covered,1,,Freehold,Resale
2 BHK Flat  for Sale in   Kolkata,₹20 Lac ,,720 sqft,Ready to Move,2,4 out of 4,,,,1,,,Resale
"2 BHK Flat  for Sale in  Jessore Road, Kolkata",₹60 Lac ,"₹6,186 per sqft ",970 sqft,Ready to Move,2,2 out of 6,,,,1,Diamond City North,,Resale
"2 BHK Flat  for Sale in  Joka, Kolkata",₹60 Lac ,"₹6,383 per sqft ",940 sqft,Ready to Move,2,10 out of 12,"Garden/Park, Pool",,,1,DTC Southern Heights,Freehold,Resale
"2 BHK Flat  for Sale in  Nagerbazar, Kolkata",₹27.5 Lac ,"₹3,929 per sqft ",700 sqft,Ready to Move,2,4 out of 4,,,,,,,Resale
"5 BHK Flat  for Sale in  Bara Bazar Barabazar Market, Kolkata",₹1 Cr ,"₹8,673 per sqft ",1153 sqft,Ready to Move,3,3 out of 3,Main Road,North,,,,Freehold,Resale
"4 BHK Flat  for Sale in  Alipore, Kolkata",₹2.70 Cr ,"₹11,157 per sqft ",2420 sqft,Ready to Move,4,2 out of 4,,,,2,,,Resale
"3 BHK Flat  for Sale in  Rajarhat Main Road, Kolkata",₹48 Lac ,,1143 sqft,Ready to Move,2,3 out of 4,"Garden/Park, Pool, Main Road",,1 Covered,2,Magnolia Vardaan,Freehold,Resale
"2 BHK Flat  for Sale in  Dum Dum, Kolkata",₹27.5 Lac ,"₹4,900 per sqft ",410 sqft,Ready to Move,1,2 out of 3,Main Road,South - East,,1,,Co-operative Society,Resale
2 BHK Flat  for Sale in   Kolkata,₹1.30 Cr ,"₹12,037 per sqft ",1080 sqft,Ready to Move,2,2 out of 23,,,,,,,Resale
2 BHK Flat  for Sale in   Kolkata,₹22 Lac ,"₹3,667 per sqft ",600 sqft,Ready to Move,1,2 out of 4,Main Road,North,,,,Freehold,Resale
"2 BHK Flat  for Sale in  Rajarhat, Kolkata",₹26 Lac ,"₹3,495 per sqft ",744 sqft,,2,2 out of 3,,South - East,2 Open,2,Shubham Apartments,Freehold,Resale
2 BHK Flat  for Sale in   Kolkata,₹15 Lac ,"₹2,000 per sqft ",750 sqft,Ready to Move,1,3 out of 4,,South,,1,,,Resale
"3 BHK Flat  for Sale in  Picnic Garden, Tiljala, Kolkata",₹1.15 Cr ,"₹8,431 per sqft ",1092 sqft,Ready to Move,2,3 out of 4,Main Road,East,,2,Aspirations Serenity,Freehold,Resale
"3 BHK Flat  for Sale in  Shripur, Boral, Kolkata",₹30 Lac ,"₹3,006 per sqft ",750 sqft,Ready to Move,2,1 out of 3,Main Road,North - East,1 Covered,1,,Freehold,Resale
3 BHK Flat  for Sale in   Kolkata,₹55 Lac ,"₹4,964 per sqft ",1050 sqft,Ready to Move,3,1 out of 5,"Garden/Park, Main Road",East,,1,,,Resale
2 BHK Flat  for Sale in   Kolkata,₹42 Lac ,"₹5,753 per sqft ",630 sqft,Ready to Move,2,3 out of 3,Main Road,North,,1,,Freehold,Resale
"3 BHK Flat  for Sale in  Shibrampur, Shibrampur Mauza, Kolkata",₹70 Lac ,"₹5,360 per sqft ",980 sqft,Ready to Move,2,8 out of 11,Garden/Park,South - East,,2,Greenfield City,Freehold,Resale
"4 BHK Flat  for Sale in  Chowhati, Rajpur, Kolkata",₹1 Cr ,,1539 sqft,Ready to Move,3,4 out of 18,Garden/Park,South -West,1 Covered,2,Srijan Realty and Primarc Group and Riya Group Southwinds,Freehold,Resale
"2 BHK Flat  for Sale in  Maheshtala, Kolkata",₹45 Lac ,"₹6,320 per sqft ",712 sqft,Ready to Move,2,12 out of 14,,,,,Hiland Greens,,Resale
"3 BHK Flat  for Sale in  Shibpur, Kolkata",₹89 Lac ,"₹5,562 per sqft ",1600 sqft,Ready to Move,2,2 out of 5,Main Road,South - East,1 Covered,1,,Freehold,Resale
"2 BHK Flat  for Sale in  Chowhati, Rajpur, Kolkata",₹36 Lac ,"₹4,651 per sqft ",774 sqft,Ready to Move,2,4 out of 7,,,,1,PS  White Meadows,,Resale
"3 BHK Flat  for Sale in  Thakurpukur, Kolkata",₹55 Lac ,"₹4,446 per sqft ",1237 sqft,Ready to Move,3,1 out of 4,,,,,,,Resale
"2 BHK Flat  for Sale in  Rajpur Sonarpur, Kolkata",₹45 Lac ,,1126 sqft,Ready to Move,2,3 out of 7,,North - East,2 Covered,2,Deeshari Megacity Phase 1,Freehold,Resale
"2 BHK Flat  for Sale in  Raghunathpur, Baguiati, Kolkata",₹29 Lac ,"₹3,412 per sqft ",750 sqft,Ready to Move,1,1 out of 3,,East,,1,,Freehold,Resale
"1 BHK Flat  for Sale in  New Town, Kolkata",₹33 Lac ,"₹6,111 per sqft ",500 sqft,Ready to Move,1,5 out of 14,Garden/Park,North - East,50 Open,1,,Freehold,Resale
"2 BHK Flat  for Sale in  Birati, Kolkata",₹45 Lac ,"₹4,945 per sqft ",910 sqft,Ready to Move,2,4 out of 4,"Garden/Park, Main Road",North - West,,1,Parvati Garden,Freehold,Resale
"3 BHK Flat  for Sale in  Madurdaha, Hussainpur, Kolkata",₹1.17 Cr ,"₹4,708 per sqft ",2050 sqft,Ready to Move,3,4 out of 4,"Garden/Park, Main Road",South - East,2 Covered,1,,Freehold,Resale
"3 BHK Flat  for Sale in  Batanagar, Kolkata",₹1 Cr ,"₹5,023 per sqft ",1296 sqft,Ready to Move,3,18 out of 22,,,,1,Hiland The Princep,,Resale
"2 BHK Flat  for Sale in  Subhash Nagar South Dumdum, Kolkata",₹65 Lac ,"₹5,495 per sqft ",950 sqft,Ready to Move,2,2 out of 4,Main Road,South,,2,,Freehold,New Property
"3 BHK Flat  for Sale in  New Alipore, Kolkata",₹1.50 Cr ,"₹8,108 per sqft ",1485 sqft,Ready to Move,4,4 out of 5,Main Road,North,1 Covered,3,,Freehold,Resale
"2 BHK Flat  for Sale in  Eastern Metropolitan Bypass, Kolkata",₹1.15 Cr ,"₹10,286 per sqft ",690 sqft,Ready to Move,2,16 out of 17,Main Road,South -West,,1,Modello Highs,Freehold,Resale
"3 BHK Flat  for Sale in  Dunlop, Dakshineswar, Belgharia Expressway, Kolkata",₹1.10 Cr ,"₹5,486 per sqft ",1704 sqft,Ready to Move,2,3 out of 3,Main Road,North,,,,Freehold,Resale
"2 BHK Flat  for Sale in  Joka, Kolkata",₹40 Lac ,"₹4,779 per sqft ",837 sqft,Ready to Move,2,2 out of 4,,,,1,,,Resale
"2 BHK Flat  for Sale in  Dum Dum, Kolkata",₹2.60 Cr ,"₹36,879 per sqft ",565 sqft,Ready to Move,2,Ground out of 4,,,,2,Kamala Apartment,,Resale
"2 BHK Flat  for Sale in  Baguiati, Kolkata",₹35 Lac ,"₹4,118 per sqft ",850 sqft,Ready to Move,2,1 out of 4,,,,,Ripons Maa Tara Apartment,,Resale
3 BHK Flat  for Sale in   Kolkata,₹1.15 Cr ,"₹7,468 per sqft ",1540 sqft,Ready to Move,4,10 out of 12,,North - West,,1,,,Resale
"2 BHK Flat  for Sale in  Kestopur, Kolkata",₹38 Lac ,"₹4,176 per sqft ",910 sqft,Ready to Move,2,3 out of 4,,,,,,,Resale
"3 BHK Flat  for Sale in  Kankurgachi, Kolkata",₹85 Lac ,"₹6,071 per sqft ",1000 sqft,Ready to Move,2,3 out of 3,"Garden/Park, Main Road",South - East,1 Open,2,,Co-operative Society,Resale
"3 BHK Flat  for Sale in  Mukundapur, Kolkata",₹85 Lac ,"₹6,768 per sqft ",1256 sqft,Ready to Move,2,3 out of 4,Pool,South - East,,1,Bengal Abasan Urban Sabujayan,Freehold,Resale
"2 BHK Flat  for Sale in  Behala Chowrasta, Kolkata",₹44 Lac ,"₹4,112 per sqft ",1070 sqft,Ready to Move,2,2 out of 4,Main Road,East,4 Covered,,,Freehold,Resale
"3 BHK Flat  for Sale in  Narendrapur Rajpur Sonarpur, Kolkata",₹65 Lac ,"₹4,492 per sqft ",1447 sqft,Ready to Move,3,1 out of 4,,,,,Sugam Park,,Resale
2 BHK Flat  for Sale in   Kolkata,₹32.2 Lac ,"₹2,800 per sqft ",980 sqft,Ready to Move,2,5 out of 43,,,,1,,,Resale
"2 BHK Flat  for Sale in  Belghoria, Kolkata",₹60 Lac ,"₹6,141 per sqft ",830 sqft,Ready to Move,1,3 out of 5,"Garden/Park, Pool, Main Road",North - East,,1,,Freehold,Resale
3 BHK Flat  for Sale in   Kolkata,₹1 Cr ,"₹6,667 per sqft ",1500 sqft,Ready to Move,2,3 out of 8,,,,,,,Resale
"2 BHK Flat  for Sale in  Muchipara, Kolkata",₹31.5 Lac ,"₹3,938 per sqft ",800 sqft,Ready to Move,2,3 out of 3,"Pool, Main Road",South - East,1 Open,1,,Freehold,Resale
"2 BHK Flat  for Sale in  Alipore, Kolkata",₹35 Lac ,"₹4,375 per sqft ",600 sqft,Ready to Move,2,3 out of 5,,,,1,Mereit Gardenia,,Resale
"2 BHK Flat  for Sale in  Belghoria, Kolkata",₹26 Lac ,"₹3,714 per sqft ",595 sqft,Ready to Move,2,2 out of 3,"Garden/Park, Main Road",South - East,,,,Freehold,Resale
"2 BHK Flat  for Sale in  Garia, Kolkata",₹27 Lac ,"₹3,333 per sqft ",796 sqft,Ready to Move,2,Ground out of 3,,,,1,,,Resale
2 BHK Flat  for Sale in   Kolkata,₹25 Lac ,"₹3,434 per sqft ",728 sqft,Ready to Move,2,4 out of 4,Main Road,South,,1,,Co-operative Society,Resale
"3 BHK Flat  for Sale in  Maheshtala, Kolkata",₹52 Lac ,"₹3,412 per sqft ",1524 sqft,Ready to Move,3,9 out of 12,,,,,Eden City Maheshtala,,Resale
"3 BHK Flat  for Sale in  New Alipore, Kolkata",₹3 Cr ,"₹15,000 per sqft ",2000 sqft,Ready to Move,1,1 out of 1,,,,,,,Resale
"2 BHK Flat  for Sale in  Garia, Kolkata",₹36 Lac ,"₹4,592 per sqft ",784 sqft,Ready to Move,2,4 out of 4,,,,,Swarnakamal Apartment,,Resale
"2 BHK Flat  for Sale in  Kamalgazi, Narendrapur, Kolkata",₹55 Lac ,"₹5,908 per sqft ",931 sqft,Ready to Move,2,1 out of 4,,,,,PS  Vinayak Citrus Cove,,Resale
"3 BHK Flat  for Sale in  Shibrampur, Shibrampur Mauza, Kolkata",₹51 Lac ,"₹4,595 per sqft ",950 sqft,Ready to Move,2,9 out of 11,"Garden/Park, Pool",South,1 Open,2,Greenfield City,Freehold,Resale
"2 BHK Flat  for Sale in  Kamdahari, Kolkata",₹35 Lac ,"₹4,000 per sqft ",650 sqft,Ready to Move,2,3 out of 3,Main Road,South - East,,1,,Freehold,Resale
"2 BHK Flat  for Sale in  Madhyamgram, Kolkata",₹40 Lac ,"₹3,941 per sqft ",1015 sqft,Ready to Move,2,4 out of 4,Garden/Park,,,1,Fortune City,,Resale
"2 BHK Flat  for Sale in  VIP Service Road, Kolkata",₹50 Lac ,"₹6,250 per sqft ",800 sqft,Ready to Move,2,3 out of 5,Garden/Park,North - East,1 Covered,,Green Leaf,Freehold,Resale
"3 BHK Flat  for Sale in  Maheshtala, Kolkata",₹36 Lac ,"₹2,913 per sqft ",900 sqft,Ready to Move,2,2 out of 15,"Pool, Garden/Park",East,,1,Eden City Maheshtala,Freehold,Resale
"2 BHK Flat  for Sale in  Rajarhat, Kolkata",₹85 Lac ,"₹7,870 per sqft ",850 sqft,Ready to Move,2,13 out of 13,"Garden/Park, Main Road",South - East,1 Covered,1,Siddha Galaxia Phase 2,Freehold,Resale
"3 BHK Flat  for Sale in  Mukundapur, Kolkata",₹50 Lac ,"₹4,762 per sqft ",1050 sqft,Ready to Move,2,1 out of 3,,,,1,,,Resale
"2 BHK Flat  for Sale in  Rajarhat, Kolkata",₹35 Lac ,"₹3,863 per sqft ",906 sqft,Ready to Move,2,2 out of 5,,,,,Tirath Abasan,,Resale
2 BHK Flat  for Sale in   Kolkata,₹17 Lac ,"₹3,400 per sqft ",500 sqft,Ready to Move,1,3 out of 5,,,,1,,,Resale
"3 BHK Flat  for Sale in  Chinar Park, Rajarhat, Kolkata",₹1.20 Cr ,"₹8,850 per sqft ",1040 sqft,Ready to Move,2,4 out of 8,Garden/Park,South,1 Covered,1,Display Vinimay Urban Greens,Freehold,Resale
"3 BHK Flat  for Sale in  Garia, Kolkata",₹53 Lac ,"₹5,033 per sqft ",1053 sqft,Ready to Move,2,1 out of 1,,,,1,Prudent Prana,,Resale
"3 BHK Flat  for Sale in  Nagerbazar, Kolkata",₹49.6 Lac ,"₹4,100 per sqft ",1000 sqft,Ready to Move,2,4 out of 4,Garden/Park,South - East,,1,Anand Vihar,Freehold,Resale
2 BHK Flat  for Sale in   Kolkata,₹89 Lac ,"₹6,215 per sqft ",1432 sqft,Ready to Move,2,4 out of 4,,,,1,,Freehold,Resale
3 BHK Flat  for Sale in   Kolkata,₹1.20 Cr ,"₹9,600 per sqft ",1250 sqft,Ready to Move,2,1 out of 4,,,,,,,Resale
"3 BHK Flat  for Sale in  Birati, Kolkata",₹1.40 Cr ,"₹13,084 per sqft ",1017 sqft,Ready to Move,2,1 out of 5,Main Road,South - East,,,Swastik Apartment,Freehold,Resale
"2 BHK Flat  for Sale in  Purbachal Haltu, Kolkata",₹45 Lac ,"₹6,494 per sqft ",620 sqft,Ready to Move,1,3 out of 3,"Garden/Park, Main Road",North - East,,1,,Freehold,Resale
"1 BHK Flat  for Sale in  Selimpur, Dhakuria, Kolkata",₹21 Lac ,"₹4,719 per sqft ",445 sqft,Ready to Move,1,3 out of 3,,,,1,,Freehold,Resale
"3 BHK Flat  for Sale in  Haridevpur, Paschim Putiary, Kolkata",₹1.70 Cr ,"₹8,277 per sqft ",1179 sqft,Ready to Move,3,1 out of 12,"Garden/Park, Main Road",North,,2,Mani Shankhmani,Freehold,Resale
"2 BHK Flat  for Sale in  Maheshtala, Kolkata",₹32 Lac ,"₹3,575 per sqft ",662 sqft,Ready to Move,2,4 out of 14,"Garden/Park, Main Road",South,,2,HILAND ELGIN,Freehold,Resale
"2 BHK Flat  for Sale in  Jadavpur, Kolkata",₹25 Lac ,"₹4,167 per sqft ",600 sqft,Ready to Move,2,2 out of 3,,,,2,,,Resale
2 BHK Flat  for Sale in   Kolkata,₹55 Lac ,"₹7,285 per sqft ",655 sqft,Ready to Move,2,2 out of 3,Main Road,East,,1,,Freehold,Resale
"1 BHK Flat  for Sale in  Fartabad, Garia, Kolkata",₹30 Lac ,"₹5,405 per sqft ",555 sqft,Ready to Move,1,2 out of 2,Garden/Park,South -West,,1,,Freehold,Resale
"3 BHK Flat  for Sale in  Tollygunge, Kolkata",₹1.20 Cr ,"₹10,435 per sqft ",1150 sqft,Ready to Move,2,1 out of 13,,,,1,Mani Shankhmani,,Resale
"3 BHK Flat  for Sale in  Bablatala, Gopalpur Gram, Kolkata",₹46.5 Lac ,"₹3,720 per sqft ",1250 sqft,Ready to Move,2,2 out of 5,,,,,Rechi Sourav Ganguli Avenue,,Resale
"2 BHK Flat  for Sale in  Kasba, Kolkata",₹40 Lac ,"₹7,547 per sqft ",530 sqft,Ready to Move,1,2 out of 4,Main Road,North,,,,Freehold,Resale
"2 BHK Flat  for Sale in  Dum Dum, Kolkata",₹43 Lac ,"₹5,119 per sqft ",672 sqft,Ready to Move,2,2 out of 4,Main Road,North - East,,1,Prayas Apartment,Freehold,Resale
2 BHK Flat  for Sale in   Kolkata,₹17.5 Lac ,"₹2,098 per sqft ",834 sqft,Ready to Move,1,2 out of 5,Main Road,South - East,,1,,,Resale
"3 BHK Flat  for Sale in  Vip Road, Kolkata",₹1.20 Cr ,"₹7,304 per sqft ",1643 sqft,Ready to Move,3,1 out of 5,,North,,2,Shivoham Paradise,Freehold,Resale
3 BHK Flat  for Sale in   Kolkata,₹30 Lac ,"₹2,400 per sqft ",1250 sqft,,2,1 out of 4,,,,,,,Resale
2 BHK Flat  for Sale in   Kolkata,₹47 Lac ,"₹6,267 per sqft ",750 sqft,Ready to Move,2,3 out of 3,,,,,,,Resale
"2 BHK Flat  for Sale in  Nalta, Kolkata",₹33 Lac ,"₹3,529 per sqft ",935 sqft,Ready to Move,2,3 out of 3,,,,,,,Resale
"2 BHK Flat  for Sale in  Gulshan Colony, Kolkata",₹28 Lac ,"₹3,500 per sqft ",800 sqft,Ready to Move,1,4 out of 4,,,1 Covered,,,,Resale
"3 BHK Flat  for Sale in  Rajarhat, Kolkata",₹56 Lac ,"₹4,308 per sqft ",1300 sqft,Ready to Move,2,5 out of 6,"Garden/Park, Main Road",North,,1,Vedic Green Tech City,Freehold,Resale
"4 BHK Flat  for Sale in  College Street, Kolkata",₹55 Lac ,"₹5,556 per sqft ",990 sqft,Ready to Move,2,Upper Basement out of 2,,,,2,,,Resale
"2 BHK Flat  for Sale in  Rabindra Sarobar, Kolkata",₹1 Cr ,"₹9,901 per sqft ",990 sqft,Ready to Move,2,2 out of 5,,,,,,,Resale
"2 BHK Flat  for Sale in  Uttar Panchanna Gram, Kolkata",₹32 Lac ,"₹4,571 per sqft ",658 sqft,Ready to Move,1,3 out of 3,,South,,1,,Freehold,Resale
"3 BHK Flat  for Sale in  Ekbalpur, Khidirpur, Kolkata",₹1.28 Cr ,"₹9,269 per sqft ",1381 sqft,,2,8 out of 11,,,,,A T K Kalim Riviera,,Resale
"3 BHK Flat  for Sale in  Baithakkhana, Kolkata",₹2.10 Cr ,"₹12,500 per sqft ",1100 sqft,Ready to Move,3,11 out of 23,Garden/Park,East,1 Covered,1,Ideal Heights,Freehold,Resale
"2 BHK Flat  for Sale in  Parnasree Palli, Kolkata",₹65 Lac ,"₹6,633 per sqft ",980 sqft,Ready to Move,2,3 out of 4,,South,,1,,Freehold,Resale
"3 BHK Flat  for Sale in  Raja Rammohan Roy Road, Kolkata",₹1.20 Cr ,"₹9,608 per sqft ",930 sqft,Ready to Move,2,10 out of 10,"Main Road, Garden/Park",South,,1,Balasaria Ambika Icon,Freehold,Resale
"3 BHK Flat  for Sale in  Gariahat, Kolkata",₹1.30 Cr ,"₹10,833 per sqft ",1200 sqft,Ready to Move,3,1 out of 4,,,,,,,Resale
"3 BHK Flat  for Sale in  Domjur, Howrah, Kolkata",₹32 Lac ,"₹2,817 per sqft ",870 sqft,Ready to Move,2,7 out of 7,Main Road,South -West,,1,,Freehold,Resale
"3 BHK Flat  for Sale in  Diamond Harbour Road, Kolkata",₹50 Lac ,,1026 sqft,Ready to Move,2,1 out of 3,Main Road,,1 Open,1,,Co-operative Society,Resale
2 BHK Flat  for Sale in   Kolkata,₹32 Lac ,"₹3,747 per sqft ",790 sqft,Ready to Move,2,1 out of 4,,South -West,,1,,,Resale
" Studio Apartment  for Sale in  Amherst Street, Kolkata",₹13.8 Lac ,,240 sqft,Ready to Move,1,1 out of 2,,East,,,,Freehold,Resale
2 BHK Flat  for Sale in   Kolkata,₹32 Lac ,"₹4,571 per sqft ",500 sqft,Ready to Move,1,Ground out of 4,,South - East,,,,Freehold,Resale
"2 BHK Flat  for Sale in  Ho Chi Minh Sarani, Kolkata",₹55 Lac ,"₹5,688 per sqft ",967 sqft,Ready to Move,2,4 out of 13,"Pool, Main Road",,,2,Diamond City West,Freehold,Resale
"4 BHK Flat  for Sale in  Action Area 3, Kolkata",₹2.75 Cr ,"₹6,145 per sqft ",3580 sqft,Ready to Move,5,Ground out of 15,"Garden/Park, Main Road",South -West,1 Covered,3,Uniworld City,Freehold,Resale
"3 BHK Flat  for Sale in  Behala, Kolkata",₹95 Lac ,"₹6,810 per sqft ",1100 sqft,Ready to Move,2,12 out of 12,"Garden/Park, Main Road",South - East,,1,Ideal Regency,Freehold,Resale
"3 BHK Flat  for Sale in  New Town, Kolkata",₹3.30 Cr ,"₹14,732 per sqft ",1489 sqft,,4,32 out of 35,Pool,South -West,,1,PS Vaanya,Freehold,New Property
"2 BHK Flat  for Sale in  Salt Lake Bypass, Kolkata",₹1.50 Cr ,"₹14,735 per sqft ",700 sqft,Ready to Move,2,15 out of 18,"Garden/Park, Main Road",South,1 Covered,1,,Freehold,Resale
"3 BHK Flat  for Sale in  Bhowanipore, Kolkata",₹4.50 Cr ,"₹8,182 per sqft ",5500 sqft,Ready to Move,2,2 out of 3,,,,1,,,Resale
"2 BHK Flat  for Sale in  Bansdroni, Kolkata",₹50 Lac ,"₹4,717 per sqft ",970 sqft,Ready to Move,2,3 out of 3,,,,1,,,Resale
"1 BHK Flat  for Sale in  Chakra Beriya, Kolkata",₹18 Lac ,,450 sqft,Ready to Move,1,1 out of 4,,,,,Jamuna,,Resale
"3 BHK Flat  for Sale in  Majarhati, Kolkata",₹1.20 Cr ,"₹7,937 per sqft ",1512 sqft,Ready to Move,2,Ground out of 8,,,,1,,,Resale
"3 BHK Flat  for Sale in  Kamalgazi Sonarpur Road, Kolkata",₹70 Lac ,"₹6,358 per sqft ",900 sqft,Ready to Move,2,4 out of 4,,North - East,,1,Su Casa Greens,Co-operative Society,Resale
"1 BHK Flat  for Sale in  Haridevpur, Paschim Putiary, Kolkata",₹16 Lac ,"₹3,441 per sqft ",465 sqft,Ready to Move,1,3 out of 4,,,,,,,Resale
"2 BHK Flat  for Sale in  New Town, Kolkata",₹1.30 Cr ,"₹16,603 per sqft ",627 sqft,Ready to Move,2,8 out of 21,Main Road,South - East,,2,PS ONE10,Freehold,Resale
"3 BHK Flat  for Sale in  Howrah, Kolkata",₹80 Lac ,"₹6,873 per sqft ",1032 sqft,Ready to Move,2,12 out of 12,,,,1,Lake View Housing Complex,,Resale
"1 BHK Flat  for Sale in  Kustia, Kolkata",₹13 Lac ,,370 sqft,Ready to Move,2,4 out of 4,,,,,,,Resale
"3 BHK Flat  for Sale in  Rajarhat, Kolkata",₹60 Lac ,"₹4,152 per sqft ",1445 sqft,Ready to Move,3,5 out of 5,,,,,GM Meena Elegent,,Resale
"2 BHK Flat  for Sale in  Alambazar, Airadaha, Kolkata",₹27 Lac ,"₹3,103 per sqft ",870 sqft,Ready to Move,2,3 out of 4,"Garden/Park, Main Road",East,,,,Freehold,Resale
"5 BHK Flat  for Sale in  EM Bypass Connector, Kolkata",₹11.50 Cr ,"₹21,124 per sqft ",4300 sqft,Ready to Move,5,3 out of 35,"Garden/Park, Main Road",North,,2,,Freehold,New Property
"2 BHK Flat  for Sale in  Narendrapur Rajpur Sonarpur, Kolkata",₹32 Lac ,"₹5,333 per sqft ",600 sqft,Ready to Move,2,1 out of 5,,,,,,,Resale
"2 BHK Flat  for Sale in  Naktala, Garia, Kolkata",₹51 Lac ,"₹5,100 per sqft ",1000 sqft,Ready to Move,2,2 out of 4,,,,,,,Resale
2 BHK Flat  for Sale in   Kolkata,₹29 Lac ,"₹4,143 per sqft ",565 sqft,Ready to Move,1,1 out of 4,,,,1,,,Resale
"2 BHK Flat  for Sale in  Motilal Gupta Road, Kolkata",₹34 Lac ,"₹3,696 per sqft ",820 sqft,Ready to Move,2,3 out of 3,Main Road,East,,1,,,Resale
"3 BHK Flat  for Sale in  Purulia, Kolkata",₹60 Lac ,"₹5,000 per sqft ",1200 sqft,Ready to Move,2,3 out of 5,,,,,,,Resale
"3 BHK Flat  for Sale in  New Alipore, Kolkata",₹2.20 Cr ,"₹13,095 per sqft ",1150 sqft,Ready to Move,3,9 out of 12,"Pool, Main Road",East,1 Covered,2,Merlin Elements,Freehold,New Property
"3 BHK Flat  for Sale in  Serampore, Kolkata",₹36 Lac ,"₹2,400 per sqft ",1200 sqft,Ready to Move,2,1 out of 4,Main Road,East,,1,,Freehold,New Property
"6 BHK Flat  for Sale in  Barasat, Kolkata",₹1.10 Cr ,"₹2,747 per sqft ",3400 sqft,Ready to Move,3,2 out of 4,,,,3,Barasat Housing Complex,,Resale
"2 BHK Flat  for Sale in  Senbagan, Kolkata",₹26 Lac ,"₹3,562 per sqft ",730 sqft,Ready to Move,1,3 out of 5,Main Road,South - East,1 Open,1,,Freehold,Resale
"2 BHK Flat  for Sale in  Sreenagar West, Kolkata",₹45 Lac ,"₹5,143 per sqft ",875 sqft,Ready to Move,2,2 out of 5,,,,1,,,Resale
"3 BHK Flat  for Sale in  Action Area 1, Kolkata",₹95 Lac ,"₹8,636 per sqft ",680 sqft,Ready to Move,3,4 out of 4,Main Road,South - East,,1,,Freehold,Resale
"2 BHK Flat  for Sale in  Haltu, Kolkata",₹35 Lac ,"₹4,895 per sqft ",715 sqft,Ready to Move,2,1 out of 4,,,,,,,Resale
"2 BHK Flat  for Sale in  Baghajatin Colony, Kolkata",₹57 Lac ,"₹6,706 per sqft ",850 sqft,Ready to Move,2,1 out of 4,,,,,,,Resale
2 BHK Flat  for Sale in   Kolkata,₹33 Lac ,"₹4,258 per sqft ",620 sqft,Ready to Move,2,5 out of 5,,North,,1,,Leasehold,Resale
"4 BHK Flat  for Sale in  Ballygunge Place, Ballygunge, Kolkata",₹1.50 Cr ,"₹8,824 per sqft ",1700 sqft,Ready to Move,4,3 out of 4,,,,,,,Resale
"3 BHK Flat  for Sale in  Gariahat, Kolkata",₹1.30 Cr ,"₹10,833 per sqft ",1200 sqft,Ready to Move,2,1 out of 4,Main Road,South,,1,,,Resale
"2 BHK Flat  for Sale in  Dunlop, Dakshineswar, Belgharia Expressway, Kolkata",₹30 Lac ,"₹5,455 per sqft ",467 sqft,Ready to Move,1,Ground out of 3,Main Road,South - East,,1,,Freehold,Resale
"2 BHK Flat  for Sale in  Kudghat, Ashok Nagar, Kolkata",₹42 Lac ,"₹5,060 per sqft ",830 sqft,Ready to Move,1,3 out of 3,Main Road,South -West,,1,,Freehold,Resale
"2 BHK Flat  for Sale in  Bally, Kolkata",₹26.5 Lac ,"₹3,515 per sqft ",754 sqft,Ready to Move,1,1 out of 4,,,,,,,Resale
"3 BHK Flat  for Sale in  Netaji Nagar, Kolkata",₹4 Cr ,"₹10,215 per sqft ",2741 sqft,Ready to Move,4,11 out of 11,"Garden/Park, Main Road",South -West,,2,Unimark Sikha Tuku,Freehold,Resale
"2 BHK Flat  for Sale in  Mominpore, Kolkata",₹1.56 Cr ,"₹13,609 per sqft ",1150 sqft,Ready to Move,2,4 out of 9,"Pool, Garden/Park",,,1,Signum Cloud 9,Freehold,Resale
3 BHK Flat  for Sale in   Kolkata,₹40 Lac ,"₹3,195 per sqft ",1450 sqft,Ready to Move,2,3 out of 4,,East,,2,,,Resale
2 BHK Flat  for Sale in   Kolkata,₹18 Lac ,"₹2,195 per sqft ",690 sqft,Ready to Move,2,Ground out of 3,Main Road,North,,1,,Freehold,Resale
"3 BHK Flat  for Sale in  Agarpara, Kolkata",₹40 Lac ,"₹4,206 per sqft ",951 sqft,Ready to Move,2,2 out of 4,Main Road,North - East,,2,,Freehold,Resale
"2 BHK Flat  for Sale in  Sonarpur, Kolkata",₹50 Lac ,"₹5,198 per sqft ",962 sqft,Ready to Move,2,3 out of 4,,,,,The Baron Sonarbhoomi,,Resale
"3 BHK Flat  for Sale in  Barrackpore Trunk Road, Kolkata",₹1 Cr ,"₹6,944 per sqft ",1440 sqft,Ready to Move,2,4 out of 5,,,,1,Club Town Gardens,Freehold,Resale
"3 BHK Flat  for Sale in  Ramchandrapur Narendrapur, Kolkata",₹1 Cr ,"₹8,143 per sqft ",1228 sqft,Ready to Move,2,1 out of 5,,,,2,Eden Tolly Greenwood,,Resale
"2 BHK Flat  for Sale in  Bhowanipore, Kolkata",₹1.18 Cr ,"₹10,997 per sqft ",887 sqft,Ready to Move,2,4 out of 4,Main Road,North - East,1 Covered,,,Freehold,Resale
"2 BHK Flat  for Sale in  Patuli, Kolkata",₹57.6 Lac ,"₹5,878 per sqft ",784 sqft,Ready to Move,2,1 out of 4,Garden/Park,South - East,,1,Esteem Brooklyn,Freehold,Resale
"3 BHK Flat  for Sale in  Baguiati, Kolkata",₹90 Lac ,"₹6,429 per sqft ",1100 sqft,Ready to Move,2,4 out of 7,Main Road,North - East,1 Covered,2,B.K.Enterprise Keshab Dham,Freehold,Resale
"2 BHK Flat  for Sale in  Eastern Park, Kolkata",₹39 Lac ,"₹5,200 per sqft ",700 sqft,Ready to Move,2,3 out of 4,Main Road,South,,1,,,Resale
"2 BHK Flat  for Sale in  Kestopur, Kolkata",₹40 Lac ,"₹4,141 per sqft ",966 sqft,Ready to Move,2,4 out of 5,Pool,South,,1,,,Resale
"2 BHK Flat  for Sale in  Park Circus, Ballygunge, Kolkata",₹1.30 Cr ,"₹8,892 per sqft ",1200 sqft,Ready to Move,2,4 out of 10,Main Road,South - East,1 Open,,Classic Tower,Power Of Attorney,Resale
"3 BHK Flat  for Sale in  Santoshpur Avenue, Kolkata",₹48 Lac ,"₹4,000 per sqft ",1200 sqft,Ready to Move,2,2 out of 4,"Garden/Park, Main Road",South - East,,2,,Freehold,Resale
"2 BHK Flat  for Sale in  Picnic Garden Road, Kolkata",₹47 Lac ,"₹3,133 per sqft ",1500 sqft,Ready to Move,2,1 out of 5,,,,1,,,Resale
"3 BHK Flat  for Sale in  Howrah, Kolkata",₹1.50 Cr ,"₹12,755 per sqft ",909 sqft,Ready to Move,2,4 out of 4,,South - East,,1,Fortune Annapurna Apartment,Freehold,Resale
"2 BHK Flat  for Sale in  Beliaghata Bridge, Kolkata",₹19.5 Lac ,"₹3,250 per sqft ",500 sqft,Ready to Move,1,1 out of 3,Main Road,South,,1,,Leasehold,Resale
2 BHK Flat  for Sale in   Kolkata,₹60 Lac ,"₹7,500 per sqft ",770 sqft,Ready to Move,2,2 out of 15,"Pool, Garden/Park, Main Road",South,,,Maple Wood,Freehold,Resale
"2 BHK Flat  for Sale in  Behala, Kolkata",₹45 Lac ,"₹5,114 per sqft ",880 sqft,Ready to Move,1,2 out of 3,,,,1,,,Resale
"1 BHK Flat  for Sale in  Maniktala Main Road, Kolkata",₹42 Lac ,"₹11,351 per sqft ",463 sqft,Ready to Move,1,1 out of 4,,South -West,,1,,Freehold,New Property
"3 BHK Flat  for Sale in  Rajpur, Kolkata",₹43 Lac ,"₹3,775 per sqft ",1139 sqft,Ready to Move,2,3 out of 4,,,,1,Tirupati Paradise,,Resale
"2 BHK Flat  for Sale in  Dhapa, Kolkata",₹2 Cr ,"₹11,429 per sqft ",1400 sqft,Ready to Move,3,8 out of 22,Main Road,South - East,,1,Silver Spring Apartments,Freehold,Resale
"2 BHK Flat  for Sale in  Belghoria, Kolkata",₹45 Lac ,"₹5,481 per sqft ",821 sqft,Ready to Move,2,3 out of 4,Main Road,North,,1,,Freehold,Resale
"2 BHK Flat  for Sale in  Hazra Road, Kolkata",₹50 Lac ,"₹6,250 per sqft ",800 sqft,Ready to Move,2,1 out of 4,Main Road,,,1,,Freehold,Resale
"2 BHK Flat  for Sale in  GC Road, Kolkata",₹33.3 Lac ,"₹3,200 per sqft ",800 sqft,,2,Ground out of 5,"Garden/Park, Main Road",East,,1,,Freehold,Resale
1 BHK Flat  for Sale in   Kolkata,₹15.5 Lac ,"₹3,370 per sqft ",460 sqft,Ready to Move,1,4 out of 4,,,,,,,Resale
"3 BHK Flat  for Sale in  Behala, Kolkata",₹60 Lac ,"₹5,329 per sqft ",756 sqft,Ready to Move,2,4 out of 4,Main Road,South - East,,2,Lucid Elina,Freehold,Resale
"3 BHK Flat  for Sale in  Rajpur Sonarpur, Kolkata",₹84 Lac ,"₹7,616 per sqft ",773 sqft,Ready to Move,2,5 out of 18,"Garden/Park, Main Road",South -West,,1,Primarc Southwinds,Freehold,Resale
"2 BHK Flat  for Sale in  Eastend Park, Kolkata",₹28.5 Lac ,"₹3,878 per sqft ",500 sqft,Ready to Move,2,4 out of 4,,,,1,,,Resale
"2 BHK Flat  for Sale in  Konnagar, Kolkata",₹31.5 Lac ,"₹5,000 per sqft ",630 sqft,Ready to Move,2,5 out of 18,"Garden/Park, Pool",East,1 Covered,1,Shriram Sunshine One,Freehold,Resale
2 BHK Flat  for Sale in   Kolkata,₹39 Lac ,"₹4,974 per sqft ",784 sqft,Ready to Move,2,2 out of 3,,South,,1,,Freehold,Resale
"2 BHK Flat  for Sale in  Kalikapur Haltu, Kolkata",₹40 Lac ,"₹4,963 per sqft ",806 sqft,Ready to Move,2,3 out of 3,,,,,,,Resale
"2 BHK Flat  for Sale in  Madhya Jhorehat, Kolkata",₹14.3 Lac ,"₹3,178 per sqft ",450 sqft,,1,2 out of 4,,East,,,,,Resale
"2 BHK Flat  for Sale in  Joka, Kolkata",₹48 Lac ,"₹5,875 per sqft ",514 sqft,Ready to Move,2,1 out of 11,"Garden/Park, Pool",East,,1,Godrej Seven,Freehold,Resale
2 BHK Flat  for Sale in   Kolkata,₹30 Lac ,"₹3,386 per sqft ",886 sqft,Ready to Move,2,4 out of 4,,,,1,,,Resale
"3 BHK Flat  for Sale in  Bhowanipore, Kolkata",₹1.75 Cr ,"₹8,838 per sqft ",1650 sqft,Ready to Move,3,1 out of 5,Main Road,South,1 Covered,2,Fort Purabi,Freehold,Resale
2 BHK Flat  for Sale in   Kolkata,₹33 Lac ,"₹4,125 per sqft ",730 sqft,Ready to Move,2,4 out of 4,,,,1,,,Resale
3 BHK Flat  for Sale in   Kolkata,₹1 Cr ,"₹7,692 per sqft ",1260 sqft,Ready to Move,2,3 out of 3,,,,,,,Resale
"2 BHK Flat  for Sale in  Garfa, Kolkata",₹40 Lac ,"₹5,000 per sqft ",650 sqft,Ready to Move,2,4 out of 4,Main Road,South - East,1 Covered,1,,Freehold,Resale
"2 BHK Flat  for Sale in  Bansdroni, Kolkata",₹45 Lac ,"₹4,639 per sqft ",900 sqft,Ready to Move,2,3 out of 3,,,,1,,,Resale
"2 BHK Flat  for Sale in  Purba Barisha, Kolkata",₹42.5 Lac ,"₹4,885 per sqft ",870 sqft,Ready to Move,2,4 out of 4,,South - East,1 Open,1,,Freehold,Resale
"2 BHK Flat  for Sale in  Dakshin Gobindopur, Kolkata",₹55 Lac ,"₹6,471 per sqft ",677 sqft,,2,19 out of 20,"Garden/Park, Pool",,1 Covered,1,Sureka Sunrise Aura,,Resale
"2 BHK Flat  for Sale in  Uttarpara Chinsurah, Kolkata",₹35 Lac ,"₹3,070 per sqft ",960 sqft,Ready to Move,2,2 out of 3,Main Road,South,1 Open,1,,Freehold,Resale
"2 BHK Flat  for Sale in  Chetla, Kolkata",₹72 Lac ,"₹7,579 per sqft ",750 sqft,Ready to Move,2,3 out of 4,Main Road,East,,2,,Freehold,Resale
"2 BHK Flat  for Sale in  New Town, Kolkata",₹56 Lac ,"₹7,000 per sqft ",800 sqft,Ready to Move,2,2 out of 5,"Garden/Park, Pool, Main Road",South -West,,4,Realtech Curiocity Classic,Freehold,Resale
"3 BHK Flat  for Sale in  Ballygunge, Kolkata",₹2 Cr ,"₹12,422 per sqft ",1110 sqft,Ready to Move,3,4 out of 5,"Garden/Park, Main Road",,,1,Rajwadi Complex,Freehold,Resale
"1 BHK Flat  for Sale in  Sonarpur, Kolkata",₹12 Lac ,"₹2,400 per sqft ",400 sqft,Ready to Move,1,1 out of 2,,,,1,BGA Realtors Amrita Abashan II,,New Property
"3 BHK Flat  for Sale in  Tollygunge, Kolkata",₹1.30 Cr ,"₹10,317 per sqft ",831 sqft,Ready to Move,2,4 out of 12,,,,1,Merlin Verve,,Resale
"3 BHK Flat  for Sale in  New Alipore, Kolkata",₹1.80 Cr ,"₹9,600 per sqft ",1875 sqft,Ready to Move,3,14 out of 14,Pool,,,3,South City Garden,Freehold,Resale
"3 BHK Flat  for Sale in  Dr GS Bose Road, Kolkata",₹40 Lac ,"₹4,167 per sqft ",960 sqft,Ready to Move,2,1 out of 4,,East,,,,,Resale
"2 BHK Flat  for Sale in  Rajarhat, Kolkata",₹65 Lac ,"₹7,198 per sqft ",903 sqft,Ready to Move,2,5 out of 5,,,,1,Maple Heights,,Resale
1 BHK Flat  for Sale in   Kolkata,₹11 Lac ,"₹3,143 per sqft ",350 sqft,Ready to Move,1,3 out of 3,,,,1,,,Resale
"3 BHK Flat  for Sale in  New Alipore, Kolkata",₹2.80 Cr ,"₹13,572 per sqft ",1760 sqft,Ready to Move,3,4 out of 9,Main Road,South,,1,Nandan Apartment,Leasehold,Resale
"3 BHK Flat  for Sale in  Joka, Kolkata",₹85 Lac ,"₹6,996 per sqft ",734 sqft,Ready to Move,2,2 out of 15,Garden/Park,South - East,,1,Godrej Seven,Freehold,New Property
"2 BHK Flat  for Sale in  Bansdroni, Kolkata",₹45 Lac ,"₹4,950 per sqft ",909 sqft,,2,3 out of 3,,,,,,,Resale
"3 BHK Flat  for Sale in  Howrah, Kolkata",₹35 Lac ,"₹5,043 per sqft ",694 sqft,Ready to Move,2,1 out of 4,Main Road,East,,1,Gokul,Freehold,Resale
"3 BHK Flat  for Sale in  Tegharia Baguiati, Kolkata",₹65 Lac ,"₹5,471 per sqft ",950 sqft,Ready to Move,2,4 out of 5,Garden/Park,South - East,,1,Meena Residency,Freehold,Resale
"3 BHK Flat  for Sale in  Harinavi, Kolkata",₹32 Lac ,"₹3,426 per sqft ",609 sqft,Ready to Move,2,4 out of 4,"Garden/Park, Pool, Main Road",East,,1,,Freehold,Resale
"2 BHK Flat  for Sale in  Salap, Kolkata",₹75 Lac ,"₹6,720 per sqft ",1116 sqft,Ready to Move,2,13 out of 20,,,,,Shapoorji Pallonji Joyville Western Heights,,Resale
"3 BHK Flat  for Sale in  Beleghata, Kolkata",₹1.35 Cr ,"₹8,333 per sqft ",1620 sqft,Ready to Move,2,5 out of 11,Garden/Park,South - East,,1,Parasrampuria Mohan Towers,Freehold,Resale
"3 BHK Flat  for Sale in  Lake Town, Kolkata",₹50 Lac ,"₹4,587 per sqft ",850 sqft,Ready to Move,2,1 out of 6,Garden/Park,South - East,,2,,Freehold,Resale
"2 BHK Flat  for Sale in  Ganguly Bagan, Beliaghata, Kolkata",₹42 Lac ,"₹4,941 per sqft ",700 sqft,Ready to Move,2,3 out of 3,,South,,1,,Freehold,Resale
"2 BHK Flat  for Sale in  Malancha Mahi Nagar, Kolkata",₹96 Lac ,"₹10,549 per sqft ",910 sqft,Ready to Move,2,2 out of 4,,,1 Covered,2,,,Resale
"3 BHK Flat  for Sale in  Kamalgazi, Narendrapur, Kolkata",₹75 Lac ,"₹4,688 per sqft ",1200 sqft,Ready to Move,2,1 out of 4,"Garden/Park, Main Road",East,1 Covered,1,Vasudha Greens,Freehold,Resale
"2 BHK Flat  for Sale in  Paschim Putiary, Kolkata",₹50 Lac ,"₹5,000 per sqft ",1000 sqft,Ready to Move,2,1 out of 5,,,,,Sulekha Sonar Kella,,Resale
"2 BHK Flat  for Sale in  Rajarhat Main Road, Kolkata",₹68 Lac ,"₹7,158 per sqft ",645 sqft,Ready to Move,2,4 out of 14,"Pool, Garden/Park, Main Road",West,,1,Loharuka Urban Vista,Freehold,New Property
"2 BHK Flat  for Sale in  New Town, Kolkata",₹65 Lac ,"₹7,647 per sqft ",650 sqft,Ready to Move,2,3 out of 4,"Main Road, Garden/Park",South - East,,1,,Co-operative Society,Resale
"3 BHK Flat  for Sale in  Kumarkhali, Narendrapur, Kolkata",₹1.80 Cr ,"₹10,187 per sqft ",1360 sqft,Ready to Move,3,3 out of 18,Garden/Park,,1 Covered,1,Srijan Ozone Kolkata,Freehold,Resale
"2 BHK Flat  for Sale in  Maheshtala, Kolkata",₹30 Lac ,"₹3,891 per sqft ",583 sqft,Ready to Move,2,12 out of 15,,South,,1,Eden City Maheshtala,,Resale
"2 BHK Flat  for Sale in  Barasat, Kolkata",₹40 Lac ,"₹4,000 per sqft ",750 sqft,Ready to Move,2,3 out of 5,Main Road,North - East,,1,,Freehold,Resale
"3 BHK Flat  for Sale in  Chinar Park, Rajarhat, Kolkata",₹1.20 Cr ,"₹7,576 per sqft ",1141 sqft,Ready to Move,3,1 out of 5,Main Road,North - East,1 Covered,2,Kappa Nova,Freehold,Resale
"4 BHK Flat  for Sale in  Barasat, Kolkata",₹90 Lac ,"₹5,294 per sqft ",1700 sqft,Ready to Move,3,Ground out of 3,,,,,,,Resale
"3 BHK Flat  for Sale in  Maheshtala, Kolkata",₹60 Lac ,"₹4,758 per sqft ",1261 sqft,Ready to Move,2,9 out of 14,"Garden/Park, Pool, Main Road",North - East,,2,,Freehold,Resale
"2 BHK Flat  for Sale in  Haltu, Kolkata",₹61 Lac ,"₹6,354 per sqft ",800 sqft,Ready to Move,2,1 out of 3,Main Road,East,,1,,,Resale
"3 BHK Flat  for Sale in  Rajarhat, Kolkata",₹1.05 Cr ,"₹7,216 per sqft ",1455 sqft,Ready to Move,2,8 out of 9,Garden/Park,North - East,1 Covered,1,The Banyan Tree Sunland Residency,Freehold,Resale
"3 BHK Flat  for Sale in  Airport Area, Kolkata",₹75 Lac ,"₹6,250 per sqft ",900 sqft,Ready to Move,2,2 out of 4,Main Road,East,,2,,Freehold,Resale
"3 BHK Flat  for Sale in  Shyam Nagar Road, Kolkata",₹40 Lac ,"₹4,000 per sqft ",1000 sqft,Ready to Move,2,2 out of 3,,East,,1,,Freehold,Resale
"2 BHK Flat  for Sale in  Block B Lake Town, Kolkata",₹55 Lac ,"₹4,314 per sqft ",1150 sqft,Ready to Move,2,1 out of 5,,North,,2,,Freehold,Resale
"3 BHK Flat  for Sale in  Muchipara, Kolkata",₹35 Lac ,"₹2,778 per sqft ",1260 sqft,Ready to Move,2,3 out of 3,,,,2,,,Resale
"2 BHK Flat  for Sale in  Salt Lake City, Kolkata",₹1.60 Cr ,"₹8,889 per sqft ",1800 sqft,Ready to Move,3,Ground out of 3,,,,,,,Resale
"1 BHK Flat  for Sale in  Santoshpur, Kolkata",₹17 Lac ,"₹3,542 per sqft ",450 sqft,Ready to Move,2,1 out of 3,,,,1,,Freehold,Resale
"3 BHK Flat  for Sale in  Regent Estate, Bijoygarh, Kolkata",₹70 Lac ,"₹6,667 per sqft ",900 sqft,Ready to Move,2,2 out of 3,Main Road,South - East,1 Covered,1,,Freehold,Resale
"3 BHK Flat  for Sale in  Mukundapur, Kolkata",₹70 Lac ,"₹5,573 per sqft ",1000 sqft,Ready to Move,2,3 out of 4,"Garden/Park, Pool, Main Road",North - West,"1 Covered,",1,Bengal Abasan Urban Sabujayan,,Resale
"4 BHK Flat  for Sale in  Manohar Pukur Road, Kolkata",₹3.75 Cr ,"₹15,625 per sqft ",2000 sqft,Ready to Move,4,3 out of 4,,,,1,Dwarka,,Resale
"2 BHK Flat  for Sale in  Rajarhat, Kolkata",₹66 Lac ,"₹8,408 per sqft ",785 sqft,Ready to Move,2,2 out of 14,,,,1,Sunrise Point,,Resale
"2 BHK Flat  for Sale in  Tangra, Kolkata",₹1 Cr ,"₹9,174 per sqft ",990 sqft,Ready to Move,2,9 out of 11,,,,1,Brindavan Gardens,,Resale
"2 BHK Flat  for Sale in  Alipore, Kolkata",₹2.50 Cr ,"₹14,706 per sqft ",1400 sqft,Ready to Move,3,3 out of 5,Garden/Park,South -West,1 Covered,2,,Freehold,Resale
"2 BHK Flat  for Sale in  Alambazar, Airadaha, Kolkata",₹40 Lac ,"₹4,082 per sqft ",980 sqft,Ready to Move,2,4 out of 5,Main Road,South -West,2 Open,2,,Power Of Attorney,Resale
"2 BHK Flat  for Sale in  Rajpur, Kolkata",₹42 Lac ,"₹4,343 per sqft ",967 sqft,Ready to Move,2,2 out of 11,,,,,Srijan Realty and Primarc Group and Riya Group Southwinds,,Resale
"2 BHK Flat  for Sale in  Baruipur, Kolkata",₹56 Lac ,"₹5,628 per sqft ",995 sqft,Ready to Move,2,9 out of 14,,,,,Siddha Suburbia,,Resale
"2 BHK Flat  for Sale in  Rajarhat Main Road, Kolkata",₹65 Lac ,"₹7,403 per sqft ",878 sqft,Ready to Move,2,1 out of 5,Main Road,,,1,Purti Aqua 2,Freehold,Resale
"1 BHK Flat  for Sale in  Tollygunge, Kolkata",₹37 Lac ,"₹5,286 per sqft ",700 sqft,Ready to Move,1,3 out of 3,"Garden/Park, Main Road",South - East,,1,Swiss Park,Freehold,Resale
"2 BHK Flat  for Sale in  Sonarpur Station Road, Kolkata",₹50 Lac ,"₹5,291 per sqft ",750 sqft,Ready to Move,2,3 out of 4,Garden/Park,North,,1,Southern Nook,Co-operative Society,Resale
"2 BHK Flat  for Sale in  Behala Chowrasta, Kolkata",₹40 Lac ,"₹5,000 per sqft ",640 sqft,Ready to Move,2,1 out of 4,,South,,1,,Freehold,Resale
"2 BHK Flat  for Sale in  Agarpara, Kolkata",₹19.5 Lac ,"₹2,308 per sqft ",700 sqft,Ready to Move,2,5 out of 5,Main Road,North - West,,1,,Freehold,Resale
"2 BHK Flat  for Sale in  Dum Dum, Kolkata",₹30 Lac ,"₹4,615 per sqft ",550 sqft,Ready to Move,1,3 out of 5,,South - East,,,,Freehold,Resale
2 BHK Flat  for Sale in   Kolkata,₹55 Lac ,"₹4,231 per sqft ",1300 sqft,Ready to Move,2,2 out of 3,,,,,,,Resale
2 BHK Flat  for Sale in   Kolkata,₹22 Lac ,"₹3,216 per sqft ",600 sqft,Ready to Move,2,4 out of 4,Main Road,East,,1,,Freehold,Resale
"2 BHK Flat  for Sale in  Purbasa, Kolkata",₹30 Lac ,"₹4,286 per sqft ",600 sqft,Ready to Move,2,4 out of 4,,East,,1,,Freehold,Resale
"3 BHK Flat  for Sale in  Salua, Kolkata",₹46 Lac ,"₹4,406 per sqft ",950 sqft,Ready to Move,2,3 out of 5,,South -West,,1,,Freehold,Resale
"3 BHK Flat  for Sale in  Behala Thana, Kolkata",₹69 Lac ,"₹5,231 per sqft ",1319 sqft,Ready to Move,2,2 out of 4,,South,1 Covered,1,Behala,Freehold,Resale
"2 BHK Flat  for Sale in  Joramondir Road, Kolkata",₹15 Lac ,,850 sqft,Ready to Move,1,4 out of 5,Main Road,North - West,,2,,Freehold,Resale
"1 BHK Flat  for Sale in  Behala Industrial Estate, Behala, Kolkata",₹25 Lac ,"₹5,000 per sqft ",650 sqft,Ready to Move,1,Ground out of 3,Main Road,East,,,Rekha Apartment,Freehold,Resale
2 BHK Flat  for Sale in   Kolkata,₹32 Lac ,,730 sqft,Ready to Move,2,3 out of 3,,,,,,,
"3 BHK Flat  for Sale in  Howrah, Kolkata",₹1.30 Cr ,"₹8,904 per sqft ",1460 sqft,Ready to Move,2,8 out of 16,"Pool, Garden/Park, Main Road",,,1,Ideal Grand,,Resale
"2 BHK Flat  for Sale in  Ambagan, Kolkata",₹25 Lac ,"₹2,941 per sqft ",650 sqft,Ready to Move,2,3 out of 5,Main Road,South -West,,2,,Freehold,Resale
"2 BHK Flat  for Sale in  Purba Barisha, Kolkata",₹32 Lac ,"₹3,678 per sqft ",696 sqft,Ready to Move,2,1 out of 4,Main Road,South - East,,1,,Freehold,New Property
"3 BHK Flat  for Sale in  Mukundapur, Kolkata",₹82 Lac ,"₹6,529 per sqft ",700 sqft,Ready to Move,2,3 out of 4,Garden/Park,East,,1,Bengal Abasan Urban Sabujayan,Freehold,Resale
"2 BHK Flat  for Sale in  Mukundapur, Kolkata",₹42 Lac ,"₹5,753 per sqft ",650 sqft,Ready to Move,1,3 out of 3,,,,,,Freehold,Resale
"5 BHK Flat  for Sale in  Science City Area, Kolkata",₹6 Cr ,"₹17,991 per sqft ",2234 sqft,Ready to Move,4,18 out of 38,"Garden/Park, Main Road",South - East,11 Covered,,Unimark Trump Tower,,Resale
"2 BHK Flat  for Sale in  Rishra, Kolkata",₹17 Lac ,"₹2,906 per sqft ",585 sqft,Ready to Move,1,3 out of 4,,,,,,,Resale
2 BHK Flat  for Sale in   Kolkata,₹35 Lac ,"₹4,375 per sqft ",650 sqft,Ready to Move,2,1 out of 3,,North,,1,,Freehold,Resale
"4 BHK Flat  for Sale in  Motilal Nehru Road, Kolkata",₹1.85 Cr ,"₹13,083 per sqft ",1050 sqft,Ready to Move,3,1 out of 5,Main Road,North - West,,1,KIC Anukampa,Freehold,Resale
"3 BHK Flat  for Sale in  Khardaha, Kolkata",₹45 Lac ,"₹4,327 per sqft ",810 sqft,Ready to Move,2,1 out of 4,Main Road,East,,1,Concept Atindra Apartment,Freehold,Resale
"4 BHK Flat  for Sale in  Kasba, Kolkata",₹1 Cr ,"₹5,000 per sqft ",2000 sqft,Ready to Move,4,3 out of 4,,,,,,Freehold,Resale
"4 BHK Flat  for Sale in  Ballygunge, Kolkata",₹3.29 Cr ,"₹16,734 per sqft ",1500 sqft,Ready to Move,3,4 out of 4,"Garden/Park, Main Road",,4 Covered,1,,Freehold,Resale
2 BHK Flat  for Sale in   Kolkata,₹22 Lac ,"₹2,785 per sqft ",700 sqft,Ready to Move,2,2 out of 2,,South -West,,1,,Freehold,Resale
"2 BHK Flat  for Sale in  Batanagar, Kolkata",₹35 Lac ,"₹4,916 per sqft ",712 sqft,Ready to Move,2,6 out of 14,,South,,1,Hiland Greens,Freehold,Resale
"3 BHK Flat  for Sale in  Haltu, Kolkata",₹1.25 Cr ,"₹7,576 per sqft ",2400 sqft,Ready to Move,2,1 out of 4,Main Road,South - East,,2,Reputed Manik Residency,Freehold,Resale
"2 BHK Flat  for Sale in  Belghoria, Kolkata",₹42 Lac ,"₹4,138 per sqft ",850 sqft,Ready to Move,2,3 out of 4,"Garden/Park, Main Road",,,1,,Freehold,New Property
2 BHK Flat  for Sale in   Kolkata,₹28 Lac ,"₹3,784 per sqft ",700 sqft,Ready to Move,2,4 out of 4,,,,1,,,Resale
"2 BHK Flat  for Sale in  Behala, Kolkata",₹45 Lac ,"₹5,441 per sqft ",827 sqft,Ready to Move,2,2 out of 5,,,,,,,Resale
"3 BHK Flat  for Sale in  Vip Road, Kolkata",₹1.10 Cr ,"₹7,971 per sqft ",1380 sqft,Ready to Move,2,3 out of 4,,East,,1,,Freehold,Resale
"2 BHK Flat  for Sale in  Gulshan Colony, Kolkata",₹13 Lac ,"₹2,490 per sqft ",475 sqft,Ready to Move,1,2 out of 4,,,,1,,Freehold,Resale
"2 BHK Flat  for Sale in  Tollygunge, Kolkata",₹1.24 Cr ,"₹10,000 per sqft ",910 sqft,Ready to Move,2,5 out of 18,,,,1,Rajat Aagaman,,Resale
"2 BHK Flat  for Sale in  New Alipore, Kolkata",₹64.6 Lac ,"₹7,341 per sqft ",880 sqft,Ready to Move,2,2 out of 6,,North - East,,,,,Resale
"2 BHK Flat  for Sale in  Noapara, Kolkata",₹35 Lac ,,600 sqft,Ready to Move,2,1 out of 4,,,,1,,Freehold,Resale
"2 BHK Flat  for Sale in  Kalipark, Kolkata",₹49 Lac ,"₹6,430 per sqft ",762 sqft,Ready to Move,2,4 out of 5,,,,,Kappa Nova,,Resale
"3 BHK Flat  for Sale in  Rajarhat, Kolkata",₹40.5 Lac ,"₹3,000 per sqft ",1350 sqft,Ready to Move,2,3 out of 5,,,,,Magnolia Prestige,,Resale
2 BHK Flat  for Sale in   Kolkata,₹41 Lac ,"₹5,000 per sqft ",820 sqft,Ready to Move,2,3 out of 5,,,,1,,,Resale
"2 BHK Flat  for Sale in  Regent Estate, Bijoygarh, Kolkata",₹45 Lac ,"₹5,960 per sqft ",755 sqft,Ready to Move,2,1 out of 4,Main Road,East,,,,Freehold,Resale
3 BHK Flat  for Sale in   Kolkata,₹1.25 Cr ,"₹5,952 per sqft ",1585 sqft,Ready to Move,3,2 out of 5,,,,2,,,Resale
"3 BHK Flat  for Sale in  Nayabad, Kolkata",₹53 Lac ,"₹3,701 per sqft ",1074 sqft,Ready to Move,2,3 out of 3,Main Road,North - East,1 Covered,1,,Freehold,Resale
"3 BHK Flat  for Sale in  Raghunathpur, Baguiati, Kolkata",₹70 Lac ,"₹5,691 per sqft ",1000 sqft,Ready to Move,2,6 out of 6,"Garden/Park, Main Road",South - East,,1,Shyam Vihar,Freehold,Resale
"2 BHK Flat  for Sale in  Tollygunge, Kolkata",₹95 Lac ,,935 sqft,Ready to Move,2,12 out of 16,,,,1,,Freehold,Resale
3 BHK Flat  for Sale in   Kolkata,₹90 Lac ,,895 sqft,,2,4 out of 18,"Pool, Garden/Park, Main Road",South,,1,,Freehold,Resale
4 BHK Flat  for Sale in   Kolkata,₹2.85 Cr ,"₹13,902 per sqft ",1600 sqft,Ready to Move,4,4 out of 5,,,,2,,,Resale
"6 BHK Flat  for Sale in  Mukundapur, Kolkata",₹1.20 Cr ,"₹4,660 per sqft ",2575 sqft,Ready to Move,4,4 out of 4,,,,,Bengal Abasan Urban Sabujayan,,Resale
"4 BHK Flat  for Sale in  Sahanagar, Kalighat, Kolkata",₹2.03 Cr ,"₹11,941 per sqft ",1530 sqft,Ready to Move,3,2 out of 4,Main Road,East,1 Covered,1,,Freehold,Resale
"2 BHK Flat  for Sale in  Joka, Kolkata",₹25 Lac ,"₹2,604 per sqft ",960 sqft,Ready to Move,2,1 out of 4,Pool,East,,1,,Freehold,Resale
"2 BHK Flat  for Sale in  Thakurpukur, Kolkata",₹36 Lac ,"₹3,913 per sqft ",920 sqft,Ready to Move,2,1 out of 4,,,,,Joka Metro City,,Resale
"2 BHK Flat  for Sale in  Ultadanga, Kolkata",₹1.20 Cr ,"₹11,429 per sqft ",900 sqft,Ready to Move,2,5 out of 11,"Main Road, Garden/Park, Pool",East,,,Sun City,Freehold,Resale
"1 BHK Flat  for Sale in  Naktala, Garia, Kolkata",₹20 Lac ,"₹4,000 per sqft ",450 sqft,Ready to Move,1,4 out of 4,Main Road,North,,1,New Suvada Apartments,Freehold,Resale
"2 BHK Flat  for Sale in  Dum Dum, Kolkata",₹30 Lac ,"₹3,636 per sqft ",825 sqft,Ready to Move,1,4 out of 5,,,,,,,Resale
"2 BHK Flat  for Sale in  Behala, Kolkata",₹37 Lac ,"₹5,211 per sqft ",709 sqft,Ready to Move,2,4 out of 4,,North - West,,1,,,Resale
"2 BHK Flat  for Sale in  Ganga Nagar Mukundapur, Kolkata",₹22.5 Lac ,"₹3,000 per sqft ",750 sqft,Ready to Move,2,3 out of 3,,South -West,,,,Leasehold,Resale
"2 BHK Flat  for Sale in  International Airport, Dum Dum, Jessore Road, Kolkata",₹32.8 Lac ,"₹5,290 per sqft ",700 sqft,Ready to Move,2,1 out of 5,Main Road,East,,,Rajdeep Apartment,Freehold,New Property
"2 BHK Flat  for Sale in  Andul, Kolkata",₹19.8 Lac ,"₹3,135 per sqft ",630 sqft,Ready to Move,2,4 out of 5,Main Road,East,,1,,Freehold,Resale
"4 BHK Flat  for Sale in  Andul Road, Kolkata",₹3.50 Cr ,"₹14,051 per sqft ",1993 sqft,Ready to Move,3,6 out of 13,Main Road,South - East,1 Covered,2,Orchid Tower,Freehold,Resale
"1 BHK Flat  for Sale in  Joka, Kolkata",₹13 Lac ,"₹3,869 per sqft ",270 sqft,Ready to Move,1,1 out of 4,,,,1,Balaji Apartment,,Resale
"2 BHK Flat  for Sale in  Rajarhat, Kolkata",₹72 Lac ,"₹6,423 per sqft ",1121 sqft,Ready to Move,2,6 out of 10,,,,,Siddha Galaxia,,Resale
"2 BHK Flat  for Sale in  Sarat Ghosh Garden Road, Kolkata",₹70 Lac ,"₹6,364 per sqft ",850 sqft,Ready to Move,2,2 out of 4,,,,1,,,Resale
"2 BHK Flat  for Sale in  Postal Park, Kolkata",₹28 Lac ,"₹3,419 per sqft ",685 sqft,Ready to Move,2,1 out of 4,Main Road,South - East,,1,Maa Apartment,Freehold,Resale
"2 BHK Flat  for Sale in  Vip Road, Kolkata",₹32.5 Lac ,"₹5,110 per sqft ",636 sqft,,2,3 out of 4,Garden/Park,South - East,,1,Anupama,Co-operative Society,Resale
3 BHK Flat  for Sale in   Kolkata,₹1.10 Cr ,"₹7,333 per sqft ",1375 sqft,Ready to Move,2,3 out of 4,,,,1,,,Resale
3 BHK Flat  for Sale in   Kolkata,₹1.10 Cr ,"₹7,358 per sqft ",1495 sqft,Ready to Move,2,3 out of 4,,South,,1,,Freehold,Resale
"3 BHK Flat  for Sale in  New Town, Kolkata",₹92.5 Lac ,"₹7,570 per sqft ",808 sqft,Ready to Move,2,4 out of 4,,,1 Covered,3,KCB Solace,Freehold,Resale
"2 BHK Flat  for Sale in  Shibpur, Kolkata",₹35 Lac ,"₹5,185 per sqft ",675 sqft,Ready to Move,1,7 out of 9,,South,,1,Panchsheel Apartment,Freehold,Resale
4 BHK Flat  for Sale in   Kolkata,₹2.51 Cr ,"₹12,149 per sqft ",1650 sqft,Ready to Move,5,13 out of 14,Main Road,South - East,"1 Covered,",1,,Freehold,Resale
"2 BHK Flat  for Sale in  Bijoygarh, Kolkata",₹27 Lac ,"₹4,272 per sqft ",632 sqft,Ready to Move,1,1 out of 4,,,,,,,Resale
"4 BHK Flat  for Sale in  Canal South Road, Kolkata",₹2.75 Cr ,"₹10,767 per sqft ",2554 sqft,Ready to Move,3,5 out of 35,"Garden/Park, Pool",,,1,Siddha Sky,Freehold,Resale
"3 BHK Flat  for Sale in  Golaghata, Kolkata",₹89 Lac ,"₹5,855 per sqft ",1520 sqft,,3,2 out of 6,,,1 Covered,1,,Freehold,Resale
"3 BHK Flat  for Sale in  Ballygunge, Kolkata",₹2.80 Cr ,"₹11,667 per sqft ",2400 sqft,Ready to Move,3,1 out of 1,"Garden/Park, Main Road",North,1 Open,2,,Co-operative Society,Resale
"2 BHK Flat  for Sale in  Prafulla Kanan, Kolkata",₹40 Lac ,"₹5,333 per sqft ",675 sqft,Ready to Move,2,Ground out of 5,Main Road,South - East,1 Open,1,,Freehold,Resale
"2 BHK Flat  for Sale in  Garia Station Road, Kolkata",₹34 Lac ,"₹4,755 per sqft ",715 sqft,Ready to Move,2,3 out of 3,,,,,,,Resale
"4 BHK Flat  for Sale in  New Town, Kolkata",₹2.85 Cr ,"₹6,787 per sqft ",4199 sqft,Ready to Move,4,23 out of 27,"Garden/Park, Main Road",,,2,Unitech Heights,,Resale
"2 BHK Flat  for Sale in  Krishnapur Kestopur, Kolkata",₹37 Lac ,"₹4,031 per sqft ",918 sqft,Ready to Move,2,Ground out of 4,Garden/Park,South - East,,1,,Freehold,Resale
"3 BHK Flat  for Sale in  New Town, Kolkata",₹1.50 Cr ,"₹9,677 per sqft ",1550 sqft,Ready to Move,2,25 out of 27,"Garden/Park, Main Road",,,1,,,Resale
"3 BHK Flat  for Sale in  Gariahat Road, Kolkata",₹1.50 Cr ,"₹11,364 per sqft ",1100 sqft,Ready to Move,2,1 out of 6,Main Road,South - East,,2,,Co-operative Society,Resale
2 BHK Flat  for Sale in   Kolkata,₹32 Lac ,,850 sqft,Ready to Move,2,2 out of 4,"Garden/Park, Main Road",North - West,,1,,,Resale
"2 BHK Flat  for Sale in  New Town, Kolkata",₹65 Lac ,"₹7,312 per sqft ",889 sqft,Ready to Move,2,5 out of 10,"Garden/Park, Pool",South,,1,The Banyan The Sky Garden,Freehold,Resale
"2 BHK Flat  for Sale in  Sakher Bazar, Purba Barisha, Kolkata",₹45 Lac ,"₹5,000 per sqft ",900 sqft,Ready to Move,2,1 out of 4,,,,,Mamomaya Apartment,,Resale
"2 BHK Flat  for Sale in  Rajarhat, Kolkata",₹33 Lac ,"₹5,000 per sqft ",660 sqft,Ready to Move,2,3 out of 4,,,,,,,Resale
2 BHK Flat  for Sale in   Kolkata,₹32 Lac ,"₹4,923 per sqft ",650 sqft,Ready to Move,1,1 out of 5,,,,,,,Resale
"2 BHK Flat  for Sale in  Rahara, Kolkata",₹20 Lac ,"₹2,427 per sqft ",770 sqft,Ready to Move,2,3 out of 3,Main Road,North - East,,1,,Freehold,Resale
" Studio Apartment  for Sale in  Vedic Village, Kolkata",₹1 Cr ,"₹3,299 per sqft ",2600 sqft,Ready to Move,4,4 out of 4,"Garden/Park, Pool, Main Road",East,,3,,Freehold,Resale
"3 BHK Flat  for Sale in  Joka, Kolkata",₹58 Lac ,"₹4,723 per sqft ",1005 sqft,Ready to Move,2,3 out of 13,Main Road,South - East,,1,Genexx Valley,Freehold,Resale
"2 BHK Flat  for Sale in  Eastern Metropolitan Bypass, Kolkata",₹1.50 Cr ,"₹16,358 per sqft ",917 sqft,Ready to Move,2,18 out of 25,Main Road,,,1,Bengal Peerless Avidipta Phase 2,Freehold,Resale
"3 BHK Flat  for Sale in  Rajarhat, Kolkata",₹40 Lac ,"₹3,226 per sqft ",1000 sqft,Ready to Move,2,3 out of 4,Main Road,North,,2,Rajarhat Green Enclave,,Resale
"2 BHK Flat  for Sale in  Netaji Nagar, Kolkata",₹50 Lac ,,875 sqft,Ready to Move,2,4 out of 5,,,,1,,Freehold,Resale
"4 BHK Flat  for Sale in  Sector 5 Salt Lake City, Kolkata",₹4.17 Cr ,"₹16,100 per sqft ",2590 sqft,Ready to Move,3,18 out of 24,,,,1,Merlin The Fourth,,Resale
"2 BHK Flat  for Sale in  Nayabad, Kolkata",₹34 Lac ,"₹4,595 per sqft ",592 sqft,Ready to Move,2,3 out of 4,"Pool, Main Road",East,,1,,Freehold,Resale
"2 BHK Flat  for Sale in  Sreebhumi, Kolkata",₹26.5 Lac ,"₹3,189 per sqft ",831 sqft,Ready to Move,1,2 out of 4,,South - East,,1,,Freehold,Resale
"2 BHK Flat  for Sale in  Basirhat, Kolkata",₹16 Lac ,"₹1,684 per sqft ",950 sqft,Ready to Move,2,4 out of 4,,,,1,,,Resale
"2 BHK Flat  for Sale in  Howrah 1, Kolkata",₹56 Lac ,"₹6,974 per sqft ",803 sqft,Ready to Move,2,1 out of 4,Main Road,East,,1,,Co-operative Society,Resale
"3 BHK Flat  for Sale in  Madhyamgram, Kolkata",₹65 Lac ,"₹4,981 per sqft ",1044 sqft,Ready to Move,2,5 out of 5,"Garden/Park, Pool",South - East,1 Open,2,Srijan Eternia,Freehold,Resale
2 BHK Flat  for Sale in   Kolkata,₹28 Lac ,"₹4,082 per sqft ",686 sqft,Ready to Move,2,1 out of 3,,,,1,,,Resale
"3 BHK Flat  for Sale in  Rash Behari Avenue, Kolkata",₹2.40 Cr ,"₹8,743 per sqft ",2745 sqft,Ready to Move,2,5 out of 5,,,,,Merlin Acropolis,,Resale
"2 BHK Flat  for Sale in  Bally Khal, Kolkata",₹42 Lac ,"₹3,226 per sqft ",1302 sqft,Ready to Move,2,3 out of 3,Main Road,South - East,,1,,Freehold,Resale
"2 BHK Flat  for Sale in  Bramhapur, Kolkata",₹29.1 Lac ,"₹3,536 per sqft ",823 sqft,Ready to Move,2,2 out of 3,Garden/Park,South,1 Covered,,SKIP Mani,Freehold,Resale
"3 BHK Flat  for Sale in  Acharya Prafulla Chandra Road, Kolkata",₹2.15 Cr ,"₹11,971 per sqft ",1437 sqft,Ready to Move,3,3 out of 23,Main Road,South - East,,1,Tiru Shivam,Freehold,Resale
"3 BHK Flat  for Sale in  Beck Bagan, Kolkata",₹1.25 Cr ,"₹7,812 per sqft ",1200 sqft,Ready to Move,2,1 out of 6,Main Road,South,,1,,Freehold,New Property
3 BHK Flat  for Sale in   Kolkata,₹40 Lac ,"₹3,763 per sqft ",1063 sqft,Ready to Move,2,3 out of 4,,North,,1,,Freehold,Resale
"2 BHK Flat  for Sale in  Barasat, Kolkata",₹18 Lac ,"₹2,857 per sqft ",650 sqft,Ready to Move,2,1 out of 4,"Garden/Park, Pool, Main Road",South,,1,Magnolia City,Freehold,Resale
"2 BHK Flat  for Sale in  Haridevpur, Paschim Putiary, Kolkata",₹30 Lac ,,830 sqft,Ready to Move,2,3 out of 3,,,,1,,,Resale
"2 BHK Flat  for Sale in  Ashok Nagar, Kolkata",₹30 Lac ,,650 sqft,Ready to Move,1,3 out of 3,Main Road,East,,1,,Freehold,Resale
"3 BHK Flat  for Sale in  Kestopur, Kolkata",₹60 Lac ,"₹4,800 per sqft ",1050 sqft,Ready to Move,2,3 out of 6,,East,,1,RBM Residency,,Resale
"3 BHK Flat  for Sale in  Dum Dum, Kolkata",₹35 Lac ,"₹3,608 per sqft ",825 sqft,Ready to Move,2,3 out of 5,Main Road,North - East,,1,,Freehold,Resale
"1 BHK Flat  for Sale in  Barasat, Kolkata",₹10 Lac ,,396 sqft,Ready to Move,1,2 out of 6,,South,,1,Larica Township,Freehold,Resale
"2 BHK Flat  for Sale in  CIT Road, Kolkata",₹1.26 Cr ,"₹12,000 per sqft ",1050 sqft,Ready to Move,2,5 out of 5,,,,,,,Resale
"2 BHK Flat  for Sale in  Netaji Subhas Road, Kolkata",₹43 Lac ,"₹4,767 per sqft ",902 sqft,Ready to Move,2,4 out of 4,,East,,1,Abhilash Apartment,Freehold,Resale
"2 BHK Flat  for Sale in  Thakurpukur, Kolkata",₹30 Lac ,"₹3,750 per sqft ",750 sqft,Ready to Move,2,5 out of 5,,South - East,,,,Co-operative Society,Resale
"3 BHK Flat  for Sale in  Taratala, Kolkata",₹1.40 Cr ,"₹7,726 per sqft ",1450 sqft,Ready to Move,2,7 out of 10,"Garden/Park, Main Road",South - East,1 Open,1,,Freehold,Resale
"3 BHK Flat  for Sale in  Sector 5 Salt Lake City, Kolkata",₹1.65 Cr ,"₹10,963 per sqft ",1505 sqft,Ready to Move,3,19 out of 25,,South -West,,1,Ideal Aquaview,Freehold,Resale
2 BHK Flat  for Sale in   Kolkata,₹30 Lac ,"₹4,054 per sqft ",740 sqft,Ready to Move,2,4 out of 4,,,,,,,Resale
"2 BHK Flat  for Sale in  Madhyamgram, Kolkata",₹56 Lac ,"₹6,604 per sqft ",848 sqft,Ready to Move,2,8 out of 12,"Garden/Park, Pool",North - West,1 Covered,1,Magnolia Empire,Freehold,Resale
"2 BHK Flat  for Sale in  Joka, Kolkata",₹35 Lac ,"₹4,528 per sqft ",773 sqft,Ready to Move,2,7 out of 12,"Garden/Park, Main Road",North - East,,1,Castrol Metro Heights,Freehold,Resale
"2 BHK Flat  for Sale in  Satpukur, Kolkata",₹51 Lac ,"₹5,263 per sqft ",775 sqft,Ready to Move,2,4 out of 4,,South,,1,,Freehold,Resale
"2 BHK Flat  for Sale in  Maheshtala, Kolkata",₹25 Lac ,"₹3,511 per sqft ",447 sqft,Ready to Move,2,9 out of 14,,,,1,Hiland Greens,,Resale
"3 BHK Flat  for Sale in  Barisha, Kolkata",₹62 Lac ,"₹5,086 per sqft ",900 sqft,Ready to Move,2,1 out of 4,,North,,1,,Freehold,Resale
"3 BHK Flat  for Sale in  New Town, Kolkata",₹2.50 Cr ,"₹8,747 per sqft ",2286 sqft,Ready to Move,4,Ground out of 2,Main Road,South - East,2 Covered,2,Unitech Uniworld City,Freehold,Resale
"3 BHK Flat  for Sale in  Ruby Hospital Area, Kolkata",₹4.50 Cr ,"₹15,443 per sqft ",2914 sqft,,3,28 out of 43,Main Road,,2 Covered,,,Leasehold,Resale
"3 BHK Flat  for Sale in  Hindustan Park, Gariahat, Kolkata",₹1.85 Cr ,"₹10,882 per sqft ",1700 sqft,Ready to Move,2,1 out of 5,Main Road,,1 Covered,1,Probhati,Freehold,Resale
"2 BHK Flat  for Sale in  Maheshtala, Kolkata",₹19 Lac ,"₹2,669 per sqft ",580 sqft,Ready to Move,2,9 out of 14,"Garden/Park, Pool, Main Road",North,1 Open,1,Hiland Greens,Freehold,Resale
"3 BHK Flat  for Sale in  Garcha Road, Kolkata",₹1.95 Cr ,"₹9,155 per sqft ",2130 sqft,Ready to Move,3,1 out of 1,,,,,,,Resale
2 BHK Flat  for Sale in   Kolkata,₹32 Lac ,"₹3,351 per sqft ",834 sqft,Ready to Move,2,4 out of 5,,South - East,,1,,Freehold,Resale
"2 BHK Flat  for Sale in  Howrah, Kolkata",₹28 Lac ,"₹3,302 per sqft ",792 sqft,Ready to Move,2,3 out of 4,"Garden/Park, Main Road",East,1 Covered,1,Salasar Anandomoyee Apartment,Freehold,Resale
"3 BHK Flat  for Sale in  Rajarhat, Kolkata",₹1.20 Cr ,"₹9,449 per sqft ",1270 sqft,Ready to Move,2,17 out of 19,Main Road,East,,3,Siddha Happyville,Freehold,Resale
"3 BHK Flat  for Sale in  Shyamnagar, Kolkata",₹65 Lac ,"₹4,710 per sqft ",1380 sqft,Ready to Move,2,6 out of 6,Main Road,South,,2,Emjay Shyam Residency,Freehold,Resale
"2 BHK Flat  for Sale in  Baghajatin Colony, Kolkata",₹24.6 Lac ,"₹5,465 per sqft ",450 sqft,,2,3 out of 3,,,,,,,Resale
"2 BHK Flat  for Sale in  Kaikhali Main Road, Kolkata",₹50 Lac ,"₹4,545 per sqft ",850 sqft,Ready to Move,2,7 out of 7,"Main Road, Garden/Park, Pool",North,,1,Natural Heights Phase 2,Power Of Attorney,New Property
"2 BHK Flat  for Sale in  Maheshtala, Kolkata",₹22.2 Lac ,"₹2,612 per sqft ",850 sqft,Ready to Move,1,Ground out of 3,,West,,,,Freehold,Resale
"2 BHK Flat  for Sale in  Ramgarh Colony, Kolkata",₹19 Lac ,,500 sqft,Ready to Move,1,Ground out of 2,,,,1,,,Resale
"5 BHK Flat  for Sale in  Tangra, Kolkata",₹2.20 Cr ,"₹10,138 per sqft ",1700 sqft,Ready to Move,4,9 out of 11,"Garden/Park, Main Road",South,1 Covered,2,Brindavan Gardens,Co-operative Society,Resale
"3 BHK Flat  for Sale in  Jodhpur Park, Kolkata",₹1.52 Cr ,"₹11,301 per sqft ",1000 sqft,Ready to Move,2,4 out of 4,"Garden/Park, Main Road",South,1 Covered,1,,Freehold,Resale
"3 BHK Flat  for Sale in  Ganguly Bagan, Beliaghata, Kolkata",₹85 Lac ,"₹5,667 per sqft ",1000 sqft,Ready to Move,2,4 out of 4,Main Road,South,,1,,Freehold,Resale
"2 BHK Flat  for Sale in  East Belgharia, Kolkata",₹19 Lac ,"₹2,923 per sqft ",480 sqft,Ready to Move,1,3 out of 3,Main Road,North - East,,1,,Freehold,Resale
"3 BHK Flat  for Sale in  Bramhapur, Kolkata",₹32 Lac ,"₹2,909 per sqft ",1100 sqft,Ready to Move,3,2 out of 3,,,,,,,Resale
"3 BHK Flat  for Sale in  Mukundapur, Kolkata",₹1.05 Cr ,"₹5,853 per sqft ",1255 sqft,Ready to Move,2,4 out of 4,"Garden/Park, Pool",East,1 Covered,2,Bengal Abasan Urban Sabujayan,Freehold,Resale
"2 BHK Flat  for Sale in  Dum Dum, Kolkata",₹65 Lac ,"₹6,633 per sqft ",980 sqft,Ready to Move,2,5 out of 5,,,,1,,,Resale
3 BHK Flat  for Sale in   Kolkata,₹65 Lac ,"₹5,642 per sqft ",1152 sqft,Ready to Move,2,1 out of 4,,,,,,,Resale
"3 BHK Flat  for Sale in  Satgachi, South Dum Dum, Kolkata",₹55 Lac ,"₹5,140 per sqft ",850 sqft,Ready to Move,2,4 out of 4,,South,,1,,Freehold,Resale
"2 BHK Flat  for Sale in  Gostatala New Scheme Road, Kolkata",₹22 Lac ,"₹3,099 per sqft ",580 sqft,Ready to Move,2,1 out of 3,Main Road,South,,1,,Freehold,Resale
"2 BHK Flat  for Sale in  Rajarhat, Kolkata",₹60 Lac ,"₹4,854 per sqft ",1236 sqft,Ready to Move,2,3 out of 5,,,,3,Shivalaya Apartment,,Resale
"2 BHK Flat  for Sale in  H B Town, Sodepur, Kolkata",₹20.5 Lac ,"₹2,733 per sqft ",750 sqft,Ready to Move,2,2 out of 4,,,,,,,Resale
"2 BHK Flat  for Sale in  Badu Road, Kolkata",₹55 Lac ,"₹6,194 per sqft ",800 sqft,Ready to Move,2,1 out of 12,"Main Road, Garden/Park, Pool",North,,1,Space Navita,Freehold,Resale
"2 BHK Flat  for Sale in  Chanditala, Kolkata",₹1.30 Cr ,"₹12,037 per sqft ",675 sqft,Ready to Move,2,5 out of 10,Main Road,East,,1,,Freehold,New Property
"3 BHK Flat  for Sale in  Narendrapur Rajpur Sonarpur, Kolkata",₹49 Lac ,"₹4,094 per sqft ",897 sqft,Ready to Move,2,3 out of 4,Garden/Park,East,1 Covered,1,Eden Richmond Park,Freehold,Resale
"3 BHK Flat  for Sale in  Hastings, Kolkata",₹1.40 Cr ,"₹10,769 per sqft ",1050 sqft,Ready to Move,2,2 out of 5,Main Road,South - East,1 Covered,1,,Freehold,Resale
"3 BHK Flat  for Sale in  New Town, Kolkata",₹2.25 Cr ,"₹11,538 per sqft ",1950 sqft,Ready to Move,2,10 out of 11,,,,,Rosedale Garden,,Resale
"1 BHK Flat  for Sale in  Shree Bhumi, Patipukur, Kolkata",₹28.2 Lac ,"₹5,512 per sqft ",512 sqft,Ready to Move,1,3 out of 4,Main Road,South - East,,1,,Freehold,Resale
"2 BHK Flat  for Sale in  Khardaha, Kolkata",₹42 Lac ,"₹5,122 per sqft ",656 sqft,Ready to Move,2,11 out of 13,Garden/Park,South - East,,1,Siddha Waterfront,Freehold,Resale
"2 BHK Flat  for Sale in  Maheshtala, Kolkata",₹27.4 Lac ,"₹3,848 per sqft ",712 sqft,Ready to Move,2,Ground out of 14,,,,,Hiland Greens,,Resale
3 BHK Flat  for Sale in   Kolkata,₹85 Lac ,,1150 sqft,Ready to Move,3,5 out of 5,,,,1,,,Resale
"1 BHK Flat  for Sale in  Lake View Road, Kolkata",₹85 Lac ,"₹14,167 per sqft ",600 sqft,Ready to Move,2,5 out of 5,,,1 Open,,,,Resale
"2 BHK Flat  for Sale in  Moor Avenue, Ashok Nagar, Kolkata",₹27.5 Lac ,"₹4,231 per sqft ",600 sqft,Ready to Move,2,Ground out of 3,,North - East,,1,,Freehold,Resale
"3 BHK Flat  for Sale in  New Town, Kolkata",₹85 Lac ,"₹6,871 per sqft ",1237 sqft,Ready to Move,2,4 out of 10,Garden/Park,North,,,The Banyan The Sky Garden,Freehold,Resale
"2 BHK Flat  for Sale in  Rabindrapally Jyangra, Kolkata",₹46 Lac ,"₹5,022 per sqft ",916 sqft,Ready to Move,2,4 out of 7,Garden/Park,North - East,,1,Space Clubtown Courtyard,Freehold,Resale
"2 BHK Flat  for Sale in  Baguiati, Kolkata",₹39.5 Lac ,"₹2,926 per sqft ",1250 sqft,Ready to Move,2,4 out of 6,Main Road,,,2,Annapurna Apartment,Freehold,Resale
"3 BHK Flat  for Sale in  Basanta Lal Saha Road, Kolkata",₹1.60 Cr ,"₹9,846 per sqft ",1250 sqft,Ready to Move,2,4 out of 4,Main Road,North,,1,,Freehold,Resale
"4 BHK Flat  for Sale in  Shobhabazar, Kolkata",₹1.85 Cr ,"₹6,146 per sqft ",2880 sqft,Ready to Move,2,1 out of 2,Main Road,,5 Open,2,,Freehold,Resale
"2 BHK Flat  for Sale in  Tollygunge Phari, Kolkata",₹60 Lac ,"₹6,593 per sqft ",910 sqft,Ready to Move,2,1 out of 3,Main Road,South - East,,1,,Freehold,Resale
"2 BHK Flat  for Sale in  Baguiati, Kolkata",₹52 Lac ,"₹5,977 per sqft ",870 sqft,Ready to Move,2,2 out of 5,Main Road,South - East,,1,Balaji Apartment,Freehold,Resale
"3 BHK Flat  for Sale in  Noapara, Kolkata",₹76 Lac ,"₹5,697 per sqft ",1334 sqft,Ready to Move,2,3 out of 6,"Pool, Main Road",South - East,,3,Sapnil Residency Noapara,Freehold,Resale
"3 BHK Flat  for Sale in  Rabindra Nagar Behala, Kolkata",₹36 Lac ,"₹2,748 per sqft ",1200 sqft,Ready to Move,2,1 out of 2,Main Road,East,,3,,Freehold,Resale
"4 BHK Flat  for Sale in  Kasba, Kolkata",₹80 Lac ,"₹5,333 per sqft ",1350 sqft,Ready to Move,3,2 out of 2,,,,2,,,Resale
"3 BHK Flat  for Sale in  Chiriamore, Kolkata",₹55 Lac ,"₹4,745 per sqft ",1159 sqft,Ready to Move,2,5 out of 5,,,,1,,,Resale
"2 BHK Flat  for Sale in  Dum Dum Road, Kolkata",₹32.6 Lac ,"₹4,000 per sqft ",650 sqft,Ready to Move,1,3 out of 3,,North - East,,1,,Freehold,Resale
"3 BHK Flat  for Sale in  Joka, Kolkata",₹87 Lac ,"₹7,713 per sqft ",1128 sqft,Ready to Move,2,9 out of 15,"Pool, Garden/Park",South,,3,,Freehold,Resale
3 BHK Flat  for Sale in   Kolkata,₹1.10 Cr ,"₹8,059 per sqft ",1100 sqft,Ready to Move,2,3 out of 3,,,,1,,,Resale
2 BHK Flat  for Sale in   Kolkata,₹18.5 Lac ,"₹2,643 per sqft ",700 sqft,Ready to Move,,,,,,,,,Resale
"1 BHK Flat  for Sale in  Adarsha Pally Netaji Nagar, Kolkata",₹26 Lac ,"₹4,602 per sqft ",565 sqft,Ready to Move,1,Ground out of 4,Main Road,East,,,,Freehold,Resale
"2 BHK Flat  for Sale in  Barasat, Kolkata",₹35 Lac ,"₹4,032 per sqft ",868 sqft,Ready to Move,2,Ground out of 3,Main Road,South,,,,Freehold,Resale
2 BHK Flat  for Sale in   Kolkata,₹18 Lac ,"₹3,600 per sqft ",450 sqft,Ready to Move,1,4 out of 5,,,,,,Freehold,Resale
"3 BHK Flat  for Sale in  New Town, Kolkata",₹1.40 Cr ,"₹8,065 per sqft ",1328 sqft,Ready to Move,3,2 out of 20,,South - East,180 Open,1,Sureka Elita Garden Vista,Power Of Attorney,Resale
"3 BHK Flat  for Sale in  Maheshtala, Kolkata",₹36 Lac ,"₹2,855 per sqft ",1261 sqft,Ready to Move,2,10 out of 14,"Pool, Garden/Park, Main Road",North - East,,2,Hiland Calcutta Riverside,Freehold,Resale
2 BHK Flat  for Sale in   Kolkata,₹35 Lac ,"₹3,646 per sqft ",960 sqft,Ready to Move,2,2 out of 4,,,,,,,Resale
2 BHK Flat  for Sale in   Kolkata,₹14 Lac ,"₹2,154 per sqft ",650 sqft,Ready to Move,1,3 out of 3,Pool,South -West,,,,,Resale
"3 BHK Flat  for Sale in  Lake Gardens, Kolkata",₹1.35 Cr ,"₹9,285 per sqft ",1454 sqft,,3,1 out of 3,,,,,,,Resale
"3 BHK Flat  for Sale in  Madurdaha, Hussainpur, Kolkata",₹50 Lac ,"₹4,006 per sqft ",936 sqft,,1,3 out of 3,Main Road,North - East,1 Covered,2,,Freehold,Resale
"2 BHK Flat  for Sale in  Azadgarh, Kolkata",₹35 Lac ,"₹3,763 per sqft ",800 sqft,Ready to Move,2,3 out of 4,Main Road,,,1,,,Resale
"3 BHK Flat  for Sale in  Santoshpur, Kolkata",₹45 Lac ,"₹4,967 per sqft ",906 sqft,Ready to Move,2,2 out of 3,,West,,1,,Freehold,Resale
2 BHK Flat  for Sale in   Kolkata,₹19.5 Lac ,"₹6,290 per sqft ",250 sqft,Ready to Move,1,3 out of 4,Main Road,North - East,,1,,Leasehold,Resale
2 BHK Flat  for Sale in   Kolkata,₹32 Lac ,"₹4,103 per sqft ",780 sqft,Ready to Move,2,3 out of 5,,,,,,,Resale
"2 BHK Flat  for Sale in  Maheshtala, Kolkata",₹27.5 Lac ,"₹3,862 per sqft ",712 sqft,Ready to Move,2,6 out of 14,Garden/Park,South - East,,,Hiland Greens,Freehold,Resale
"2 BHK Flat  for Sale in  Sirity, Kolkata",₹51 Lac ,"₹4,080 per sqft ",900 sqft,Ready to Move,2,3 out of 4,"Garden/Park, Main Road",South - East,1 Open,1,,Co-operative Society,Resale
"4 BHK Flat  for Sale in  Sodepur, Kolkata",₹40 Lac ,"₹2,353 per sqft ",1590 sqft,Ready to Move,2,Ground out of 5,Main Road,North - East,,2,,Freehold,Resale
"2 BHK Flat  for Sale in  Netaji Subhash Chandra Bose Road, Kolkata",₹50 Lac ,"₹5,000 per sqft ",750 sqft,Ready to Move,2,1 out of 4,Main Road,North - East,1 Open,1,,Freehold,Resale
"4 BHK Flat  for Sale in  Bhangar Raghunathpur, Kolkata",₹85 Lac ,"₹4,640 per sqft ",1832 sqft,Ready to Move,3,4 out of 7,,East,,2,Simoco Sanhita Housing Complex Commercial,Co-operative Society,Resale
"5 BHK Flat  for Sale in  Jodhpur Park, Kolkata",₹2.80 Cr ,"₹6,512 per sqft ",3300 sqft,,5,1 out of 6,Main Road,South,2 Covered,3,,Freehold,Resale
"3 BHK Flat  for Sale in  Tollygunge Phari, Kolkata",₹1.30 Cr ,"₹8,880 per sqft ",1220 sqft,Ready to Move,2,5 out of 12,Pool,South,,1,,Freehold,Resale
2 BHK Flat  for Sale in   Kolkata,₹30 Lac ,"₹3,352 per sqft ",716 sqft,Ready to Move,1,1 out of 4,,,,1,,,Resale
"4 BHK Flat  for Sale in  Mukundapur, Kolkata",₹88 Lac ,"₹6,124 per sqft ",1187 sqft,,2,2 out of 4,"Garden/Park, Pool",South - East,1 Covered,1,Bengal Abasan Urban Sabujayan,Freehold,New Property
3 BHK Flat  for Sale in   Kolkata,₹4 Cr ,"₹16,000 per sqft ",2200 sqft,Ready to Move,3,2 out of 7,,East,1 Covered,3,,Freehold,Resale
"3 BHK Flat  for Sale in  Dum Dum, Kolkata",₹92 Lac ,"₹7,461 per sqft ",989 sqft,Ready to Move,2,2 out of 5,Main Road,South -West,1 Covered,1,Binayak Enclave,Freehold,Resale
"3 BHK Flat  for Sale in  Narendrapur Rajpur Sonarpur, Kolkata",₹41 Lac ,"₹4,380 per sqft ",936 sqft,Ready to Move,2,3 out of 7,Garden/Park,South - East,,1,Vishnu Happy Homes V,Co-operative Society,Resale
"2 BHK Flat  for Sale in  Kamalgazi, Narendrapur, Kolkata",₹80 Lac ,"₹8,593 per sqft ",931 sqft,Ready to Move,2,2 out of 4,,North - East,,1,PS  Vinayak Citrus Cove,Freehold,Resale
"1 BHK Flat  for Sale in  Baruipur, Kolkata",₹22 Lac ,"₹5,057 per sqft ",435 sqft,Ready to Move,1,3 out of 5,"Pool, Garden/Park",East,,1,Eden Meghbalika,Freehold,Resale
"4 BHK Flat  for Sale in  Mukundapur, Kolkata",₹1.50 Cr ,"₹8,361 per sqft ",1794 sqft,Ready to Move,3,4 out of 4,,East,,2,Bengal Abasan Urban Sabujayan,Freehold,Resale
"2 BHK Flat  for Sale in  Thakurpukur, Kolkata",₹29 Lac ,"₹3,550 per sqft ",817 sqft,Ready to Move,1,3 out of 5,Main Road,North - East,,1,,Freehold,Resale
"2 BHK Flat  for Sale in  Dhakuria, Kolkata",₹72 Lac ,"₹6,000 per sqft ",1200 sqft,Ready to Move,2,1 out of 4,,,,1,,,Resale
1 BHK Flat  for Sale in   Kolkata,₹18 Lac ,"₹4,401 per sqft ",409 sqft,Ready to Move,1,4 out of 4,"Pool, Garden/Park, Main Road",,,1,,Freehold,Resale
"2 BHK Flat  for Sale in  Eastern Metropolitan Bypass, Kolkata",₹95 Lac ,"₹11,391 per sqft ",834 sqft,Ready to Move,2,6 out of 18,,,,1,Bengal Peerless Avidipta,,Resale
"2 BHK Flat  for Sale in  Madhyamgram, Kolkata",₹29 Lac ,"₹3,318 per sqft ",680 sqft,Ready to Move,2,2 out of 5,"Garden/Park, Pool",East,1 Covered,2,Rishi Enclave MadhyamGram,Freehold,Resale
"2 BHK Flat  for Sale in  Picnic Garden Road, Kolkata",₹35 Lac ,"₹5,912 per sqft ",592 sqft,Ready to Move,1,3 out of 5,Main Road,East,,1,,Freehold,New Property
2 BHK Flat  for Sale in   Kolkata,₹35 Lac ,"₹4,487 per sqft ",550 sqft,Ready to Move,2,3 out of 3,Main Road,North,1 Covered,,,Freehold,Resale
"4 BHK Flat  for Sale in  Barrackpore Trunk Road, Kolkata",₹2 Cr ,"₹10,256 per sqft ",1950 sqft,Ready to Move,3,18 out of 25,,,,1,Siddha Eden Lakeville,,Resale
2 BHK Flat  for Sale in   Kolkata,₹40 Lac ,,850 sqft,Ready to Move,2,1 out of 3,,,,1,,,Resale
"3 BHK Flat  for Sale in  Lake Town, Kolkata",₹1.20 Cr ,"₹6,667 per sqft ",1800 sqft,Ready to Move,2,4 out of 5,,,,1,,,Resale
"1 BHK Flat  for Sale in  Bhangar, Kolkata",₹15 Lac ,"₹3,326 per sqft ",360 sqft,Ready to Move,1,3 out of 4,,,,1,,,Resale
"2 BHK Flat  for Sale in  Dum Dum, Kolkata",₹36 Lac ,"₹3,681 per sqft ",720 sqft,Ready to Move,2,3 out of 6,,South -West,,1,Sudhir Kunja,Freehold,New Property
"3 BHK Flat  for Sale in  Kanchrapara Loco, Kolkata",₹32.5 Lac ,"₹3,095 per sqft ",840 sqft,Ready to Move,2,2 out of 4,,South -West,,1,,,Resale
"3 BHK Flat  for Sale in  Ashok Nagar, Kolkata",₹1.40 Cr ,"₹7,527 per sqft ",1550 sqft,Ready to Move,2,1 out of 5,Garden/Park,East,,1,Peerless Maurya Mansion,Freehold,Resale
"2 BHK Flat  for Sale in  Purba Putiary, Kolkata",₹30 Lac ,"₹4,918 per sqft ",457 sqft,Ready to Move,2,3 out of 4,Garden/Park,North,,1,,Freehold,Resale
"3 BHK Flat  for Sale in  Italgacha Road, Kolkata",₹50 Lac ,"₹4,525 per sqft ",900 sqft,Ready to Move,2,4 out of 4,,,,1,,,Resale
"2 BHK Flat  for Sale in  Narendrapur Rajpur Sonarpur, Kolkata",₹68 Lac ,"₹6,700 per sqft ",1015 sqft,Ready to Move,2,8 out of 12,Garden/Park,South -West,,1,Rajwada Springfield,Freehold,Resale
"3 BHK Flat  for Sale in  SN Roy Road, Kolkata",₹1.30 Cr ,"₹7,879 per sqft ",1650 sqft,Ready to Move,3,11 out of 11,,,,,,,Resale
"3 BHK Flat  for Sale in  Bowbazar, Kolkata",₹1.70 Cr ,"₹14,131 per sqft ",950 sqft,Ready to Move,2,2 out of 3,Main Road,East,,1,,Freehold,Resale
"2 BHK Flat  for Sale in  Mukundapur, Kolkata",₹45 Lac ,"₹5,799 per sqft ",776 sqft,Ready to Move,2,3 out of 3,,South -West,,1,,Freehold,Resale
"2 BHK Flat  for Sale in  Natunpara Baruipur, Kolkata",₹42.5 Lac ,"₹4,707 per sqft ",650 sqft,Ready to Move,2,1 out of 4,Main Road,South - East,,1,Kamala Garden,Freehold,Resale
"3 BHK Flat  for Sale in  Manoharpukur, Kolkata",₹1.28 Cr ,"₹9,697 per sqft ",1056 sqft,Ready to Move,2,1 out of 3,Main Road,West,,1,,Freehold,New Property
"3 BHK Flat  for Sale in  Jessore Road, Kolkata",₹1.23 Cr ,"₹8,311 per sqft ",1480 sqft,Ready to Move,2,1 out of 8,"Pool, Garden/Park",,,2,Natural City,,Resale
"2 BHK Flat  for Sale in  Duillya, Kolkata",₹21 Lac ,"₹2,378 per sqft ",735 sqft,Ready to Move,2,3 out of 4,,South - East,,1,,Freehold,Resale
"4 BHK Flat  for Sale in  Parnasree Palli, Kolkata",₹60 Lac ,"₹4,000 per sqft ",1500 sqft,,3,2 out of 4,,,,,,,Resale
"2 BHK Flat  for Sale in  Sodepur, Kolkata",₹45 Lac ,"₹5,085 per sqft ",708 sqft,Ready to Move,2,4 out of 5,Main Road,North - West,,1,Dinante Apartment,Freehold,Resale
"2 BHK Flat  for Sale in  Jatragachhi, Kolkata",₹90 Lac ,"₹8,333 per sqft ",864 sqft,Ready to Move,2,10 out of 14,"Garden/Park, Pool, Main Road",South,,1,,Freehold,New Property
3 BHK Flat  for Sale in   Kolkata,₹1.10 Cr ,,1250 sqft,Ready to Move,3,3 out of 4,"Pool, Garden/Park",,,1,,Co-operative Society,Resale
"2 BHK Flat  for Sale in  Rajarhat, Kolkata",₹1.10 Cr ,"₹9,955 per sqft ",1105 sqft,Ready to Move,2,5 out of 13,"Pool, Garden/Park, Main Road",West,,1,Utsa The Condovile,Freehold,Resale
"1 BHK Flat  for Sale in  Mourigram, Kolkata",₹18 Lac ,"₹2,400 per sqft ",600 sqft,Ready to Move,1,2 out of 4,Main Road,North,,1,,Freehold,Resale
"3 BHK Flat  for Sale in  Maheshtala, Kolkata",₹85 Lac ,"₹4,250 per sqft ",2000 sqft,Ready to Move,3,2 out of 11,"Garden/Park, Main Road",East,,1,HILAND GOLF,Freehold,Resale
"2 BHK Flat  for Sale in  Park Circus, Ballygunge, Kolkata",₹1.50 Cr ,,1200 sqft,Ready to Move,3,1 out of 4,Main Road,East,,1,,Freehold,Resale
"3 BHK Flat  for Sale in  Ballygunge, Kolkata",₹2.25 Cr ,"₹11,676 per sqft ",1630 sqft,Ready to Move,3,3 out of 5,Main Road,East,,2,Shree RSH Palm Court,Freehold,Resale
"1 BHK Flat  for Sale in  Kalikapur South 24 Parganas, Kolkata",₹1.90 Cr ,"₹8,261 per sqft ",1725 sqft,Ready to Move,1,1 out of 3,"Garden/Park, Main Road",East,1 Covered,1,,Freehold,Resale
"2 BHK Flat  for Sale in  Ballygunge Circular Road, Kolkata",₹1.40 Cr ,"₹12,727 per sqft ",950 sqft,Ready to Move,2,2 out of 3,Main Road,South - East,1 Covered,2,,Freehold,Resale
"4 BHK Flat  for Sale in  Alipore, Kolkata",₹10 Cr ,"₹18,536 per sqft ",4316 sqft,Ready to Move,5,3 out of 11,"Garden/Park, Pool, Main Road",South - East,2 Open,2,Orbit Crystal,Freehold,Resale
"2 BHK Flat  for Sale in  Nayabad, Kolkata",₹40 Lac ,"₹5,215 per sqft ",767 sqft,Ready to Move,1,2 out of 4,Pool,,1 Covered,,,Freehold,Resale
4 BHK Flat  for Sale in   Kolkata,₹90 Lac ,"₹6,429 per sqft ",1400 sqft,Ready to Move,2,1 out of 4,,,,1,,,Resale
"2 BHK Flat  for Sale in  Raghunathpur, Baguiati, Kolkata",₹32 Lac ,,826 sqft,Ready to Move,2,2 out of 5,,North,,1,,Freehold,Resale
"2 BHK Flat  for Sale in  Silpara, Purba Barisha, Kolkata",₹32 Lac ,"₹3,765 per sqft ",750 sqft,Ready to Move,1,3 out of 3,Main Road,South,1 Open,2,,Freehold,Resale
"3 BHK Flat  for Sale in  Maheshtala, Kolkata",₹45 Lac ,"₹3,268 per sqft ",1377 sqft,Ready to Move,3,6 out of 15,,,1 Open,,,Freehold,Resale
"2 BHK Flat  for Sale in  Shree Bhumi, Patipukur, Kolkata",₹52 Lac ,"₹5,778 per sqft ",900 sqft,Ready to Move,2,3 out of 4,Main Road,North - East,,2,,Freehold,Resale
"2 BHK Flat  for Sale in  Joka, Kolkata",₹25 Lac ,"₹2,577 per sqft ",970 sqft,Ready to Move,2,3 out of 3,Garden/Park,South - East,,2,,Leasehold,Resale
"1 BHK Flat  for Sale in  Baranagar, Kolkata",₹14 Lac ,"₹3,111 per sqft ",450 sqft,Ready to Move,1,1 out of 4,Main Road,East,,1,,Freehold,Resale
"3 BHK Flat  for Sale in  Andul, Kolkata",₹31.4 Lac ,"₹2,500 per sqft ",1257 sqft,Ready to Move,2,4 out of 6,Garden/Park,West,1 Covered,2,Oxford,Freehold,Resale
"2 BHK Flat  for Sale in  Bagmari, Kolkata",₹30 Lac ,"₹4,762 per sqft ",520 sqft,,2,1 out of 3,"Garden/Park, Pool, Main Road",North,,1,,Leasehold,Resale
"1 BHK Flat  for Sale in  Barrackpore, Kolkata",₹26 Lac ,"₹4,107 per sqft ",633 sqft,Ready to Move,1,5 out of 6,"Pool, Main Road",East,,1,Akashdeep,Freehold,Resale
"2 BHK Flat  for Sale in  Ganguly Bagan, Beliaghata, Kolkata",₹45 Lac ,"₹5,294 per sqft ",700 sqft,Ready to Move,2,Ground out of 3,Garden/Park,,,1,,,Resale
6 BHK Flat  for Sale in   Kolkata,₹1.75 Cr ,"₹3,141 per sqft ",4286 sqft,Ready to Move,6,3 out of 3,,,,4,,,Resale
"2 BHK Flat  for Sale in  Tollygunge, Kolkata",₹85 Lac ,"₹7,616 per sqft ",1116 sqft,,2,2 out of 5,Main Road,West,1 Covered,1,,Freehold,New Property
2 BHK Flat  for Sale in   Kolkata,₹23 Lac ,"₹3,075 per sqft ",650 sqft,Ready to Move,2,3 out of 4,,,,1,,,Resale
"2 BHK Flat  for Sale in  Nayabad, Kolkata",₹30 Lac ,"₹4,219 per sqft ",711 sqft,Ready to Move,1,3 out of 4,,,,,Pelican Lake View,,Resale
"2 BHK Flat  for Sale in  Lake Town, Kolkata",₹40 Lac ,"₹3,810 per sqft ",1050 sqft,Ready to Move,2,4 out of 4,,,,,,,Resale
"3 BHK Flat  for Sale in  Batanagar, Kolkata",₹82 Lac ,"₹4,638 per sqft ",1768 sqft,Ready to Move,3,1 out of 8,,South,1 Covered,1,Hiland Calcutta Riverside,Freehold,Resale
"2 BHK Flat  for Sale in  Barrackpore Trunk Road, Kolkata",₹35 Lac ,"₹3,955 per sqft ",885 sqft,Ready to Move,2,4 out of 4,Main Road,,,1,,Freehold,Resale
"3 BHK Flat  for Sale in  Rajarhat Main Road, Kolkata",₹1.30 Cr ,"₹11,818 per sqft ",900 sqft,Ready to Move,2,11 out of 12,,South -West,,1,,Freehold,Resale
"2 BHK Flat  for Sale in  Naktala, Garia, Kolkata",₹40 Lac ,"₹4,124 per sqft ",750 sqft,Ready to Move,2,4 out of 4,"Garden/Park, Main Road",North,,1,,Freehold,Resale
"3 BHK Flat  for Sale in  South Dumdum, Kolkata",₹48 Lac ,"₹4,615 per sqft ",800 sqft,Ready to Move,2,6 out of 6,,South,,2,,,Resale
"2 BHK Flat  for Sale in  Joka, Kolkata",₹43 Lac ,"₹6,143 per sqft ",431 sqft,Ready to Move,1,1 out of 3,,North,,1,Solace Joka,Freehold,Resale
"2 BHK Flat  for Sale in  Dum Dum, Kolkata",₹40 Lac ,"₹4,372 per sqft ",915 sqft,Ready to Move,2,3 out of 4,,,,,,,Resale
"3 BHK Flat  for Sale in  Garia Main Road, Kolkata",₹2.10 Cr ,"₹12,590 per sqft ",1668 sqft,Ready to Move,,,,,,,Orbit Heights,,Resale
"3 BHK Flat  for Sale in  New Alipore, Kolkata",₹2.80 Cr ,"₹14,000 per sqft ",1600 sqft,Ready to Move,3,4 out of 4,Main Road,South - East,2 Covered,1,New Alipore Residency,Freehold,Resale
"3 BHK Flat  for Sale in  Naskar Para Garfa, Kolkata",₹45 Lac ,"₹4,500 per sqft ",1000 sqft,Ready to Move,2,3 out of 3,,North,,1,,,Resale
"2 BHK Flat  for Sale in  Sector 5 Salt Lake City, Kolkata",₹98 Lac ,"₹10,316 per sqft ",904 sqft,Ready to Move,2,2 out of 18,"Garden/Park, Pool, Main Road",South - East,,1,Merlin 5th Avenue,Freehold,New Property
2 BHK Flat  for Sale in   Kolkata,₹1.15 Cr ,"₹10,177 per sqft ",1130 sqft,Ready to Move,2,3 out of 7,,,,,,,Resale
"3 BHK Flat  for Sale in  Boral, Kolkata",₹37 Lac ,"₹3,558 per sqft ",1040 sqft,Ready to Move,2,3 out of 4,,West,,1,Pacific Rajeshwari Apartment,Freehold,Resale
"2 BHK Flat  for Sale in  Ragunathpur Road, Kolkata",₹25 Lac ,"₹2,907 per sqft ",860 sqft,Ready to Move,2,3 out of 3,,South,,1,,Freehold,Resale
"2 BHK Flat  for Sale in  Eastern Metropolitan Bypass, Kolkata",₹1 Cr ,"₹9,091 per sqft ",1100 sqft,Ready to Move,2,9 out of 20,,,,,Ruchi Active Acres Angelica,,Resale
"2 BHK Flat  for Sale in  Behala, Kolkata",₹27 Lac ,"₹2,700 per sqft ",875 sqft,,2,4 out of 4,Main Road,East,3 Covered,1,,Freehold,Resale
"3 BHK Flat  for Sale in  Alipore, Kolkata",₹3.60 Cr ,"₹15,158 per sqft ",2375 sqft,Ready to Move,3,1 out of 5,,,,,,,Resale
"2 BHK Flat  for Sale in  Behala Chowrasta, Kolkata",₹22 Lac ,"₹5,500 per sqft ",400 sqft,Ready to Move,1,1 out of 3,,East,,1,,Freehold,Resale
"3 BHK Flat  for Sale in  Rajarhat Main Road, Kolkata",₹45 Lac ,"₹3,937 per sqft ",1143 sqft,Ready to Move,2,3 out of 4,Garden/Park,North - East,,2,Magnolia Vardaan,,Resale
"2 BHK Flat  for Sale in  Howrah, Kolkata",₹23.5 Lac ,"₹3,497 per sqft ",672 sqft,Ready to Move,2,1 out of 5,Garden/Park,East,,,,Freehold,Resale
"3 BHK Flat  for Sale in  Dunlop, Dakshineswar, Belgharia Expressway, Kolkata",₹90 Lac ,"₹5,732 per sqft ",1570 sqft,Ready to Move,2,1 out of 5,"Garden/Park, Main Road",North,,,Vastucon North Spring,Freehold,Resale
3 BHK Flat  for Sale in   Kolkata,₹1.60 Cr ,"₹11,291 per sqft ",1417 sqft,Ready to Move,2,3 out of 3,Garden/Park,,,1,,Freehold,New Property
2 BHK Flat  for Sale in   Kolkata,₹80 Lac ,"₹7,080 per sqft ",1130 sqft,Ready to Move,2,3 out of 4,,,,,,,Resale
"2 BHK Flat  for Sale in  Bramhapur, Kolkata",₹22 Lac ,"₹2,353 per sqft ",935 sqft,Ready to Move,1,Ground out of 3,,,,1,,,Resale
"3 BHK Flat  for Sale in  New Town, Kolkata",₹1.05 Cr ,"₹7,023 per sqft ",1330 sqft,Ready to Move,2,1 out of 16,"Garden/Park, Main Road",South - East,,2,,Freehold,Resale
"2 BHK Flat  for Sale in  Bansdroni, Kolkata",₹37.5 Lac ,"₹5,000 per sqft ",750 sqft,,,,,,,,,,Resale
"2 BHK Flat  for Sale in  Behala Colony Basti, Metiabruz, Kolkata",₹28 Lac ,"₹3,889 per sqft ",650 sqft,Ready to Move,1,1 out of 4,,,,1,Stand Alone building,,Resale
"2 BHK Flat  for Sale in  Joka, Kolkata",₹55 Lac ,"₹6,732 per sqft ",817 sqft,Ready to Move,2,11 out of 12,Garden/Park,North - East,,1,Godrej Seven,Freehold,Resale
"2 BHK Flat  for Sale in  Garia, Kolkata",₹31.5 Lac ,"₹4,172 per sqft ",755 sqft,Ready to Move,2,1 out of 3,,,,1,Mahamaya Apartment,,Resale
"3 BHK Flat  for Sale in  Rajarhat, Kolkata",₹60 Lac ,"₹4,615 per sqft ",1300 sqft,Ready to Move,2,1 out of 1,,,,2,Smart Homes,,New Property
"1 BHK Flat  for Sale in  Chandannagar, Hooghly-Chinsurah, Kolkata",₹20 Lac ,"₹3,333 per sqft ",600 sqft,Ready to Move,1,2 out of 4,Main Road,East,,,,Freehold,Resale
"3 BHK Flat  for Sale in  Alipore, Kolkata",₹3.10 Cr ,"₹13,525 per sqft ",1834 sqft,Ready to Move,4,5 out of 5,Main Road,South - East,2 Covered,1,,Co-operative Society,Resale
2 BHK Flat  for Sale in   Kolkata,₹46 Lac ,"₹5,412 per sqft ",590 sqft,Ready to Move,2,2 out of 4,,South -West,,2,,Freehold,Resale
"2 BHK Flat  for Sale in  New Town, Kolkata",₹59 Lac ,"₹6,705 per sqft ",570 sqft,Ready to Move,2,5 out of 10,"Garden/Park, Main Road",North - West,,1,GM Meena Eco Vista,Freehold,New Property
2 BHK Flat  for Sale in   Kolkata,₹45 Lac ,"₹4,918 per sqft ",915 sqft,Ready to Move,2,2 out of 3,,,,,,,Resale
3 BHK Flat  for Sale in   Kolkata,₹38.5 Lac ,"₹3,500 per sqft ",1100 sqft,Ready to Move,2,2 out of 2,,South - East,,2,,Freehold,Resale
"5 BHK Flat  for Sale in  Chinar Park, Rajarhat, Kolkata",₹1.17 Cr ,"₹4,979 per sqft ",1900 sqft,Ready to Move,4,4 out of 6,Main Road,South - East,,3,Swabhumi Srishty,Freehold,Resale
"2 BHK Flat  for Sale in  Maheshtala, Kolkata",₹34 Lac ,"₹4,775 per sqft ",550 sqft,Ready to Move,2,13 out of 14,Garden/Park,South - East,1 Open,1,Hiland Greens,Leasehold,Resale
3 BHK Flat  for Sale in   Kolkata,₹25 Lac ,"₹2,347 per sqft ",875 sqft,Ready to Move,2,2 out of 5,Main Road,East,,1,,Freehold,Resale
"3 BHK Flat  for Sale in  Rajarhat, Kolkata",₹40 Lac ,"₹4,000 per sqft ",1000 sqft,Ready to Move,2,4 out of 5,,,,,Siddha Town,,Resale
"3 BHK Flat  for Sale in  Rajarhat, Kolkata",₹89 Lac ,"₹7,398 per sqft ",1203 sqft,Ready to Move,2,8 out of 12,,,,1,Magnolia Merlion,,Resale
"3 BHK Flat  for Sale in  Uttarpara Chinsurah, Kolkata",₹82 Lac ,"₹5,921 per sqft ",1385 sqft,Ready to Move,2,6 out of 11,"Pool, Main Road",,,2,Unimark Riviera,,Resale
"2 BHK Flat  for Sale in  Sahitya Parishad, Kolkata",₹72 Lac ,"₹7,801 per sqft ",608 sqft,,2,3 out of 4,"Garden/Park, Main Road",North,,1,,,Resale
"3 BHK Flat  for Sale in  Rajarhat, Kolkata",₹60 Lac ,"₹4,286 per sqft ",1400 sqft,Ready to Move,2,2 out of 6,"Pool, Garden/Park, Main Road",South - East,,1,Dream Palazzo,Freehold,Resale
"2 BHK Flat  for Sale in  Maheshtala, Kolkata",₹27 Lac ,"₹3,792 per sqft ",712 sqft,Ready to Move,2,14 out of 15,"Garden/Park, Main Road",,,1,Hiland Greens,Freehold,Resale
"1 BHK Flat  for Sale in  Patuli, Kolkata",₹19 Lac ,"₹5,067 per sqft ",375 sqft,Ready to Move,1,Ground out of 2,,,,,,,Resale
"2 BHK Flat  for Sale in  Behala, Kolkata",₹20 Lac ,"₹3,101 per sqft ",645 sqft,Ready to Move,1,1 out of 4,,,,,,,Resale
"2 BHK Flat  for Sale in  Mullick Fatak, Kolkata",₹36.5 Lac ,"₹4,740 per sqft ",770 sqft,Ready to Move,2,4 out of 4,Main Road,South,,1,,Freehold,Resale
3 BHK Flat  for Sale in   Kolkata,₹85 Lac ,"₹8,408 per sqft ",958 sqft,Ready to Move,2,1 out of 12,"Pool, Garden/Park, Main Road",North - East,,1,,Freehold,Resale
"3 BHK Flat  for Sale in  Sakher Bazar, Purba Barisha, Kolkata",₹63 Lac ,"₹4,038 per sqft ",1560 sqft,Ready to Move,3,3 out of 3,Main Road,,,1,,Freehold,Resale
"2 BHK Flat  for Sale in  Rajpur, Kolkata",₹42 Lac ,"₹4,478 per sqft ",938 sqft,Ready to Move,2,4 out of 4,Garden/Park,South -West,1 Covered,1,Tirupati Paradise,Freehold,Resale
"2 BHK Flat  for Sale in  Boral Main Road, Kolkata",₹27 Lac ,"₹3,576 per sqft ",650 sqft,Ready to Move,1,4 out of 4,Main Road,North,,,,,Resale
2 BHK Flat  for Sale in   Kolkata,₹19 Lac ,"₹3,369 per sqft ",470 sqft,Ready to Move,1,1 out of 4,,North - East,,1,,,Resale
"2 BHK Flat  for Sale in  Postal Park, Kolkata",₹38 Lac ,"₹3,455 per sqft ",700 sqft,Ready to Move,2,1 out of 3,Garden/Park,North,1 Covered,1,,Freehold,Resale
"2 BHK Flat  for Sale in  Garia, Kolkata",₹35 Lac ,"₹3,375 per sqft ",800 sqft,,2,1 out of 5,Garden/Park,North - East,1 Covered,2,Regent Sonarpur,Freehold,Resale
"3 BHK Flat  for Sale in  Madhyamgram, Kolkata",₹65 Lac ,"₹5,697 per sqft ",1141 sqft,Ready to Move,2,4 out of 11,"Garden/Park, Pool",South,,1,Magnolia Empire,Freehold,New Property
"3 BHK Flat  for Sale in  Behala Chowrasta, Kolkata",₹1.50 Cr ,"₹9,311 per sqft ",1611 sqft,Ready to Move,2,1 out of 9,,,,2,Kshetrum Aspire,,Resale
"3 BHK Flat  for Sale in  Belghoria, Kolkata",₹35 Lac ,"₹2,883 per sqft ",900 sqft,Ready to Move,2,4 out of 5,,,,1,Belgharia,,Resale
"2 BHK Flat  for Sale in  Topsia Road, Kolkata",₹15.5 Lac ,,675 sqft,Ready to Move,1,3 out of 4,,East,,1,,Freehold,Resale
"2 BHK Flat  for Sale in  Baishnabghata, Garia, Kolkata",₹45 Lac ,"₹4,344 per sqft ",902 sqft,Ready to Move,2,3 out of 4,"Garden/Park, Main Road",South - East,,1,Baishnabghata Patuli,Freehold,Resale
"2 BHK Flat  for Sale in  Joka, Kolkata",₹55 Lac ,"₹5,238 per sqft ",1050 sqft,Ready to Move,2,10 out of 14,,,,,,,Resale
1 BHK Flat  for Sale in   Kolkata,₹19.5 Lac ,"₹4,333 per sqft ",450 sqft,Ready to Move,1,4 out of 4,,,,1,,,Resale
"2 BHK Flat  for Sale in  Patuli, Kolkata",₹35 Lac ,"₹4,762 per sqft ",735 sqft,Ready to Move,1,4 out of 4,,,,,,,Resale
"2 BHK Flat  for Sale in  Rajarhat Main Road, Kolkata",₹54 Lac ,"₹5,510 per sqft ",750 sqft,Ready to Move,2,8 out of 10,"Pool, Garden/Park",South -West,1 Covered,1,Unimark Springfield,Co-operative Society,New Property
"2 BHK Flat  for Sale in  Rajarhat, Kolkata",₹60 Lac ,"₹7,732 per sqft ",776 sqft,Ready to Move,3,3 out of 5,,,,1,Rama Residency,Freehold,Resale
3 BHK Flat  for Sale in   Kolkata,₹65 Lac ,"₹5,856 per sqft ",1110 sqft,Ready to Move,2,2 out of 3,,South,,1,,Freehold,Resale
2 BHK Flat  for Sale in   Kolkata,₹30 Lac ,"₹4,464 per sqft ",560 sqft,Ready to Move,1,4 out of 4,,,,1,,,Resale
"2 BHK Flat  for Sale in  Chetla, Kolkata",₹53 Lac ,"₹5,792 per sqft ",732 sqft,Ready to Move,2,1 out of 4,Garden/Park,South - East,,2,,Co-operative Society,Resale
"> 10 BHK Flat  for Sale in  Bhowanipore, Kolkata",₹5.50 Cr ,"₹10,914 per sqft ",7 kottah,Ready to Move,> 10,8 out of 8,,,,,,,Resale
"2 BHK Flat  for Sale in  Joka, Kolkata",₹45 Lac ,"₹4,737 per sqft ",950 sqft,Ready to Move,2,3 out of 3,,South,,1,,,Resale
"2 BHK Flat  for Sale in  Bakultala Behala, Kolkata",₹40 Lac ,"₹4,614 per sqft ",680 sqft,Ready to Move,2,1 out of 4,,East,,1,,Freehold,Resale
"4 BHK Flat  for Sale in  Phool Bagan Kankurgachi, Kolkata",₹3 Cr ,"₹8,571 per sqft ",3500 sqft,Ready to Move,4,2 out of 4,,,,,,,Resale
2 BHK Flat  for Sale in   Kolkata,₹26 Lac ,"₹3,714 per sqft ",600 sqft,Ready to Move,1,1 out of 3,,,,1,,,Resale
"3 BHK Flat  for Sale in  Bablatala, Gopalpur Gram, Kolkata",₹70 Lac ,"₹4,516 per sqft ",1350 sqft,Ready to Move,3,1 out of 5,Garden/Park,East,1 Covered,1,,Freehold,Resale
"3 BHK Flat  for Sale in  Lake Town, Kolkata",₹1.10 Cr ,"₹6,366 per sqft ",1728 sqft,Ready to Move,2,5 out of 5,,,,1,Rohit Apartment,,Resale
3 BHK Flat  for Sale in   Kolkata,₹65 Lac ,"₹5,155 per sqft ",1000 sqft,Ready to Move,2,Ground out of 3,,,,1,,,Resale
"2 BHK Flat  for Sale in  Khardaha, Kolkata",₹25 Lac ,"₹3,759 per sqft ",665 sqft,Ready to Move,1,Ground out of 6,,North,,1,Sonar Tori,,Resale
2 BHK Flat  for Sale in   Kolkata,₹18 Lac ,"₹2,400 per sqft ",750 sqft,Ready to Move,2,3 out of 3,,South,,1,,Freehold,Resale
"1 BHK Flat  for Sale in  Garia, Kolkata",₹19 Lac ,"₹4,025 per sqft ",472 sqft,Ready to Move,1,1 out of 3,,,,,,,Resale
"3 BHK Flat  for Sale in  Ranikuthi, Kolkata",₹1.50 Cr ,"₹6,818 per sqft ",2200 sqft,Ready to Move,4,2 out of 3,Main Road,South - East,1 Covered,2,,,Resale
3 BHK Flat  for Sale in   Kolkata,₹24 Lac ,,800 sqft,Ready to Move,2,3 out of 4,,,,1,,,Resale
"2 BHK Flat  for Sale in  Indrajit Pally, Behala, Kolkata",₹45 Lac ,"₹6,579 per sqft ",684 sqft,Ready to Move,2,Ground out of 3,,,,,Suhasini Apartment,,Resale
"2 BHK Flat  for Sale in  Garia, Kolkata",₹45 Lac ,,750 sqft,Ready to Move,2,1 out of 3,Main Road,,,1,,Freehold,Resale
"2 BHK Flat  for Sale in  Selimpur, Dhakuria, Kolkata",₹95 Lac ,"₹8,716 per sqft ",1090 sqft,Ready to Move,2,4 out of 4,Main Road,South,,2,,Freehold,Resale
2 BHK Flat  for Sale in   Kolkata,₹20 Lac ,"₹4,000 per sqft ",500 sqft,Ready to Move,1,1 out of 1,,,,,,,Resale
"2 BHK Flat  for Sale in  Durga Nagar, Kolkata",₹85 Lac ,"₹8,947 per sqft ",1200 sqft,Ready to Move,2,6 out of 6,Garden/Park,West,,3,Kosmic North Grande,Freehold,New Property
"4 BHK Flat  for Sale in  Metropolitan Co Operative Housing Society Limited, Kolkata",₹1.50 Cr ,"₹7,389 per sqft ",1700 sqft,Ready to Move,4,3 out of 5,,,,2,Metropolitan Cooperative Housing Society,,Resale
"2 BHK Flat  for Sale in  Madhyamgram, Kolkata",₹60 Lac ,"₹6,486 per sqft ",925 sqft,Ready to Move,2,4 out of 11,"Pool, Garden/Park, Main Road",,,1,Rishi Ventoso,Freehold,Resale
"2 BHK Flat  for Sale in  Tollygunge Road, Kolkata",₹35 Lac ,"₹7,778 per sqft ",430 sqft,Ready to Move,1,Ground out of 4,,East,,,,Leasehold,Resale
"4 BHK Flat  for Sale in  Kasba, Kolkata",₹1.41 Cr ,"₹8,008 per sqft ",1762 sqft,Ready to Move,2,1 out of 3,"Main Road, Garden/Park",South - East,,1,,Freehold,Resale
3 BHK Flat  for Sale in   Kolkata,₹85 Lac ,"₹6,538 per sqft ",1100 sqft,Ready to Move,2,4 out of 4,Garden/Park,South - East,1 Covered,1,,Co-operative Society,Resale
"2 BHK Flat  for Sale in  Madhyamgram, Kolkata",₹52 Lac ,"₹4,929 per sqft ",1055 sqft,Ready to Move,2,1 out of 4,Garden/Park,North,,1,Siddha Town,Freehold,New Property
2 BHK Flat  for Sale in   Kolkata,₹2.02 Cr ,"₹15,385 per sqft ",959 sqft,Ready to Move,2,2 out of 5,"Garden/Park, Main Road",,,1,,,Resale
"3 BHK Flat  for Sale in  Southern Avenue, Kolkata",₹1.60 Cr ,"₹9,423 per sqft ",1358 sqft,Ready to Move,3,1 out of 4,Main Road,South - East,1 Covered,1,,Co-operative Society,Resale
"2 BHK Flat  for Sale in  Madhyamgram, Kolkata",₹42 Lac ,"₹6,796 per sqft ",618 sqft,Ready to Move,2,1 out of 5,,,,,,,Resale
3 BHK Flat  for Sale in   Kolkata,₹80 Lac ,"₹6,780 per sqft ",1180 sqft,Ready to Move,2,3 out of 3,,,,,,,Resale
2 BHK Flat  for Sale in   Kolkata,₹45 Lac ,"₹4,737 per sqft ",950 sqft,Ready to Move,2,1 out of 3,,South,,1,,Freehold,Resale
"1 BHK Flat  for Sale in  Picnic Garden Road, Kolkata",₹16.5 Lac ,"₹3,056 per sqft ",450 sqft,Ready to Move,1,4 out of 4,Main Road,South - East,,,,Freehold,Resale
1 BHK Flat  for Sale in   Kolkata,₹18 Lac ,"₹3,462 per sqft ",420 sqft,Ready to Move,1,3 out of 3,,,,1,,,Resale
"2 BHK Flat  for Sale in  Gobra, Kolkata",₹25 Lac ,"₹4,032 per sqft ",540 sqft,Ready to Move,1,Ground out of 2,,South,,,,Leasehold,Resale
"3 BHK Flat  for Sale in  Shibrampur, Shibrampur Mauza, Kolkata",₹52 Lac ,"₹4,333 per sqft ",1084 sqft,Ready to Move,2,8 out of 12,"Garden/Park, Pool, Main Road",South,1 Open,1,Greenfield City,Power Of Attorney,Resale
"2 BHK Flat  for Sale in  Airport 2 Number Gate, Kolkata",₹40 Lac ,"₹5,464 per sqft ",660 sqft,Ready to Move,1,3 out of 4,,,,1,Airport Tower,,Resale
"3 BHK Flat  for Sale in  Prince Anwar Shah Road, Kolkata",₹1.35 Cr ,"₹10,800 per sqft ",1000 sqft,Ready to Move,2,4 out of 4,,,,1,Amrapali Shanti,,Resale
"3 BHK Flat  for Sale in  Kestopur, Kolkata",₹50 Lac ,"₹3,333 per sqft ",1500 sqft,Ready to Move,2,3 out of 5,,,,,,,Resale
"3 BHK Flat  for Sale in  Maheshtala, Kolkata",₹51 Lac ,"₹3,346 per sqft ",1524 sqft,Ready to Move,3,11 out of 15,"Garden/Park, Pool, Main Road",South - East,,1,Eden City Maheshtala,Freehold,Resale
2 BHK Flat  for Sale in   Kolkata,₹31 Lac ,,742 sqft,Ready to Move,2,4 out of 5,,,,1,,,Resale
"3 BHK Flat  for Sale in  Maheshtala, Kolkata",₹1.25 Cr ,,1790 sqft,Ready to Move,3,5 out of 22,,,,2,Hiland Calcutta Riverside,,Resale
"2 BHK Flat  for Sale in  Behala Chowrasta, Kolkata",₹32 Lac ,,650 sqft,Ready to Move,2,1 out of 2,Main Road,West,,,,,Resale
"2 BHK Flat  for Sale in  Narendrapur Rajpur Sonarpur, Kolkata",₹60 Lac ,"₹6,667 per sqft ",900 sqft,Ready to Move,2,2 out of 4,"Garden/Park, Pool, Main Road",East,,1,Sherwood Estate,Freehold,Resale
"3 BHK Flat  for Sale in  Shyamnagar, Kolkata",₹72 Lac ,"₹4,800 per sqft ",1300 sqft,Ready to Move,2,1 out of 4,,,,2,Diamond Plaza,Freehold,Resale
"3 BHK Flat  for Sale in  New Town, Kolkata",₹1.15 Cr ,"₹14,744 per sqft ",780 sqft,Ready to Move,2,11 out of 18,,,,,PS  Amistad,,Resale
"5 BHK Flat  for Sale in  Block B Lake Town, Kolkata",₹1.20 Cr ,"₹5,455 per sqft ",1870 sqft,Ready to Move,4,1 out of 4,Main Road,South - East,,3,,Freehold,Resale
"2 BHK Flat  for Sale in  Sodepur Paschim Putiary, Kolkata",₹22 Lac ,"₹2,588 per sqft ",680 sqft,Ready to Move,2,1 out of 3,,South - East,,2,,Freehold,Resale
"3 BHK Flat  for Sale in  James Long Sarani, Kolkata",₹45 Lac ,"₹3,975 per sqft ",1132 sqft,Ready to Move,2,3 out of 3,,South - East,,1,,Freehold,Resale
"2 BHK Flat  for Sale in  Rani Rashmoni Bagan, Kolkata",₹24 Lac ,"₹3,509 per sqft ",570 sqft,Ready to Move,2,2 out of 2,,South - East,,1,,Freehold,Resale
"2 BHK Flat  for Sale in  Garia Main Road, Kolkata",₹28 Lac ,,740 sqft,Ready to Move,2,1 out of 3,,East,,1,,Freehold,Resale
"1 BHK Flat  for Sale in  Bosepukur, Kasba, Kolkata",₹25 Lac ,"₹5,495 per sqft ",455 sqft,Ready to Move,1,3 out of 3,"Pool, Main Road",,,,,,Resale
"4 BHK Flat  for Sale in  New Town, Kolkata",₹1.06 Cr ,"₹6,163 per sqft ",1720 sqft,Ready to Move,3,3 out of 4,,South,,2,,Freehold,Resale
"3 BHK Flat  for Sale in  Dum Dum Road, Kolkata",₹62 Lac ,"₹4,627 per sqft ",1200 sqft,Ready to Move,2,5 out of 5,Main Road,,,2,,Freehold,Resale
"2 BHK Flat  for Sale in  Kankurgachi, Kolkata",₹1 Cr ,"₹9,930 per sqft ",783 sqft,Ready to Move,2,9 out of 11,"Pool, Garden/Park",South,,1,Udvita The Condoville,Freehold,Resale
"3 BHK Flat  for Sale in  Rajarhat, Kolkata",₹1.25 Cr ,"₹9,273 per sqft ",930 sqft,Ready to Move,2,6 out of 16,"Garden/Park, Pool, Main Road",South,1 Covered,3,PS The Soul,Freehold,Resale
"3 BHK Flat  for Sale in  Ballygunge Park, Ballygunge, Kolkata",₹2.60 Cr ,"₹12,470 per sqft ",2085 sqft,Ready to Move,3,3 out of 5,"Main Road, Garden/Park",South,,1,Doveland Court,Freehold,Resale
"3 BHK Flat  for Sale in  New Town, Kolkata",₹1.30 Cr ,"₹12,104 per sqft ",674 sqft,Ready to Move,2,6 out of 18,"Garden/Park, Pool",South,1 Covered,1,PS  Amistad,Freehold,Resale
"4 BHK Flat  for Sale in  Prince Anwar Shah Road, Kolkata",₹8 Cr ,"₹22,173 per sqft ",3608 sqft,Ready to Move,5,25 out of 35,"Garden/Park, Main Road",South,,2,South City,Freehold,Resale
"4 BHK Flat  for Sale in  New Town, Kolkata",₹2.85 Cr ,"₹12,599 per sqft ",1508 sqft,Ready to Move,5,19 out of 20,"Garden/Park, Pool, Main Road",South,2 Covered,2,PS ONE10,Freehold,Resale
"2 BHK Flat  for Sale in  Southern Bypass, Kolkata",₹55 Lac ,"₹6,011 per sqft ",915 sqft,Ready to Move,2,12 out of 13,Main Road,South,1 Covered,1,Siddha Suburbia,Freehold,Resale
"4 BHK Flat  for Sale in  Patuli, Kolkata",₹1.45 Cr ,"₹9,972 per sqft ",1454 sqft,Ready to Move,3,12 out of 18,"Pool, Garden/Park, Main Road",East,,2,Unimark Lakewood Estate,Freehold,Resale
"2 BHK Flat  for Sale in  Rajarhat, Kolkata",₹67.1 Lac ,,586 sqft,,2,,Main Road,South,,1,Siddha Serena,Freehold,New Property
"3 BHK Flat  for Sale in  Rajarhat, Kolkata",₹1.48 Cr ,"₹8,022 per sqft ",1845 sqft,Ready to Move,3,12 out of 25,Garden/Park,South,2 Covered,2,DLF New Town Heights,Freehold,Resale
"5 BHK Flat  for Sale in  Rajarhat, Kolkata",₹3.20 Cr ,"₹9,440 per sqft ",3390 sqft,Ready to Move,2,17 out of 18,,West,,2,Sunrise Symphony,Freehold,Resale
"3 BHK Flat  for Sale in  Rajarhat, Kolkata",₹96 Lac ,"₹7,980 per sqft ",782 sqft,,3,9 out of 14,"Garden/Park, Pool, Main Road",South - East,1 Covered,1,Loharuka Urban Vista,Freehold,New Property
"2 BHK Flat  for Sale in  Narendrapur Rajpur Sonarpur, Kolkata",₹42.5 Lac ,"₹5,006 per sqft ",680 sqft,Ready to Move,2,2 out of 4,"Garden/Park, Main Road",East,1 Covered,1,Sherwood Estate,Freehold,Resale
"3 BHK Flat  for Sale in  Barrackpore Trunk Road, Kolkata",₹91 Lac ,"₹7,000 per sqft ",1300 sqft,,2,,"Pool, Garden/Park, Main Road",South - East,,2,Orbit Tarang,Freehold,New Property
"3 BHK Flat  for Sale in  Rajpur Sonarpur, Kolkata",₹42.4 Lac ,"₹5,815 per sqft ",729 sqft,Ready to Move,2,2 out of 4,Main Road,South,,1,Prudent Amara,Freehold,New Property
"3 BHK Flat  for Sale in  Bag Bazar Colony Manicktala, Kolkata",₹2.10 Cr ,"₹10,422 per sqft ",1700 sqft,Ready to Move,3,7 out of 18,"Garden/Park, Main Road",South,1 Covered,2,Gangotri The Rise,Freehold,Resale
"3 BHK Flat  for Sale in  Prince Anwar Shah Road, Kolkata",₹2 Cr ,,2100 sqft,Ready to Move,3,12 out of 17,Main Road,South -West,,1,Estelle,Freehold,Resale
"3 BHK Flat  for Sale in  Rajarhat, Kolkata",₹52 Lac ,,1300 sqft,Ready to Move,3,4 out of 5,"Garden/Park, Main Road",South - East,,2,Smart Homes,Freehold,Resale
"3 BHK Flat  for Sale in  Tangra, Kolkata",₹2.06 Cr ,,1195 sqft,,2,4 out of 24,Garden/Park,North,"1 Covered,",1,Merlin X,Freehold,New Property
"4 BHK Flat  for Sale in  New Town, Kolkata",₹3.45 Cr ,"₹13,367 per sqft ",2581 sqft,,3,15 out of 21,"Garden/Park, Pool, Main Road",South - East,2 Covered,2,Srijan Town Square,,New Property
"3 BHK Flat  for Sale in  Tollygunge, Kolkata",₹1.20 Cr ,"₹8,032 per sqft ",1494 sqft,Ready to Move,2,2 out of 7,Garden/Park,East,,2,Rajat Windsor,Freehold,Resale
"4 BHK Flat  for Sale in  Kona Expressway, Kolkata",₹85 Lac ,"₹5,862 per sqft ",1250 sqft,Ready to Move,4,1 out of 4,Main Road,South - East,,4,VIP PLAZA,Freehold,Resale
"2 BHK Flat  for Sale in  New Town, Kolkata",₹1.35 Cr ,"₹11,739 per sqft ",780 sqft,Ready to Move,1,14 out of 20,"Main Road, Garden/Park",North,,1,PS ONE10,Freehold,Resale
"3 BHK Flat  for Sale in  Garia, Kolkata",₹71 Lac ,"₹5,112 per sqft ",1389 sqft,Ready to Move,2,3 out of 5,"Garden/Park, Pool, Main Road",South - East,,2,Eden Pavilion,Freehold,Resale
"3 BHK Flat  for Sale in  Joka, Kolkata",₹52 Lac ,"₹4,235 per sqft ",900 sqft,Ready to Move,2,13 out of 14,Main Road,North - West,,1,Genexx Valley,Freehold,Resale
"2 BHK Flat  for Sale in  Hanspukur Joka, Kolkata",₹55 Lac ,"₹6,173 per sqft ",668 sqft,Ready to Move,2,5 out of 12,"Pool, Garden/Park, Main Road",North - East,1 Covered,2,Godrej Seven,Freehold,Resale
"4 BHK Flat  for Sale in  New Town, Kolkata",₹5.70 Cr ,,3029 sqft,Ready to Move,4,11 out of 23,,South - East,2 Covered,3,Anik One Rajarhat,Freehold,Resale
"2 BHK Flat  for Sale in  New Alipore, Kolkata",₹58 Lac ,"₹6,304 per sqft ",800 sqft,Ready to Move,2,8 out of 13,"Pool, Garden/Park, Main Road",South - East,,1,South City Garden,Freehold,Resale
"3 BHK Flat  for Sale in  Action Area 3, Kolkata",₹53 Lac ,"₹5,882 per sqft ",690 sqft,Ready to Move,2,7 out of 14,"Garden/Park, Main Road",North,,1,Shapoorji Pallonji Housing Complex,Freehold,Resale
"3 BHK Flat  for Sale in  Rajarhat, Kolkata",₹66 Lac ,"₹8,108 per sqft ",720 sqft,,2,7 out of 13,Garden/Park,South - East,1 Covered,1,Loharuka Urban Vista,Freehold,New Property
"3 BHK Flat  for Sale in  Raja Subodh Chandra Mallick Road, Kolkata",₹98 Lac ,"₹7,259 per sqft ",1350 sqft,Ready to Move,2,2 out of 5,Main Road,South - East,,1,Devaloke Fort,Freehold,Resale
"3 BHK Flat  for Sale in  New Town, Kolkata",₹1.35 Cr ,"₹8,682 per sqft ",1089 sqft,Ready to Move,3,19 out of 19,"Garden/Park, Pool",North - West,,1,Tata Eden Court,Freehold,Resale
"4 BHK Flat  for Sale in  New Town, Kolkata",₹2.99 Cr ,"₹12,537 per sqft ",1651 sqft,Ready to Move,4,5 out of 20,"Garden/Park, Main Road",East,2 Covered,7,TATA Avenida,Freehold,Resale
"2 BHK Flat  for Sale in  Lake Town, Kolkata",₹59.9 Lac ,"₹6,300 per sqft ",665 sqft,Ready to Move,2,2 out of 4,Main Road,North - East,,1,Lake Town Block A,Freehold,New Property
"3 BHK Flat  for Sale in  Entally, Kolkata",₹2.55 Cr ,"₹16,865 per sqft ",1512 sqft,,2,20 out of 32,"Garden/Park, Main Road",South,,1,Sugam Niavara,Freehold,New Property
"3 BHK Flat  for Sale in  Action Area 1, Kolkata",₹1.01 Cr ,"₹6,401 per sqft ",1578 sqft,Ready to Move,3,1 out of 14,"Garden/Park, Pool, Main Road",East,1 Open,2,NBCC Vibgyor Towers,Freehold,Resale
"3 BHK Flat  for Sale in  Beleghata, Kolkata",₹1.20 Cr ,"₹8,843 per sqft ",1357 sqft,Ready to Move,3,4 out of 13,,,1 Covered,,Sureka Sunrise Towers,,Resale
"3 BHK Flat  for Sale in  Ajoy Nagar Santoshpur, Kolkata",₹3 Cr ,"₹17,889 per sqft ",1233 sqft,Ready to Move,3,18 out of 46,Main Road,South - East,1 Covered,2,Bengal Peerless Avidipta Phase 2,Freehold,Resale
"2 BHK Flat  for Sale in  Action Area 3, Kolkata",₹77 Lac ,"₹8,054 per sqft ",956 sqft,Ready to Move,2,8 out of 15,Garden/Park,North - East,,1,Uniworld City,Freehold,New Property
"3 BHK Flat  for Sale in  Kaikhali, Kolkata",₹64.8 Lac ,"₹4,700 per sqft ",1378 sqft,Ready to Move,2,2 out of 2,Main Road,East,1 Covered,2,Urban Home Vatika,Freehold,New Property
"2 BHK Flat  for Sale in  Action Area 3, Kolkata",₹80 Lac ,"₹8,368 per sqft ",956 sqft,Ready to Move,2,14 out of 15,Garden/Park,North,1 Open,1,Uniworld City,Freehold,Resale
"2 BHK Flat  for Sale in  Rajarhat, Kolkata",₹72 Lac ,"₹7,407 per sqft ",790 sqft,Ready to Move,2,6 out of 23,Garden/Park,South - East,,1,Rishi Pranaya,Freehold,Resale
"3 BHK Flat  for Sale in  Action Area 1, Kolkata",₹2.50 Cr ,"₹17,544 per sqft ",996 sqft,Ready to Move,3,1 out of 20,Garden/Park,North,1 Covered,3,PS ONE10,Freehold,Resale
"2 BHK Flat  for Sale in  Ballygunge, Kolkata",₹1 Cr ,"₹8,333 per sqft ",1200 sqft,Ready to Move,2,6 out of 10,Main Road,South - East,,1,Saptaparni Apartment,Freehold,Resale
"2 BHK Flat  for Sale in  Konnagar, Kolkata",₹46.3 Lac ,"₹4,750 per sqft ",975 sqft,Ready to Move,2,2 out of 12,"Garden/Park, Pool",South -West,1 Covered,1,Sugam Urban Lakes Phase I,Freehold,New Property
"4 BHK Flat  for Sale in  Eastern Metropolitan Bypass, Kolkata",₹7.25 Cr ,"₹21,193 per sqft ",3421 sqft,Ready to Move,4,14 out of 27,Garden/Park,East,,1,Amaya Altius,Freehold,Resale
"5 BHK Flat  for Sale in  New Town, Kolkata",₹4.75 Cr ,"₹12,179 per sqft ",2800 sqft,Ready to Move,5,7 out of 21,"Garden/Park, Pool",East,,3,PS ONE10,Freehold,New Property
"5 BHK Flat  for Sale in  Tollygunge, Kolkata",₹3.70 Cr ,"₹10,090 per sqft ",3000 sqft,Ready to Move,4,19 out of 19,"Garden/Park, Pool, Main Road",West,"2 Covered,",2,Sugam Morya Phase 1,Freehold,Resale
"3 BHK Flat  for Sale in  Shyamnagar, Kolkata",₹1.32 Cr ,"₹8,684 per sqft ",1500 sqft,Ready to Move,2,13 out of 17,Main Road,South -West,,2,Alcove 32,Freehold,Resale
"3 BHK Flat  for Sale in  Eastern Metropolitan Bypass, Kolkata",₹2.20 Cr ,"₹14,360 per sqft ",1027 sqft,Ready to Move,2,12 out of 16,"Garden/Park, Main Road",South,1 Covered,1,Natural Utopia,Freehold,Resale
"4 BHK Flat  for Sale in  Park Street Area, Kolkata",₹45 Cr ,"₹56,250 per sqft ",6000 sqft,Ready to Move,4,15 out of 65,Main Road,South - East,3 Covered,2,The 42 Kolkata,Freehold,Resale
"3 BHK Flat  for Sale in  Sector 5 Salt Lake City, Kolkata",₹2.20 Cr ,"₹14,696 per sqft ",1047 sqft,Ready to Move,2,20 out of 22,Garden/Park,South - East,1 Covered,2,Merlin 5th Avenue,Freehold,Resale
"4 BHK Flat  for Sale in  Ballygunge Place, Ballygunge, Kolkata",₹10 Cr ,"₹23,652 per sqft ",2500 sqft,Ready to Move,4,4 out of 14,"Garden/Park, Pool, Main Road",North - East,2 Covered,4,Forum Footprints,Freehold,Resale
"3 BHK Flat  for Sale in  Netaji Subhash Chandra Bose Road, Kolkata",₹1 Cr ,"₹6,211 per sqft ",1610 sqft,Ready to Move,3,Ground out of 2,,South -West,,1,Regent Colony,Freehold,Resale
"3 BHK Flat  for Sale in  Santoshpur, Kolkata",₹1.65 Cr ,"₹9,910 per sqft ",1665 sqft,Ready to Move,3,6 out of 12,Garden/Park,South - East,,2,Udita the Condoville,Freehold,Resale
"3 BHK Flat  for Sale in  Tollygunge, Kolkata",₹45 Lac ,"₹3,664 per sqft ",1050 sqft,Ready to Move,2,4 out of 4,Garden/Park,North - East,1 Covered,1,Eden Tolly Lakeside,Freehold,Resale
"2 BHK Flat  for Sale in  Eastern Metropolitan Bypass, Kolkata",₹95 Lac ,"₹7,851 per sqft ",926 sqft,Ready to Move,2,8 out of 18,Garden/Park,East,,3,Upohar The Condoville,Freehold,Resale
"4 BHK Flat  for Sale in  Block A Alipore, Kolkata",₹13.50 Cr ,"₹26,601 per sqft ",3443 sqft,Ready to Move,4,2 out of 2,"Garden/Park, Pool, Main Road",South -West,5 Covered,2,Godrej Platinum,Freehold,Resale
"3 BHK Flat  for Sale in  Thakurpukur, Kolkata",₹65 Lac ,,1285 sqft,Ready to Move,3,4 out of 4,Main Road,South - East,,1,Eden Tolly Signature Plus,Freehold,Resale
"3 BHK Flat  for Sale in  Survey Park, Kolkata",₹1.10 Cr ,"₹8,703 per sqft ",900 sqft,Ready to Move,2,6 out of 17,,South,1 Covered,1,Hiland Park,Freehold,Resale
"2 BHK Flat  for Sale in  Tollygunge, Kolkata",₹85 Lac ,"₹7,113 per sqft ",1000 sqft,Ready to Move,2,3 out of 5,Garden/Park,South - East,1 Covered,1,Duke Residency,Freehold,Resale
"3 BHK Flat  for Sale in  Action Area 3, Kolkata",₹56.5 Lac ,"₹6,271 per sqft ",901 sqft,Ready to Move,2,12 out of 14,"Garden/Park, Main Road",North - West,1 Open,1,Shapoorji Paloonji Sukhobristi,Freehold,Resale
"2 BHK Flat  for Sale in  Uttarpara Chinsurah, Kolkata",₹30 Lac ,"₹4,762 per sqft ",630 sqft,Ready to Move,2,12 out of 18,"Pool, Garden/Park, Main Road",South - East,,1,Shriram Sunshine One,Freehold,New Property
"2 BHK Flat  for Sale in  Thakurpukur, Kolkata",₹32 Lac ,"₹4,124 per sqft ",470 sqft,Ready to Move,2,1 out of 4,Main Road,South - East,,1,Joka Metro City,Freehold,Resale
"3 BHK Flat  for Sale in  Action Area 3, Kolkata",₹95 Lac ,"₹7,749 per sqft ",1226 sqft,Ready to Move,2,6 out of 15,Garden/Park,South - East,1 Covered,2,Unitech Uniworld City,Freehold,Resale
"4 BHK Flat  for Sale in  Anandapur, Kolkata",₹6 Cr ,"₹16,667 per sqft ",3600 sqft,Ready to Move,4,,Garden/Park,South - East,2 Covered,1,Swarna Mani,Freehold,New Property
"3 BHK Flat  for Sale in  Nayapatty, Kolkata",₹1.50 Cr ,"₹10,601 per sqft ",1100 sqft,Ready to Move,3,15 out of 30,"Garden/Park, Pool",South - East,1 Covered,2,Panache,Freehold,Resale
"3 BHK Flat  for Sale in  Rajarhat, Kolkata",₹2.50 Cr ,"₹11,111 per sqft ",2250 sqft,Ready to Move,3,,"Garden/Park, Main Road",North - East,2 Covered,2,Vatika The V,Freehold,New Property
"3 BHK Flat  for Sale in  New Alipore, Kolkata",₹2.39 Cr ,"₹11,131 per sqft ",1500 sqft,,2,12 out of 24,"Garden/Park, Pool, Main Road",East,1 Covered,1,Godrej Blue,,New Property
"3 BHK Flat  for Sale in  Rajarhat, Kolkata",₹1.65 Cr ,"₹7,876 per sqft ",1650 sqft,Ready to Move,4,5 out of 19,"Garden/Park, Main Road",South - East,,3,Unitech Garden,Freehold,Resale
"2 BHK Flat  for Sale in  Southern Bypass, Kolkata",₹41 Lac ,"₹4,121 per sqft ",995 sqft,Ready to Move,2,5 out of 14,"Garden/Park, Main Road",East,1 Covered,,Siddha Suburbia,Freehold,New Property
"4 BHK Flat  for Sale in  Ballygunge Circular Road, Kolkata",₹12.50 Cr ,"₹31,831 per sqft ",3927 sqft,Ready to Move,4,7 out of 16,Main Road,South - East,3 Covered,2,Mani Tirumani,Freehold,Resale
"2 BHK Flat  for Sale in  Andul, Kolkata",₹24.5 Lac ,"₹3,500 per sqft ",560 sqft,Ready to Move,2,1 out of 1,Main Road,South - East,,1,Samarpeet Apartment,Freehold,New Property
"3 BHK Flat  for Sale in  Rajarhat, Kolkata",₹85 Lac ,"₹5,270 per sqft ",1613 sqft,Ready to Move,3,6 out of 7,Main Road,East,1 Covered,1,Saltee Splendora,Freehold,Resale
"2 BHK Flat  for Sale in  Tollygunge, Kolkata",₹1.12 Cr ,"₹8,000 per sqft ",908 sqft,Ready to Move,2,1 out of 10,"Garden/Park, Main Road",South,1 Covered,1,Balasaria Ambika Icon,Power Of Attorney,Resale
"4 BHK Flat  for Sale in  Tollygunge, Kolkata",₹4.25 Cr ,"₹17,978 per sqft ",2364 sqft,Ready to Move,3,,,South,3 Covered,1,Mani Vista,Freehold,Resale
"2 BHK Flat  for Sale in  Rajarhat, Kolkata",₹75 Lac ,"₹8,152 per sqft ",890 sqft,Ready to Move,2,,"Garden/Park, Main Road",South,1 Covered,1,Siddha Galaxia Phase I,Freehold,Resale
"2 BHK Flat  for Sale in  Narendrapur Rajpur Sonarpur, Kolkata",₹35 Lac ,"₹3,507 per sqft ",998 sqft,Ready to Move,2,1 out of 6,Garden/Park,North - East,1 Open,1,Shree Ganeshaya Infra SGIL Gardenia,Freehold,Resale
"2 BHK Flat  for Sale in  Chinar Park, Rajarhat, Kolkata",₹80 Lac ,"₹6,400 per sqft ",1250 sqft,Ready to Move,2,4 out of 5,,,,1,Green Vista,,Resale
"6 BHK Flat  for Sale in  College Street Area, Kolkata",₹1.30 Cr ,"₹4,815 per sqft ",2300 sqft,Ready to Move,3,1 out of 5,,,,,Gopal Bhawan,Leasehold,Resale
"3 BHK Flat  for Sale in  Barrackpore Trunk Road, Kolkata",₹61.5 Lac ,"₹6,065 per sqft ",1014 sqft,Ready to Move,2,11 out of 14,"Pool, Garden/Park, Main Road",South,,2,Godrej Prakriti,Freehold,Resale
"1 BHK Flat  for Sale in  Tollygunge, Kolkata",₹40 Lac ,,700 sqft,Ready to Move,1,6 out of 6,,,,,Pressman Apartment,,Resale
"3 BHK Flat  for Sale in  Block J Action Area 3, Kolkata",₹1.89 Cr ,"₹8,591 per sqft ",2200 sqft,Ready to Move,3,14 out of 21,,,,2,Uniworld City,,Resale
"3 BHK Flat  for Sale in  Sealdah, Raja Bazar, Kolkata",₹2.20 Cr ,"₹12,979 per sqft ",1695 sqft,Ready to Move,3,12 out of 23,,,,1,Ideal Heights,,Resale
2 BHK Flat  for Sale in   Kolkata,₹62 Lac ,"₹6,667 per sqft ",930 sqft,Ready to Move,2,4 out of 4,Main Road,North - East,,1,,Freehold,New Property
"2 BHK Flat  for Sale in  Rajpur, Kolkata",₹24.8 Lac ,"₹2,477 per sqft ",799 sqft,Ready to Move,2,2 out of 4,,,,1,Tirupati Paradise,Freehold,Resale
"2 BHK Flat  for Sale in  Barrackpore, Kolkata",₹22 Lac ,"₹3,212 per sqft ",685 sqft,Ready to Move,1,3 out of 3,Main Road,North - West,,,,Freehold,Resale
"2 BHK Flat  for Sale in  New Town, Kolkata",₹65 Lac ,"₹7,096 per sqft ",916 sqft,Ready to Move,2,1 out of 11,,,,,Greenfield Elegance,,Resale
"4 BHK Flat  for Sale in  Southern Avenue, Kolkata",₹3.10 Cr ,"₹12,653 per sqft ",2450 sqft,,3,3 out of 4,Main Road,East,,2,,Freehold,New Property
3 BHK Flat  for Sale in   Kolkata,₹1.35 Cr ,"₹6,923 per sqft ",1950 sqft,Ready to Move,2,1 out of 4,Main Road,South - East,,1,,Freehold,Resale
"2 BHK Flat  for Sale in  Gopalpur, Kolkata",₹43.8 Lac ,"₹4,500 per sqft ",717 sqft,,2,1 out of 4,Main Road,North - West,,1,,Freehold,New Property
"3 BHK Flat  for Sale in  Ballygunge, Kolkata",₹2.01 Cr ,"₹10,291 per sqft ",1958 sqft,,3,4 out of 7,,,,,Multicon Narayani,,New Property
"4 BHK Flat  for Sale in  Ballygunge, Kolkata",₹1.96 Cr ,"₹9,300 per sqft ",2109 sqft,,4,2 out of 7,,,,,Multicon Narayani,,New Property
"2 BHK Flat  for Sale in  Rajpur, Kolkata",₹29.1 Lac ,"₹3,350 per sqft ",869 sqft,,2,1 out of 1,,,,,Salarpuria Suncrest Estate,,New Property
"2 BHK Flat  for Sale in  Maheshtala, Kolkata",₹31.3 Lac ,"₹3,500 per sqft ",895 sqft,,2,1 out of 14,,,,,HILAND ELGIN,,New Property
"4 BHK Flat  for Sale in  Shakespeare Sarani, Kolkata",₹4.35 Cr ,"₹18,125 per sqft ",2400 sqft,,4,12 out of 15,,,,,Aspirations Aloft,,New Property
"4 BHK Flat  for Sale in  Shakespeare Sarani, Kolkata",₹4.28 Cr ,"₹18,500 per sqft ",2315 sqft,,4,8 out of 14,,,,,Aspirations Aloft,,New Property
"3 BHK Flat  for Sale in  Ballygunge, Kolkata",₹1.82 Cr ,"₹9,301 per sqft ",1959 sqft,,3,3 out of 7,,,,,Multicon Narayani,,New Property
"3 BHK Flat  for Sale in  Loudon Street, Kolkata",₹6.25 Cr ,"₹17,483 per sqft ",3575 sqft,Ready to Move,4,6 out of 22,,,,,Loudon Star,,Resale
"2 BHK Flat  for Sale in  New Town, Kolkata",₹37.4 Lac ,"₹4,299 per sqft ",870 sqft,,2,6 out of 10,,,,,The Banyan The Sky Garden,,New Property
"5 BHK Flat  for Sale in  Howrah, Kolkata",₹2 Cr ,"₹8,584 per sqft ",1945 sqft,Ready to Move,3,2 out of 8,Main Road,East,,3,Vindhyachal Apartment,Freehold,Resale
"3 BHK Flat  for Sale in  Rajarhat, Kolkata",₹8 Cr ,"₹61,115 per sqft ",1309 sqft,Ready to Move,2,8 out of 10,,,,,Dream Purti Star,,Resale
"3 BHK Flat  for Sale in  Action Area 3, Kolkata",₹75 Lac ,"₹6,862 per sqft ",1093 sqft,,2,1 out of 3,,,,,Neelkanth Chitrakut Heights,,New Property
"3 BHK Flat  for Sale in  Thakurpukur, Kolkata",₹51.4 Lac ,"₹3,800 per sqft ",1353 sqft,Ready to Move,2,4 out of 7,,,,,Gloaming Barsana Oasis,,New Property
"2 BHK Flat  for Sale in  Madhyamgram, Kolkata",₹30 Lac ,"₹3,534 per sqft ",849 sqft,,2,1 out of 11,,,,,Rishi Ventoso,,New Property
"2 BHK Flat  for Sale in  New Town, Kolkata",₹37.4 Lac ,"₹4,300 per sqft ",870 sqft,,2,4 out of 10,,,,,The Banyan The Sky Garden,,New Property
"2 BHK Flat  for Sale in  Madhyamgram, Kolkata",₹29.6 Lac ,"₹3,485 per sqft ",849 sqft,,2,1 out of 11,,,,,Rishi Ventoso,,New Property
"2 BHK Flat  for Sale in  Ultadanga, Kolkata",₹76 Lac ,"₹7,143 per sqft ",1064 sqft,Ready to Move,2,1 out of 11,,,,,Northern Heights,,Resale
"2 BHK Flat  for Sale in  Tollygunge, Kolkata",₹40 Lac ,"₹4,499 per sqft ",889 sqft,Ready to Move,2,2 out of 4,,,,,Eden Tolly Signature Plus,,Resale
"2 BHK Flat  for Sale in  Rajarhat, Kolkata",₹1 Cr ,"₹9,259 per sqft ",980 sqft,Ready to Move,2,2 out of 8,,North,,1,Salarpuria Silver Oak Estate,Freehold,Resale
"3 BHK Flat  for Sale in  Manoharpukur, Kolkata",₹2.25 Cr ,"₹12,857 per sqft ",1750 sqft,Ready to Move,3,1 out of 4,Main Road,South - East,1 Covered,1,,Freehold,New Property
"4 BHK Flat  for Sale in  Tangra, Kolkata",₹2.75 Cr ,"₹6,554 per sqft ",4196 sqft,Ready to Move,4,20 out of 20,,,,1,Ruchi Active Acres Angelica,,Resale
"2 BHK Flat  for Sale in  Barrackpore Trunk Road, Kolkata",₹65 Lac ,"₹9,834 per sqft ",661 sqft,,2,18,,,,,Signum Sampurna,,Resale
"3 BHK Flat  for Sale in  Rajarhat, Kolkata",₹52 Lac ,"₹4,426 per sqft ",1175 sqft,Ready to Move,2,9 out of 10,,,1 Covered,1,Magnolia Oxygen,,Resale
"3 BHK Flat  for Sale in  Patuli, Kolkata",₹65 Lac ,"₹5,417 per sqft ",1080 sqft,Ready to Move,2,4 out of 4,Main Road,South,,1,,Freehold,Resale
"3 BHK Flat  for Sale in  Mahish Bathan, Kolkata",₹1.42 Cr ,"₹9,627 per sqft ",1475 sqft,Ready to Move,3,18 out of 25,Pool,South,1 Open,1,,Freehold,Resale
"2 BHK Flat  for Sale in  Rajarhat, Kolkata",₹1.20 Cr ,"₹6,985 per sqft ",1718 sqft,Ready to Move,2,3 out of 26,,,,,Shrachi Restello,,Resale
"3 BHK Flat  for Sale in  Garia, Kolkata",₹46 Lac ,"₹3,217 per sqft ",1430 sqft,Ready to Move,2,2 out of 4,,,,,Regent Sonarpur,,Resale
"2 BHK Flat  for Sale in  Garia, Kolkata",₹30 Lac ,"₹3,268 per sqft ",918 sqft,Ready to Move,2,1 out of 5,,,,,Regent Sonarpur,,Resale
"2 BHK Flat  for Sale in  Madhyamgram, Kolkata",₹28 Lac ,"₹3,111 per sqft ",900 sqft,Ready to Move,2,Ground out of 4,,,,,Mira Garden,,Resale
"2 BHK Flat  for Sale in  Joka, Kolkata",₹26.1 Lac ,"₹3,500 per sqft ",745 sqft,,2,3 out of 5,Garden/Park,East,2 Covered,1,,Freehold,New Property
"3 BHK Flat  for Sale in  New Town, Kolkata",₹1.70 Cr ,"₹10,507 per sqft ",1618 sqft,Ready to Move,3,13 out of 23,"Garden/Park, Main Road",,,1,Mani Casa,Freehold,Resale
"3 BHK Flat  for Sale in  Jessore Road, Kolkata",₹2.30 Cr ,"₹11,979 per sqft ",1920 sqft,Ready to Move,3,12 out of 13,Garden/Park,North - East,1 Covered,3,Emami City,Freehold,Resale
"3 BHK Flat  for Sale in  Mukundapur, Kolkata",₹1.65 Cr ,"₹9,874 per sqft ",1200 sqft,Ready to Move,2,2 out of 17,,,,2,WB Avidipta,,Resale
"2 BHK Flat  for Sale in  Block EE Sector 2, Kolkata",₹83 Lac ,"₹9,222 per sqft ",850 sqft,Ready to Move,2,1 out of 4,,,,1,Sourav Abasan,,Resale
"2 BHK Flat  for Sale in  New Garia Station Road, Kolkata",₹48 Lac ,"₹5,486 per sqft ",875 sqft,Ready to Move,2,2 out of 4,Main Road,East,,1,,Freehold,Resale
"3 BHK Flat  for Sale in  Maheshtala, Kolkata",₹44 Lac ,"₹3,195 per sqft ",1377 sqft,Ready to Move,3,3 out of 14,,,,1,Eden City Maheshtala,,Resale
"2 BHK Flat  for Sale in  Joka, Kolkata",₹60 Lac ,"₹7,229 per sqft ",830 sqft,,2,2 out of 15,,,,,Godrej Seven,,Resale
"2 BHK Flat  for Sale in  Rajarhat, Kolkata",₹40 Lac ,"₹4,848 per sqft ",790 sqft,Ready to Move,2,5 out of 6,,,,1,KRISTI TOWER,,Resale
"2 BHK Flat  for Sale in  Tangra, Kolkata",₹1 Cr ,"₹10,753 per sqft ",930 sqft,Ready to Move,2,9 out of 10,"Pool, Garden/Park",North - West,,2,PS Vinayak Montage,Freehold,Resale
"3 BHK Flat  for Sale in  Santoshpur, Kolkata",₹60 Lac ,"₹5,566 per sqft ",800 sqft,Ready to Move,2,1 out of 4,Main Road,South -West,,1,,Freehold,Resale
"3 BHK Flat  for Sale in  Shapoorji Pallonji Sukhobrishti Complex Road, Kolkata",₹60 Lac ,"₹6,659 per sqft ",901 sqft,Ready to Move,2,5 out of 13,Garden/Park,East,,1,Shapoorji Paloonji Sukhobristi,Freehold,Resale
"2 BHK Flat  for Sale in  Baranagar, Kolkata",₹26 Lac ,"₹3,250 per sqft ",800 sqft,Ready to Move,2,3 out of 3,,South,,1,,Freehold,Resale
"4 BHK Flat  for Sale in  New Town, Kolkata",₹2.50 Cr ,"₹7,228 per sqft ",2420 sqft,Ready to Move,4,22 out of 23,"Garden/Park, Main Road",South - East,,2,,Freehold,Resale
2 BHK Flat  for Sale in   Kolkata,₹36.6 Lac ,"₹4,500 per sqft ",814 sqft,Ready to Move,2,2 out of 3,,South - East,,,,Freehold,Resale
"2 BHK Flat  for Sale in  Bally, Kolkata",₹48 Lac ,"₹4,057 per sqft ",1183 sqft,Ready to Move,2,2 out of 5,,,,1,,,Resale
"2 BHK Flat  for Sale in  Paikpara, Kolkata",₹1.10 Cr ,"₹7,801 per sqft ",1086 sqft,Ready to Move,2,16 out of 17,Main Road,North,,1,Meridian Splendora,Freehold,Resale
"2 BHK Flat  for Sale in  Pashupati Bhattacharya Road, Kolkata",₹48 Lac ,"₹4,800 per sqft ",750 sqft,,2,3 out of 3,Main Road,East,,1,,Freehold,New Property
"2 BHK Flat  for Sale in  Bagnan Amta Road, Kolkata",₹30 Lac ,"₹3,000 per sqft ",800 sqft,Ready to Move,2,2 out of 5,Main Road,,4 Open,1,,Freehold,Resale
2 BHK Flat  for Sale in   Kolkata,₹31 Lac ,"₹3,875 per sqft ",800 sqft,Ready to Move,2,3 out of 3,,,,,,,Resale
"2 BHK Flat  for Sale in  Andul Mauri, Kolkata",₹39.5 Lac ,"₹3,821 per sqft ",1035 sqft,,1,1,,,,,,,Resale
"3 BHK Flat  for Sale in  Rajarhat, Kolkata",₹65 Lac ,"₹6,500 per sqft ",750 sqft,Ready to Move,2,2 out of 4,"Pool, Garden/Park",South - East,,2,Realtech The Indianaq,Freehold,Resale
"2 BHK Flat  for Sale in  Tollygunge, Kolkata",₹51 Lac ,"₹5,835 per sqft ",699 sqft,Ready to Move,2,5 out of 6,,,,2,Nirmal Enclave,,Resale
"3 BHK Flat  for Sale in  Rajarhat, Kolkata",₹55 Lac ,"₹4,583 per sqft ",1200 sqft,Ready to Move,2,3 out of 5,,West,,1,Biswanath Dham,,Resale
"2 BHK Flat  for Sale in  Bireshpally Madhyamgram, Kolkata",₹24 Lac ,"₹3,226 per sqft ",744 sqft,Ready to Move,2,1 out of 4,,,,2,,,Resale
"2 BHK Flat  for Sale in  Bijoygarh Golf Green, Kolkata",₹45 Lac ,"₹4,891 per sqft ",920 sqft,Ready to Move,2,3 out of 3,,,,,,,Resale
"2 BHK Flat  for Sale in  Baghajatin Road, Kolkata",₹51 Lac ,"₹5,346 per sqft ",954 sqft,Ready to Move,2,1 out of 3,,South -West,,1,,Freehold,Resale
"2 BHK Flat  for Sale in  Rajarhat, Kolkata",₹70 Lac ,"₹7,143 per sqft ",765 sqft,Ready to Move,2,3 out of 4,,,,1,Salarpuria Pearl,,Resale
"3 BHK Flat  for Sale in  Rajpur Sonarpur, Kolkata",₹1 Cr ,"₹7,899 per sqft ",973 sqft,Ready to Move,2,5 out of 12,Pool,South - East,1 Open,1,Primarc Southwinds,Freehold,Resale
"2 BHK Flat  for Sale in  Barrackpore, Kolkata",₹28 Lac ,"₹3,294 per sqft ",732 sqft,Ready to Move,2,1 out of 3,,South - East,,1,,Freehold,Resale
"3 BHK Flat  for Sale in  New Town, Kolkata",₹80 Lac ,"₹6,020 per sqft ",1107 sqft,Ready to Move,2,4 out of 4,,,,1,,Co-operative Society,Resale
"3 BHK Flat  for Sale in  Narendrapur Rajpur Sonarpur, Kolkata",₹50 Lac ,"₹3,802 per sqft ",1315 sqft,Ready to Move,2,3 out of 4,,,,,Sugam Sabuj,,Resale
"2 BHK Flat  for Sale in  Bangur Avenue, Lake Town, Kolkata",₹49.5 Lac ,"₹5,742 per sqft ",862 sqft,Ready to Move,2,1 out of 6,,,,,,,Resale
"3 BHK Flat  for Sale in  Chinar Park, Rajarhat, Kolkata",₹1.20 Cr ,"₹7,472 per sqft ",1606 sqft,Ready to Move,2,3 out of 5,"Pool, Main Road",East,1 Covered,4,Kappa Nova,Freehold,Resale
"2 BHK Flat  for Sale in  Lake Gardens, Kolkata",₹20 Lac ,"₹4,000 per sqft ",450 sqft,Ready to Move,1,3 out of 3,,,,1,Stand Alone Building,,Resale
"3 BHK Flat  for Sale in  Kestopur, Kolkata",₹67.5 Lac ,"₹4,470 per sqft ",1350 sqft,Ready to Move,2,4 out of 6,Main Road,North - East,,2,,Freehold,Resale
"2 BHK Flat  for Sale in  Silpara, Purba Barisha, Kolkata",₹45 Lac ,"₹4,945 per sqft ",910 sqft,Ready to Move,2,4 out of 4,"Garden/Park, Main Road",South,,1,,Freehold,Resale
"2 BHK Flat  for Sale in  Tollygunge, Kolkata",₹30 Lac ,"₹4,000 per sqft ",638 sqft,Ready to Move,2,3 out of 4,Main Road,South - East,,,Mrinalini Apartment,Freehold,Resale
"2 BHK Flat  for Sale in  Haridevpur, Paschim Putiary, Kolkata",₹18.5 Lac ,"₹2,580 per sqft ",717 sqft,Ready to Move,2,3 out of 3,,,,1,,,Resale
"2 BHK Flat  for Sale in  Ichapur Howrah, Kolkata",₹30 Lac ,"₹3,774 per sqft ",676 sqft,Ready to Move,2,3 out of 3,,,,1,,,Resale
"3 BHK Flat  for Sale in  Garia, Kolkata",₹68 Lac ,"₹6,314 per sqft ",1077 sqft,Ready to Move,2,4 out of 5,Garden/Park,,,1,Mayukh Apartment,,Resale
"3 BHK Flat  for Sale in  Action Area 2, Kolkata",₹92 Lac ,"₹5,935 per sqft ",1550 sqft,Ready to Move,3,4 out of 4,Main Road,South -West,,2,,Freehold,Resale
"3 BHK Flat  for Sale in  Amtala, Diamond Harbour Road, Kolkata",₹48 Lac ,"₹3,542 per sqft ",1355 sqft,Ready to Move,2,4 out of 4,,,,,Srijan Swapno Puron,,Resale
"1 BHK Flat  for Sale in  Naskar Bagan, Kolkata",₹22 Lac ,"₹4,536 per sqft ",485 sqft,Ready to Move,1,2 out of 4,,,,,,,Resale
"3 BHK Flat  for Sale in  Kabardanga, Kolkata",₹43 Lac ,"₹3,413 per sqft ",1250 sqft,Ready to Move,2,4 out of 4,"Garden/Park, Main Road",South,,1,Viswanath Enclave,Freehold,Resale
"2 BHK Flat  for Sale in  Action Area 1, Kolkata",₹70 Lac ,"₹7,625 per sqft ",850 sqft,Ready to Move,2,1 out of 4,Main Road,North,1 Covered,1,Gurukul Grande,Co-operative Society,Resale
"3 BHK Flat  for Sale in  Noapara, Kolkata",₹45.6 Lac ,"₹3,800 per sqft ",835 sqft,Ready to Move,2,1 out of 5,"Garden/Park, Main Road",South - East,,1,,Freehold,Resale
"3 BHK Flat  for Sale in  Rajarhat, Kolkata",₹1.50 Cr ,"₹11,619 per sqft ",836 sqft,Ready to Move,2,3 out of 14,Garden/Park,North - East,1 Open,2,Siddha Galaxia,Freehold,Resale
"3 BHK Flat  for Sale in  Kankurgachi, Kolkata",₹1.40 Cr ,"₹10,145 per sqft ",880 sqft,Ready to Move,2,4 out of 5,,,,1,Shree Vinayak Enclave,,Resale
"3 BHK Flat  for Sale in  Kustia, Kolkata",₹42 Lac ,"₹4,330 per sqft ",970 sqft,Ready to Move,3,2 out of 4,,,,,,,Resale
"3 BHK Flat  for Sale in  Kankurgachi, Kolkata",₹1.40 Cr ,"₹10,145 per sqft ",880 sqft,Ready to Move,2,4 out of 5,,East,,1,Shree Vinayak Enclave,Freehold,Resale
"1 BHK Flat  for Sale in  Tegharia Baguiati, Kolkata",₹16.5 Lac ,"₹4,714 per sqft ",350 sqft,Ready to Move,1,Ground out of 4,Garden/Park,East,,,Biswanath Abasan,Freehold,Resale
2 BHK Flat  for Sale in   Kolkata,₹45 Lac ,"₹6,618 per sqft ",411 sqft,,2,2 out of 3,Main Road,South - East,,1,,Freehold,Resale
"2 BHK Flat  for Sale in  Action Area 2, Kolkata",₹95 Lac ,"₹7,897 per sqft ",962 sqft,Ready to Move,2,5 out of 5,Garden/Park,South,1 Covered,2,Space Clubtown Gateway,Freehold,Resale
"3 BHK Flat  for Sale in  Nayabad, Kolkata",₹45.2 Lac ,"₹4,500 per sqft ",1004 sqft,Ready to Move,2,2 out of 3,"Garden/Park, Main Road",South,,1,,Freehold,New Property
"3 BHK Flat  for Sale in  Hindustan Park, Gariahat, Kolkata",₹2.60 Cr ,"₹11,818 per sqft ",1650 sqft,Ready to Move,3,3 out of 5,Main Road,East,1 Covered,1,,Freehold,Resale
"3 BHK Flat  for Sale in  Action Area 3, Kolkata",₹1.35 Cr ,"₹8,501 per sqft ",1588 sqft,Ready to Move,3,10 out of 33,Main Road,South -West,1 Covered,2,Sureka Merlin Elita Garden Vista Phase 2,Freehold,Resale
"2 BHK Flat  for Sale in  Bablatala, Gopalpur Gram, Kolkata",₹28.4 Lac ,"₹3,500 per sqft ",810 sqft,Ready to Move,2,1 out of 4,Main Road,East,1 Covered,1,,Freehold,New Property
" Studio Apartment  for Sale in  Rajarhat, Kolkata",₹7.6 Lac ,"₹2,815 per sqft ",217 sqft,,1,2 out of 4,Main Road,South - East,4 Open,1,,Freehold,New Property
"3 BHK Flat  for Sale in  Topsia, Kolkata",₹1.80 Cr ,"₹10,746 per sqft ",1675 sqft,Ready to Move,3,9 out of 11,"Garden/Park, Main Road",South - East,1 Open,2,Arihant Viento,Freehold,Resale
"2 BHK Flat  for Sale in  New Town, Kolkata",₹82 Lac ,"₹6,560 per sqft ",950 sqft,Ready to Move,2,1 out of 4,"Garden/Park, Main Road",South - East,1 Covered,2,Hidco Appartment,Freehold,Resale
"3 BHK Flat  for Sale in  Chiriamore, Kolkata",₹2.25 Cr ,"₹11,538 per sqft ",1300 sqft,Ready to Move,3,18 out of 20,"Garden/Park, Pool",North - East,1 Covered,2,Avishi Trident,Freehold,Resale
"2 BHK Flat  for Sale in  Naktala, Garia, Kolkata",₹36 Lac ,"₹4,500 per sqft ",800 sqft,Ready to Move,1,Ground out of 3,"Garden/Park, Main Road",South - East,,1,,Freehold,Resale
"2 BHK Flat  for Sale in  Howrah, Kolkata",₹40 Lac ,"₹5,340 per sqft ",749 sqft,Ready to Move,2,8 out of 20,Garden/Park,West,,1,Shapoorji Pallonji Joyville Howrah,,Resale
"3 BHK Flat  for Sale in  Action Area 1C, Kolkata",₹1.20 Cr ,"₹7,273 per sqft ",1100 sqft,Ready to Move,2,7 out of 9,Main Road,South - East,"1 Covered,",3,,Co-operative Society,Resale
"3 BHK Flat  for Sale in  Bishnupur Rajarhat, Kolkata",₹40.6 Lac ,"₹3,200 per sqft ",952 sqft,,2,2 out of 4,"Garden/Park, Pool, Main Road",South,1 Covered,2,AV Courtyard,Freehold,New Property
"3 BHK Flat  for Sale in  Bhowanipore, Kolkata",₹1.75 Cr ,"₹13,672 per sqft ",1000 sqft,Ready to Move,2,5 out of 6,Main Road,North,1 Covered,1,,Freehold,Resale
"2 BHK Flat  for Sale in  Behala Thana, Kolkata",₹36 Lac ,"₹4,800 per sqft ",650 sqft,Ready to Move,2,2 out of 3,Main Road,South,1 Covered,1,,Freehold,Resale
2 BHK Flat  for Sale in   Kolkata,₹30 Lac ,"₹3,158 per sqft ",850 sqft,Ready to Move,2,2 out of 4,Main Road,South,,1,,Freehold,Resale
"3 BHK Flat  for Sale in  Dakshin Jagaddal, Kolkata",₹69 Lac ,"₹5,000 per sqft ",1379 sqft,Ready to Move,2,8 out of 19,"Garden/Park, Pool, Main Road",,,2,Rajwada Royal Gardens,Freehold,New Property
"2 BHK Flat  for Sale in  Park Street, Kolkata",₹1.40 Cr ,"₹10,000 per sqft ",1400 sqft,Ready to Move,2,7 out of 10,,South - East,,1,,Freehold,Resale
"2 BHK Flat  for Sale in  Haridevpur, Paschim Putiary, Kolkata",₹60 Lac ,"₹5,455 per sqft ",900 sqft,Ready to Move,2,4 out of 4,Main Road,South -West,1 Covered,1,,Freehold,Resale
"3 BHK Flat  for Sale in  New Alipore, Kolkata",₹2.80 Cr ,"₹14,737 per sqft ",1900 sqft,,3,3 out of 3,Main Road,North,1 Covered,1,,Freehold,New Property
"2 BHK Flat  for Sale in  Sector 5 Salt Lake City, Kolkata",₹1.30 Cr ,"₹12,695 per sqft ",716 sqft,Ready to Move,2,14 out of 18,"Pool, Garden/Park, Main Road",South - East,1 Covered,1,Merlin 5th Avenue,Freehold,Resale
"3 BHK Flat  for Sale in  Uttar Para, Kolkata",₹48 Lac ,"₹5,714 per sqft ",840 sqft,,2,5 out of 18,Garden/Park,North - East,1 Covered,1,Shriram Sunshine 2,Freehold,New Property
"3 BHK Flat  for Sale in  Dum Dum, Kolkata",₹84 Lac ,"₹4,800 per sqft ",1750 sqft,,2,4 out of 6,Main Road,South - East,,1,,Freehold,New Property
"2 BHK Flat  for Sale in  Sector 4 Salt Lake City, Kolkata",₹18 Lac ,"₹2,647 per sqft ",600 sqft,Ready to Move,1,2 out of 4,Main Road,North - East,,1,,Leasehold,New Property
"2 BHK Flat  for Sale in  Garia, Kolkata",₹35.3 Lac ,"₹3,800 per sqft ",930 sqft,Ready to Move,2,2 out of 3,Main Road,South - East,,1,,Freehold,New Property
"3 BHK Flat  for Sale in  Golf Club Road, Tollygunge, Kolkata",₹95 Lac ,"₹8,636 per sqft ",950 sqft,Ready to Move,2,4 out of 4,"Garden/Park, Main Road, Pool",,,2,,,Resale
"3 BHK Flat  for Sale in  New Alipore, Kolkata",₹2.50 Cr ,"₹12,594 per sqft ",1985 sqft,Ready to Move,3,1 out of 5,Main Road,East,,1,,Freehold,New Property
"3 BHK Flat  for Sale in  Mahamaya Tala, Garia, Kolkata",₹1.05 Cr ,"₹7,457 per sqft ",1408 sqft,Ready to Move,3,2 out of 7,Main Road,South - East,1 Covered,2,Exotica Heights,Freehold,Resale
"3 BHK Flat  for Sale in  Rajarhat, Kolkata",₹1.05 Cr ,"₹8,678 per sqft ",1210 sqft,Ready to Move,2,8 out of 11,Main Road,South -West,,2,Ascon Era,Freehold,Resale
"4 BHK Flat  for Sale in  Eastern Metropolitan Bypass, Kolkata",₹2.18 Cr ,"₹8,385 per sqft ",2600 sqft,Ready to Move,4,5 out of 22,"Pool, Garden/Park, Main Road",South - East,,2,Hiland Park,Freehold,Resale
"4 BHK Flat  for Sale in  Mali Bagan Kaikhali, Kolkata",₹84.6 Lac ,"₹5,845 per sqft ",940 sqft,Ready to Move,3,1 out of 5,,North - West,,1,Royal Regency Phase 3,,Resale
"3 BHK Flat  for Sale in  Naktala, Garia, Kolkata",₹1.40 Cr ,"₹8,358 per sqft ",1675 sqft,Ready to Move,2,2 out of 4,Main Road,South - East,,1,,Freehold,Resale
"3 BHK Flat  for Sale in  New Town, Kolkata",₹95 Lac ,,1250 sqft,Ready to Move,2,2 out of 4,Garden/Park,North - East,,2,,,New Property
"2 BHK Flat  for Sale in  Bhowanipore, Kolkata",₹1.20 Cr ,"₹10,435 per sqft ",1150 sqft,Ready to Move,2,3 out of 4,Main Road,North,,1,,Freehold,Resale
"2 BHK Flat  for Sale in  North 24 Parganas, Kolkata",₹15 Lac ,"₹1,953 per sqft ",768 sqft,Ready to Move,1,2 out of 5,,,,1,,Freehold,Resale
"3 BHK Flat  for Sale in  Belghoria Expressway, Kolkata",₹80 Lac ,"₹6,154 per sqft ",1300 sqft,Ready to Move,2,6 out of 7,Garden/Park,North,,4,Kosmic North Grande,,Resale
"1 BHK Flat  for Sale in  Jessore Road, Kolkata",₹40 Lac ,"₹7,299 per sqft ",548 sqft,Ready to Move,1,2 out of 4,,,,1,Srijan Midlands,,Resale
"3 BHK Flat  for Sale in  Barrackpore Trunk Road, Kolkata",₹95 Lac ,"₹8,348 per sqft ",1138 sqft,Ready to Move,2,8 out of 25,,,,1,Siddha Eden Lakeville,,Resale
"2 BHK Flat  for Sale in  Howrah, Kolkata",₹35 Lac ,,832 sqft,Ready to Move,2,2 out of 6,"Garden/Park, Pool, Main Road",,,1,BG Bally Lake County,,Resale
"2 BHK Flat  for Sale in  Andul Road, Kolkata",₹20 Lac ,"₹2,353 per sqft ",850 sqft,Ready to Move,2,2 out of 4,"Garden/Park, Main Road",South,"20 Covered,",1,,Freehold,New Property
"2 BHK Flat  for Sale in  Tollygunge Phari, Kolkata",₹50 Lac ,"₹5,882 per sqft ",850 sqft,Ready to Move,2,1 out of 4,,,,,,,Resale
"3 BHK Flat  for Sale in  Dum Dum Road, Kolkata",₹20 Lac ,"₹2,151 per sqft ",930 sqft,Ready to Move,2,2 out of 4,,,,1,,,Resale
"4 BHK Flat  for Sale in  Vidyasagar, Purba Barisha, Kolkata",₹80 Lac ,"₹4,706 per sqft ",1450 sqft,Ready to Move,4,3 out of 3,Main Road,,1 Covered,1,,Freehold,Resale
"2 BHK Flat  for Sale in  Rajpur Sonarpur, Kolkata",₹60 Lac ,"₹6,173 per sqft ",972 sqft,Ready to Move,2,5 out of 11,,,,1,Primarc Southwinds,,Resale
"2 BHK Flat  for Sale in  Kamalgazi, Narendrapur, Kolkata",₹28.5 Lac ,"₹4,385 per sqft ",580 sqft,Ready to Move,2,Ground out of 4,,,,1,Mohan Garden,,Resale
"3 BHK Flat  for Sale in  Bhangar, Kolkata",₹20 Lac ,"₹2,183 per sqft ",916 sqft,Ready to Move,2,4 out of 7,,,,,Simoco Sanhita Housing Complex Commercial,,Resale
"2 BHK Flat  for Sale in  Action Area 1, Kolkata",₹1.30 Cr ,,650 sqft,Ready to Move,2,5 out of 20,,North,1 Covered,1,,Freehold,Resale
"4 BHK Flat  for Sale in  Belgachia, Kolkata",₹1.15 Cr ,"₹7,188 per sqft ",1600 sqft,Ready to Move,3,13 out of 14,"Pool, Garden/Park, Main Road",South -West,,1,DC Paul Salboni,Freehold,Resale
"3 BHK Flat  for Sale in  New Town, Kolkata",₹1.25 Cr ,"₹7,070 per sqft ",1768 sqft,Ready to Move,2,2 out of 24,Garden/Park,South - East,,2,Unitech Uniworld City,Freehold,Resale
"2 BHK Flat  for Sale in  Dum Dum Cantonment, Kolkata",₹27 Lac ,"₹3,230 per sqft ",650 sqft,Ready to Move,2,1 out of 4,Main Road,South - East,,2,,Power Of Attorney,Resale
"2 BHK Flat  for Sale in  Sirity, Kolkata",₹27 Lac ,"₹3,176 per sqft ",720 sqft,Ready to Move,2,Ground out of 3,,North - East,,1,,Power Of Attorney,Resale
"3 BHK Flat  for Sale in  Howrah, Kolkata",₹48.5 Lac ,"₹3,757 per sqft ",950 sqft,Ready to Move,2,3 out of 20,Garden/Park,East,1 Open,1,Shapoorji Pallonji Joyville Howrah,Freehold,Resale
"3 BHK Flat  for Sale in  New Town, Kolkata",₹95 Lac ,"₹6,333 per sqft ",1500 sqft,Ready to Move,2,1 out of 4,,North,,1,Hidco Appartment,Freehold,Resale
"2 BHK Flat  for Sale in  Naktala, Garia, Kolkata",₹18 Lac ,"₹2,769 per sqft ",500 sqft,Ready to Move,2,3 out of 3,Main Road,South - East,,1,,Freehold,Resale
"4 BHK Flat  for Sale in  Rajarhat, Kolkata",₹1.05 Cr ,"₹5,303 per sqft ",1265 sqft,Ready to Move,3,1 out of 6,"Garden/Park, Main Road",South,1 Covered,2,Dream Residency Manor,Freehold,Resale
"3 BHK Flat  for Sale in  Golf Green, Jadavpur, Kolkata",₹1.20 Cr ,,1447 sqft,Ready to Move,3,6 out of 7,Main Road,East,,1,,Freehold,Resale
"3 BHK Flat  for Sale in  Sealdah, Raja Bazar, Kolkata",₹2.15 Cr ,"₹13,396 per sqft ",1605 sqft,Ready to Move,3,16 out of 35,Main Road,North - East,,1,Ideal Heights,Freehold,Resale
"3 BHK Flat  for Sale in  New Town, Kolkata",₹1.75 Cr ,"₹8,947 per sqft ",1956 sqft,Ready to Move,3,11 out of 19,"Garden/Park, Main Road",South - East,,2,Unitech Horizons,Freehold,Resale
"2 BHK Flat  for Sale in  Eastern Metropolitan Bypass, Kolkata",₹27 Lac ,"₹3,375 per sqft ",800 sqft,Ready to Move,2,1 out of 4,Main Road,South - East,,1,Avishikta,,Resale
"4 BHK Flat  for Sale in  Tangra, Kolkata",₹2.10 Cr ,"₹9,123 per sqft ",2302 sqft,Ready to Move,4,11 out of 18,"Pool, Garden/Park, Main Road",,,2,Salarpuria Luxuria Heights,Freehold,Resale
"3 BHK Flat  for Sale in  Action Area 1, Kolkata",₹73 Lac ,"₹6,636 per sqft ",950 sqft,Ready to Move,2,11 out of 12,"Garden/Park, Main Road",North - East,1 Covered,2,,Freehold,Resale
"3 BHK Flat  for Sale in  Rajarhat, Kolkata",₹56 Lac ,"₹4,722 per sqft ",1186 sqft,Ready to Move,2,10 out of 11,"Pool, Garden/Park, Main Road",North - West,,1,Magnolia Skyview,Freehold,Resale
"3 BHK Flat  for Sale in  Ballygunge, Kolkata",₹1.40 Cr ,"₹11,700 per sqft ",900 sqft,Ready to Move,3,4 out of 8,Main Road,North - East,1 Covered,2,,Freehold,New Property
"2 BHK Flat  for Sale in  South End Park, Dhakuria, Kolkata",₹80 Lac ,"₹8,000 per sqft ",1000 sqft,Ready to Move,2,3 out of 5,Main Road,North - East,,1,,Freehold,Resale
"3 BHK Flat  for Sale in  Block L New Alipore, Kolkata",₹2.62 Cr ,"₹14,050 per sqft ",1080 sqft,,3,10 out of 20,"Garden/Park, Pool, Main Road",South - East,2 Covered,3,Godrej Blue,Leasehold,New Property
"2 BHK Flat  for Sale in  Santoshpur, Kolkata",₹35 Lac ,"₹3,763 per sqft ",930 sqft,Ready to Move,2,1 out of 3,"Garden/Park, Main Road",South -West,,2,,Freehold,Resale
"4 BHK Flat  for Sale in  Rajarhat, Kolkata",₹1.20 Cr ,"₹6,749 per sqft ",1778 sqft,Ready to Move,3,1 out of 5,Garden/Park,South,,2,Aster Green,Freehold,Resale
"3 BHK Flat  for Sale in  Action Area 1, Kolkata",₹80 Lac ,"₹6,250 per sqft ",1280 sqft,Ready to Move,2,2 out of 4,"Garden/Park, Main Road",South,1 Covered,1,,Freehold,New Property
"3 BHK Flat  for Sale in  Survey Park, Kolkata",₹75 Lac ,"₹6,550 per sqft ",1145 sqft,Ready to Move,3,2 out of 4,,South - East,1 Covered,1,Tulip Apartment,Freehold,Resale
3 BHK Flat  for Sale in   Kolkata,₹85 Lac ,"₹5,152 per sqft ",1500 sqft,Ready to Move,2,1 out of 4,Main Road,South - East,,2,,,Resale
"3 BHK Flat  for Sale in  Ballygunge Place, Ballygunge, Kolkata",₹2.30 Cr ,"₹10,360 per sqft ",2020 sqft,Ready to Move,5,3 out of 5,Main Road,North - East,,2,,Freehold,New Property
"3 BHK Flat  for Sale in  Uttarpara Chinsurah, Kolkata",₹40 Lac ,"₹4,762 per sqft ",840 sqft,Ready to Move,2,7 out of 18,Garden/Park,South -West,"2 Covered,",1,Shriram Grand City,Freehold,Resale
2 BHK Flat  for Sale in   Kolkata,₹22 Lac ,"₹3,667 per sqft ",500 sqft,Ready to Move,1,1 out of 3,Main Road,West,,1,,Freehold,Resale
"2 BHK Flat  for Sale in  Elgin Road, Kolkata",₹98 Lac ,"₹11,879 per sqft ",650 sqft,Ready to Move,2,4 out of 9,Main Road,,,1,,,Resale
"2 BHK Flat  for Sale in  Parnasree Palli, Kolkata",₹32 Lac ,"₹4,330 per sqft ",701 sqft,Ready to Move,2,1 out of 3,Main Road,South - East,1 Open,1,,Freehold,Resale
"4 BHK Flat  for Sale in  Jessore Road, Kolkata",₹2.10 Cr ,"₹9,063 per sqft ",2317 sqft,Ready to Move,3,5 out of 9,Garden/Park,North - East,,2,Natural City,Freehold,Resale
2 BHK Flat  for Sale in   Kolkata,₹1.20 Cr ,"₹9,375 per sqft ",1280 sqft,Ready to Move,2,12 out of 14,"Garden/Park, Main Road",South - East,,1,,Co-operative Society,Resale
"3 BHK Flat  for Sale in  Action Area 1C, Kolkata",₹1.20 Cr ,"₹8,276 per sqft ",1100 sqft,Ready to Move,2,7 out of 9,Main Road,South - East,,3,,Co-operative Society,Resale
"2 BHK Flat  for Sale in  Nagerbazar, Kolkata",₹75 Lac ,"₹10,776 per sqft ",452 sqft,Ready to Move,2,5 out of 13,"Garden/Park, Main Road",South,1 Covered,1,Merlin Urvan,Freehold,Resale
"3 BHK Flat  for Sale in  Sealdah, Raja Bazar, Kolkata",₹2 Cr ,"₹12,461 per sqft ",1605 sqft,Ready to Move,3,15 out of 22,"Pool, Garden/Park, Main Road",North - East,,1,Ideal Heights,Freehold,Resale
2 BHK Flat  for Sale in   Kolkata,₹54.1 Lac ,"₹6,251 per sqft ",649 sqft,Ready to Move,2,1 out of 4,Main Road,South,1 Covered,1,,Freehold,New Property
"2 BHK Flat  for Sale in  Kamalgazi, Narendrapur, Kolkata",₹55 Lac ,"₹5,889 per sqft ",600 sqft,Ready to Move,2,10 out of 15,Garden/Park,East,1 Covered,1,Primarc Southwinds,Freehold,Resale
"4 BHK Flat  for Sale in  Rowland Row, Ballygunge, Kolkata",₹7 Cr ,"₹19,444 per sqft ",3600 sqft,Ready to Move,4,6 out of 10,,West,,1,,Freehold,New Property
"1 BHK Flat  for Sale in  Action Area 3, Kolkata",₹23.5 Lac ,"₹5,529 per sqft ",425 sqft,Ready to Move,1,2 out of 4,Garden/Park,North,,1,Shapoorji Pallonji Housing Complex,,Resale
"2 BHK Flat  for Sale in  Naktala, Garia, Kolkata",₹42 Lac ,"₹4,941 per sqft ",600 sqft,,2,3 out of 3,,North - West,,1,,Freehold,New Property
"4 BHK Flat  for Sale in  New Town, Kolkata",₹1.60 Cr ,"₹7,273 per sqft ",2000 sqft,Ready to Move,3,1 out of 5,Main Road,North,,3,,Freehold,New Property
"2 BHK Flat  for Sale in  Khardaha, Kolkata",₹23 Lac ,"₹2,601 per sqft ",648 sqft,Ready to Move,2,2 out of 4,,,,1,Bhumi  Radha Raman Apartment,Freehold,New Property
"1 BHK Flat  for Sale in  Rajarhat, Kolkata",₹22 Lac ,,460 sqft,Ready to Move,1,3 out of 3,Garden/Park,,,1,Reputed Mahua Apartment,Freehold,Resale
"2 BHK Flat  for Sale in  Carry Road, Kolkata",₹21.2 Lac ,"₹3,259 per sqft ",530 sqft,Ready to Move,2,2 out of 4,Main Road,North,1 Open,1,,Power Of Attorney,New Property
"3 BHK Flat  for Sale in  Kadapara, Kankurgachi, Kolkata",₹2 Cr ,"₹10,881 per sqft ",1286 sqft,Ready to Move,3,7 out of 12,Pool,East,1 Covered,4,PS  Jiva Homes,Freehold,Resale
"3 BHK Flat  for Sale in  Rath Tala Kasba, Kolkata",₹49.5 Lac ,"₹4,500 per sqft ",880 sqft,Ready to Move,2,1 out of 4,Main Road,East,1 Covered,1,,Freehold,New Property
"2 BHK Flat  for Sale in  Phool Bagan Kankurgachi, Kolkata",₹1 Cr ,"₹8,333 per sqft ",1000 sqft,Ready to Move,1,3 out of 4,Main Road,South - East,,1,,Freehold,Resale
"5 BHK Flat  for Sale in  Eastern Metropolitan Bypass, Kolkata",₹5.50 Cr ,"₹9,811 per sqft ",5606 sqft,Ready to Move,5,19 out of 19,Garden/Park,South,,4,Upohar The Condoville,Freehold,Resale
"3 BHK Flat  for Sale in  Sodepur, Kolkata",₹34 Lac ,"₹2,615 per sqft ",1300 sqft,Ready to Move,2,1 out of 5,Main Road,North - East,,2,,Freehold,New Property
"3 BHK Flat  for Sale in  Action Area 1, Kolkata",₹1.10 Cr ,"₹6,627 per sqft ",1485 sqft,Ready to Move,3,1 out of 5,"Garden/Park, Pool",North,,2,Sanjeeva Orchard,Freehold,Resale
"3 BHK Flat  for Sale in  Action Area 1, Kolkata",₹85 Lac ,"₹6,800 per sqft ",950 sqft,Ready to Move,2,3 out of 4,Main Road,,,1,,,New Property
"2 BHK Flat  for Sale in  Sakher Bazar, Purba Barisha, Kolkata",₹34 Lac ,"₹5,231 per sqft ",650 sqft,Ready to Move,2,3 out of 3,,South -West,,1,,Freehold,Resale
"3 BHK Flat  for Sale in  Gandhi Colony, Netaji Nagar, Kolkata",₹70.8 Lac ,"₹6,808 per sqft ",780 sqft,,2,1 out of 3,,,,1,,,New Property
3 BHK Flat  for Sale in   Kolkata,₹55 Lac ,"₹5,093 per sqft ",900 sqft,Ready to Move,2,2 out of 4,,,,1,,,Resale
"3 BHK Flat  for Sale in  New Town, Kolkata",₹85 Lac ,"₹5,743 per sqft ",1100 sqft,,2,2 out of 4,Garden/Park,South - East,1 Covered,1,,Freehold,New Property
"2 BHK Flat  for Sale in  Action Area 1, Kolkata",₹72 Lac ,"₹7,742 per sqft ",700 sqft,Ready to Move,2,3 out of 11,Main Road,East,,1,,Freehold,Resale
"4 BHK Flat  for Sale in  Hiland Park, Kolkata",₹2.40 Cr ,,2450 sqft,Ready to Move,4,5 out of 22,Main Road,South - East,,2,,Freehold,Resale
"4 BHK Flat  for Sale in  Sector 2 Salt Lake City, Kolkata",₹2.20 Cr ,"₹8,462 per sqft ",1700 sqft,Ready to Move,3,1 out of 4,"Garden/Park, Main Road",South - East,2 Covered,2,,Freehold,Resale
"2 BHK Flat  for Sale in  Tangra, Kolkata",₹1.25 Cr ,"₹11,409 per sqft ",1100 sqft,Ready to Move,2,6 out of 11,"Pool, Garden/Park",,,1,Brindavan Gardens,,Resale
"3 BHK Flat  for Sale in  Nabapally Barasat, Kolkata",₹62.5 Lac ,"₹5,000 per sqft ",1000 sqft,Ready to Move,2,3 out of 5,Main Road,South,,1,,Freehold,New Property
3 BHK Flat  for Sale in   Kolkata,₹80 Lac ,"₹6,601 per sqft ",1050 sqft,Ready to Move,2,1 out of 5,"Pool, Garden/Park, Main Road",South - East,,1,,Freehold,Resale
"4 BHK Flat  for Sale in  Eastern Metropolitan Bypass, Kolkata",₹2.55 Cr ,"₹12,970 per sqft ",1966 sqft,Ready to Move,3,5 out of 7,,,,1,SGM Sugam Habitat,,Resale
"4 BHK Flat  for Sale in  Southern Avenue, Kolkata",₹3.65 Cr ,"₹15,585 per sqft ",2342 sqft,Ready to Move,3,10 out of 21,"Pool, Main Road",East,,1,Onex Privy,,New Property
"3 BHK Flat  for Sale in  New Town, Kolkata",₹2 Cr ,"₹13,333 per sqft ",1500 sqft,Ready to Move,2,10 out of 29,"Pool, Garden/Park, Main Road",South,,2,TATA Avenida,Freehold,Resale
"4 BHK Flat  for Sale in  Rajarhat, Kolkata",₹1 Cr ,"₹4,701 per sqft ",2127 sqft,Ready to Move,3,2 out of 2,,,,,Vedic Village,,Resale
"2 BHK Flat  for Sale in  Bramhapur, Kolkata",₹28 Lac ,"₹3,500 per sqft ",700 sqft,Ready to Move,2,1 out of 3,,South,,,,Freehold,Resale
"3 BHK Flat  for Sale in  Tollygunge, Kolkata",₹2.11 Cr ,"₹8,792 per sqft ",2400 sqft,Ready to Move,3,5 out of 5,Main Road,North - East,,2,Mani Vista,Freehold,Resale
"4 BHK Flat  for Sale in  New Town, Kolkata",₹2.75 Cr ,"₹11,957 per sqft ",1558 sqft,Ready to Move,5,8 out of 20,"Pool, Garden/Park, Main Road",North - East,1 Covered,2,PS ONE10,Freehold,Resale
"3 BHK Flat  for Sale in  Tegharia Baguiati, Kolkata",₹65 Lac ,"₹4,844 per sqft ",1342 sqft,Ready to Move,3,4 out of 5,Pool,South - East,,2,Meena Residency,,New Property
"2 BHK Flat  for Sale in  Beleghata, Kolkata",₹50.6 Lac ,"₹6,300 per sqft ",803 sqft,,2,2 out of 5,Main Road,East,1 Covered,1,,Freehold,New Property
"2 BHK Flat  for Sale in  Bijoygarh, Kolkata",₹36 Lac ,"₹4,091 per sqft ",880 sqft,Ready to Move,2,2 out of 3,,,,,,,Resale
"2 BHK Flat  for Sale in  Baishnabghata Patuli Township, Patuli, Kolkata",₹32 Lac ,"₹4,239 per sqft ",755 sqft,Ready to Move,2,3 out of 3,,,,1,,Freehold,New Property
"3 BHK Flat  for Sale in  Action Area 1, Kolkata",₹1.20 Cr ,"₹8,276 per sqft ",1180 sqft,Ready to Move,2,4 out of 8,"Garden/Park, Main Road",North - East,"1 Covered,",2,New Town Residency,,Resale
"2 BHK Flat  for Sale in  Rajarhat, Kolkata",₹52 Lac ,"₹4,727 per sqft ",1100 sqft,Ready to Move,2,1 out of 4,,,,,Regent City,,Resale
"3 BHK Flat  for Sale in  Park Circus, Ballygunge, Kolkata",₹1.40 Cr ,"₹9,689 per sqft ",1300 sqft,Ready to Move,2,13 out of 15,"Garden/Park, Pool, Main Road",South -West,,1,Ekta Floral,Freehold,Resale
"3 BHK Flat  for Sale in  Shibrampur, Shibrampur Mauza, Kolkata",₹70 Lac ,"₹6,306 per sqft ",1110 sqft,Ready to Move,2,7 out of 11,,,,2,Greenfield City,,Resale
"2 BHK Flat  for Sale in  Jadavpur, Kolkata",₹45 Lac ,"₹4,592 per sqft ",920 sqft,Ready to Move,2,Ground out of 3,,,,1,,,Resale
"2 BHK Flat  for Sale in  Bidhanpally Bansdroni, Kolkata",₹50 Lac ,"₹5,618 per sqft ",890 sqft,Ready to Move,2,4 out of 4,,,,1,,Freehold,Resale
"3 BHK Flat  for Sale in  New Alipore, Kolkata",₹90 Lac ,"₹6,977 per sqft ",1050 sqft,Ready to Move,2,5 out of 5,Main Road,South - East,,1,,Freehold,Resale
"2 BHK Flat  for Sale in  Khardaha, Kolkata",₹26 Lac ,"₹2,955 per sqft ",880 sqft,Ready to Move,2,3 out of 4,Main Road,North,1 Open,1,,Freehold,Resale
"4 BHK Flat  for Sale in  Sahid Nagar, Kolkata",₹1.45 Cr ,"₹6,042 per sqft ",2400 sqft,Ready to Move,3,2 out of 4,"Garden/Park, Main Road",North - East,,2,,Power Of Attorney,Resale
"2 BHK Flat  for Sale in  Naktala, Garia, Kolkata",₹30 Lac ,"₹4,412 per sqft ",680 sqft,Ready to Move,1,2 out of 4,,North,,1,Ashirbad Apartment Naktala,Freehold,Resale
"4 BHK Flat  for Sale in  Action Area 1, Kolkata",₹1.50 Cr ,"₹6,726 per sqft ",1680 sqft,Ready to Move,4,3 out of 4,,,,2,,,Resale
"4 BHK Flat  for Sale in  Eastern Metropolitan Bypass, Kolkata",₹3 Cr ,"₹10,249 per sqft ",2048 sqft,Ready to Move,4,17 out of 19,"Garden/Park, Main Road",East,"1 Covered,",4,Upohar The Condoville,Freehold,Resale
"3 BHK Flat  for Sale in  Seal Lane Tangra, Kolkata",₹1.65 Cr ,"₹14,563 per sqft ",1133 sqft,Ready to Move,2,Upper Basement out of 24,,,2 Covered,1,,Freehold,Resale
"3 BHK Flat  for Sale in  Rajarhat, Kolkata",₹1.20 Cr ,"₹9,524 per sqft ",1260 sqft,Ready to Move,2,19 out of 20,,South,1 Covered,1,Siddha Happyville,Freehold,Resale
"3 BHK Flat  for Sale in  South City Complex, Kolkata",₹95 Lac ,"₹7,916 per sqft ",1100 sqft,Ready to Move,2,1 out of 4,Main Road,South,1 Covered,2,,,New Property
"2 BHK Flat  for Sale in  Bosepukur, Kasba, Kolkata",₹50 Lac ,"₹5,556 per sqft ",700 sqft,Ready to Move,2,4 out of 4,Main Road,North - East,,1,,Freehold,Resale
"3 BHK Flat  for Sale in  Garia, Kolkata",₹54 Lac ,"₹4,631 per sqft ",1166 sqft,Ready to Move,3,1 out of 6,"Garden/Park, Pool, Main Road",East,1 Covered,3,Jai Vinayak Pride,Freehold,Resale
"2 BHK Flat  for Sale in  Mondal Ganthi, Kolkata",₹26 Lac ,"₹3,059 per sqft ",850 sqft,Ready to Move,2,3 out of 4,Main Road,North - East,,1,,Freehold,New Property
"3 BHK Flat  for Sale in  Abhedananda Road, Kolkata",₹1.50 Cr ,,1589 sqft,Ready to Move,2,3 out of 3,,,,1,,Freehold,Resale
"2 BHK Flat  for Sale in  Narendrapur Rajpur Sonarpur, Kolkata",₹38 Lac ,"₹4,139 per sqft ",918 sqft,Ready to Move,2,4 out of 4,,,,1,,,Resale
"4 BHK Flat  for Sale in  New Town, Kolkata",₹2.30 Cr ,"₹14,801 per sqft ",1150 sqft,Ready to Move,3,11 out of 20,"Garden/Park, Main Road",East,,2,PS ONE10,Freehold,Resale
"2 BHK Flat  for Sale in  MM Ghosh Road, Kolkata",₹32 Lac ,"₹3,459 per sqft ",925 sqft,Ready to Move,2,3 out of 3,,South - East,,1,,Freehold,Resale
"2 BHK Flat  for Sale in  Rajpur Sonarpur, Kolkata",₹18.5 Lac ,"₹2,960 per sqft ",575 sqft,Ready to Move,1,3 out of 4,,,,1,BGA RK Puram,,Resale
"3 BHK Flat  for Sale in  Durga Nagar, Kolkata",₹65 Lac ,"₹4,458 per sqft ",1458 sqft,Ready to Move,3,2 out of 6,,,,3,Kendriya Vihar Phase 2,,Resale
"3 BHK Flat  for Sale in  Uttarpara Chinsurah, Kolkata",₹52 Lac ,"₹4,647 per sqft ",1119 sqft,Ready to Move,2,1 out of 14,,,,,Shriram Grand One,,Resale
"3 BHK Flat  for Sale in  Mahish Bathan, Kolkata",₹1.30 Cr ,"₹8,638 per sqft ",1505 sqft,Ready to Move,3,10 out of 21,,,,1,Ideal Aquaview,,Resale
"4 BHK Flat  for Sale in  Manicktala, Kolkata",₹3.75 Cr ,"₹12,918 per sqft ",2903 sqft,Ready to Move,4,17 out of 31,,,"1 Covered,",1,Anantmani,Freehold,Resale
"3 BHK Flat  for Sale in  Gopalpur, Kolkata",₹1.30 Cr ,,1535 sqft,,3,4 out of 6,,,,1,Ideal Enclave,,Resale
"2 BHK Flat  for Sale in  Lake Town, Kolkata",₹1 Cr ,"₹10,152 per sqft ",985 sqft,,2,9 out of 23,,East,,1,Vinayak Vista,Freehold,Resale
"3 BHK Flat  for Sale in  Action Area 3, Kolkata",₹1.20 Cr ,"₹7,059 per sqft ",1700 sqft,Ready to Move,2,13 out of 30,"Garden/Park, Pool",South,1 Covered,2,Sureka Elita Garden Vista,Freehold,Resale
"3 BHK Flat  for Sale in  Sector 5 Salt Lake City, Kolkata",₹1.40 Cr ,"₹8,833 per sqft ",965 sqft,Ready to Move,2,17 out of 25,,East,,1,Ideal Aquaview,Co-operative Society,Resale
"1 BHK Flat  for Sale in  Behala Chowrasta, Kolkata",₹13 Lac ,"₹3,095 per sqft ",420 sqft,Ready to Move,1,1 out of 4,,,,,Srijan Greenfield City,,Resale
"5 BHK Flat  for Sale in  East Topsia, Topsia, Kolkata",₹11 Cr ,"₹15,400 per sqft ",7143 sqft,Ready to Move,5,12 out of 13,"Garden/Park, Pool, Main Road",,4 Covered,3,Aqua Beaumont,Freehold,Resale
"2 BHK Flat  for Sale in  Barrackpore Trunk Road, Kolkata",₹67 Lac ,"₹7,197 per sqft ",931 sqft,Ready to Move,2,6 out of 12,,,,,Starom Millenia,,Resale
"2 BHK Flat  for Sale in  Action Area 1, Kolkata",₹2 Cr ,"₹16,327 per sqft ",1225 sqft,,2,11 out of 11,,,,2,Ambuja Urvisha The Condoville,,Resale
"2 BHK Flat  for Sale in  Maheshtala, Kolkata",₹26.8 Lac ,"₹3,764 per sqft ",712 sqft,Ready to Move,2,8 out of 14,,,,,Hiland Greens,,Resale
"3 BHK Flat  for Sale in  Rathtala, Kolkata",₹1.10 Cr ,"₹8,088 per sqft ",1360 sqft,Ready to Move,2,5 out of 5,,,,1,Club Town Gardens,,Resale
"1 BHK Flat  for Sale in  Shibrampur, Shibrampur Mauza, Kolkata",₹15.5 Lac ,"₹3,483 per sqft ",445 sqft,Ready to Move,1,3 out of 4,,,,1,Greenfield City,,Resale
"3 BHK Flat  for Sale in  Rajarhat, Kolkata",₹1.17 Cr ,"₹8,357 per sqft ",950 sqft,Ready to Move,2,3 out of 23,Garden/Park,,,1,Rishi Pranaya,,New Property
"3 BHK Flat  for Sale in  Sinthee, Kolkata",₹1.50 Cr ,"₹13,441 per sqft ",1116 sqft,Ready to Move,2,12 out of 21,,,,1,Square Four Uddipa The Condoville,,Resale
"3 BHK Flat  for Sale in  Howrah, Kolkata",₹52.5 Lac ,"₹5,024 per sqft ",900 sqft,Ready to Move,2,7 out of 9,,,,,Almal Gagandeep Apartments,,Resale
"3 BHK Flat  for Sale in  Barasat, Kolkata",₹18 Lac ,"₹1,700 per sqft ",1059 sqft,Ready to Move,3,2 out of 4,,,,,Larica Township,,Resale
"2 BHK Flat  for Sale in  Barasat, Kolkata",₹23 Lac ,"₹2,195 per sqft ",1048 sqft,Ready to Move,2,2 out of 5,,,,,Larica Township,,Resale
"1 BHK Flat  for Sale in  Garia, Kolkata",₹20 Lac ,"₹4,000 per sqft ",420 sqft,Ready to Move,1,2 out of 4,,,,,Ayush Apartment,,Resale
"4 BHK Flat  for Sale in  New Town, Kolkata",₹1.10 Cr ,"₹4,783 per sqft ",2300 sqft,Ready to Move,4,,,,2 Covered,2,Vedic Sanjeeva Town,,Resale
"4 BHK Flat  for Sale in  Barrackpore Trunk Road, Kolkata",₹1.50 Cr ,"₹6,977 per sqft ",2150 sqft,Ready to Move,3,13 out of 19,Garden/Park,,,1,Dhoot Pratham,,Resale
"2 BHK Flat  for Sale in  Baruipur, Kolkata",₹36 Lac ,"₹4,286 per sqft ",840 sqft,Ready to Move,2,2 out of 6,,,,,Mayfair Platinum,,Resale
"3 BHK Flat  for Sale in  Tangra, Kolkata",₹2 Cr ,"₹14,914 per sqft ",1341 sqft,,3,24 out of 24,"Garden/Park, Pool, Main Road",,,1,Merlin X,Freehold,Resale
"2 BHK Flat  for Sale in  Garia, Kolkata",₹38 Lac ,"₹4,368 per sqft ",870 sqft,Ready to Move,2,3 out of 4,Garden/Park,,,2,Sunny Seasons,Freehold,Resale
" Apartment  for Sale in  Alipore, Kolkata",₹1.40 Cr ,"₹11,718 per sqft ",1200 sqft,,,,,,,,Diamond Tower Apartment,,
"5 BHK Flat  for Sale in  Ballygunge, Kolkata",₹7 Cr ,"₹17,233 per sqft ",4062 sqft,Ready to Move,5,3 out of 6,,,,2,PS  Imperial Mansion,,Resale
"4 BHK Flat  for Sale in  Eastern Metropolitan Bypass, Kolkata",₹1.26 Cr ,"₹8,000 per sqft ",1165 sqft,,3,5 out of 5,Main Road,,,1,Abakash,,Resale
"1 BHK Flat  for Sale in  Madhyamgram, Kolkata",₹22 Lac ,"₹3,819 per sqft ",460 sqft,Ready to Move,1,1 out of 5,,,,1,Apanjan Apartment,,Resale
"3 BHK Flat  for Sale in  Ekbalpur, Khidirpur, Kolkata",₹1.90 Cr ,"₹10,795 per sqft ",1280 sqft,Ready to Move,3,10 out of 12,,,,,Ideal Towers,,Resale
"4 BHK Flat  for Sale in  Sealdah, Raja Bazar, Kolkata",₹1.90 Cr ,"₹9,880 per sqft ",1923 sqft,Ready to Move,3,4 out of 13,Garden/Park,East,,2,Ekta Oleander,Freehold,Resale
"2 BHK Flat  for Sale in  Ho Chi Minh Sarani, Kolkata",₹60 Lac ,"₹6,205 per sqft ",967 sqft,Ready to Move,2,5 out of 13,,,,,Diamond City West,,Resale
"3 BHK Flat  for Sale in  Metropolitan Co Operative Housing Society Limited, Kolkata",₹1.90 Cr ,"₹10,326 per sqft ",1840 sqft,Ready to Move,3,5 out of 12,"Pool, Garden/Park, Main Road",,,3,,Freehold,New Property
"3 BHK Flat  for Sale in  Gariahat, Kolkata",₹1.90 Cr ,,1550 sqft,Ready to Move,2,4 out of 7,Main Road,South - East,,1,BMC Ekdalia Place,Freehold,New Property
"2 BHK Flat  for Sale in  Sonarpur, Kolkata",₹36.4 Lac ,"₹3,725 per sqft ",978 sqft,Ready to Move,2,1 out of 4,Main Road,South,,1,Heavens Gateway Sonargaon,Freehold,New Property
"1 BHK Flat  for Sale in  Action Area 3, Kolkata",₹23 Lac ,"₹4,792 per sqft ",480 sqft,Ready to Move,1,4 out of 4,"Garden/Park, Main Road",South - East,,1,Shapoorji Pallonji Housing Complex,Freehold,Resale
"2 BHK Flat  for Sale in  Nayabad, Kolkata",₹25 Lac ,,800 sqft,Ready to Move,2,1 out of 3,Main Road,South - East,,1,,Freehold,Resale
"4 BHK Flat  for Sale in  Eastern Metropolitan Bypass, Kolkata",₹2.10 Cr ,"₹8,468 per sqft ",2480 sqft,Ready to Move,4,6 out of 18,Garden/Park,South - East,,3,Hiland Park,Freehold,Resale
"1 BHK Flat  for Sale in  Sodepur, Kolkata",₹17.1 Lac ,"₹3,991 per sqft ",428 sqft,Ready to Move,1,Ground out of 3,,,,,Peerless Nagar,,Resale
"3 BHK Flat  for Sale in  East Topsia, Topsia, Kolkata",₹1.50 Cr ,"₹9,772 per sqft ",1535 sqft,Ready to Move,2,1 out of 1,,East,1 Open,1,Ideal Lakeview,,Resale
"2 BHK Flat  for Sale in  Barasat, Kolkata",₹35 Lac ,"₹2,756 per sqft ",1270 sqft,Ready to Move,2,4 out of 5,,,,,,,Resale
"4 BHK Flat  for Sale in  Tangra, Kolkata",₹2.25 Cr ,"₹8,718 per sqft ",2581 sqft,Ready to Move,4,8 out of 10,,,1 Open,,Ruchi Active Acres Angelica,Freehold,Resale
"2 BHK Flat  for Sale in  Dhakuria, Kolkata",₹32 Lac ,"₹4,384 per sqft ",620 sqft,Ready to Move,2,2 out of 2,,South - East,,,,Freehold,Resale
2 BHK Flat  for Sale in   Kolkata,₹50 Lac ,"₹5,051 per sqft ",990 sqft,,2,4 out of 4,,,,,,,Resale
"3 BHK Flat  for Sale in  Daspara Mukundapur, Kolkata",₹70 Lac ,"₹5,882 per sqft ",900 sqft,Ready to Move,3,2 out of 4,Main Road,,1 Covered,,Jeet Omega,Freehold,Resale
"2 BHK Flat  for Sale in  Ganguly Bagan, Beliaghata, Kolkata",₹50 Lac ,"₹6,378 per sqft ",784 sqft,Ready to Move,2,3 out of 3,,,,,,,Resale
"2 BHK Flat  for Sale in  Karuripara, Kolkata",₹25 Lac ,"₹2,831 per sqft ",748 sqft,Ready to Move,2,1 out of 5,,,,1,,,Resale
"3 BHK Flat  for Sale in  Bhowanipore, Kolkata",₹2.50 Cr ,"₹16,667 per sqft ",1300 sqft,Ready to Move,2,2 out of 4,,,,,Nobles Anthem,,Resale
"3 BHK Flat  for Sale in  Joka, Kolkata",₹95 Lac ,"₹6,934 per sqft ",1370 sqft,Ready to Move,3,14 out of 14,,,,1,DTC Southern Heights,,Resale
"2 BHK Flat  for Sale in  Barrackpore, Kolkata",₹39 Lac ,"₹4,899 per sqft ",796 sqft,Ready to Move,1,7 out of 7,,,,2,Magnolia Sports City,,Resale
"2 BHK Flat  for Sale in  Sonarpur, Kolkata",₹60 Lac ,,1060 sqft,Ready to Move,2,4 out of 8,,,,2,J G Golden Heights,,Resale
"3 BHK Flat  for Sale in  Howrah, Kolkata",₹3.50 Cr ,"₹16,279 per sqft ",2150 sqft,Ready to Move,3,8 out of 12,,,,,Sukh Sagar,,Resale
"3 BHK Flat  for Sale in  New Town, Kolkata",₹2 Cr ,"₹12,903 per sqft ",1550 sqft,,3,18 out of 21,,,,1,Orbit Urban Park,,Resale
"1 BHK Flat  for Sale in  Bhangar, Kolkata",₹14 Lac ,,351 sqft,Ready to Move,1,3 out of 4,,,,1,Simoco Sanhita Housing Complex Commercial,,Resale
"3 BHK Flat  for Sale in  Khardaha, Kolkata",₹68 Lac ,"₹5,506 per sqft ",1235 sqft,Ready to Move,2,2 out of 14,,,,2,Siddha Waterfront,,New Property
"4 BHK Flat  for Sale in  Alipore, Kolkata",₹10 Cr ,"₹22,090 per sqft ",4527 sqft,Ready to Move,5,9 out of 10,,,,1,Edward Crosswinds,,Resale
"4 BHK Flat  for Sale in  Barrackpore Trunk Road, Kolkata",₹1.50 Cr ,"₹6,881 per sqft ",2180 sqft,Ready to Move,,,,,,,Dhoot Pratham,,Resale
"4 BHK Flat  for Sale in  Eastern Metropolitan Bypass, Kolkata",₹2.50 Cr ,"₹10,417 per sqft ",2100 sqft,Ready to Move,2,7 out of 12,,,,2,Merlin Regency,,Resale
"3 BHK Flat  for Sale in  Tangra, Kolkata",₹1.85 Cr ,"₹9,973 per sqft ",1855 sqft,Ready to Move,2,17 out of 20,,South,1 Open,1,Ruchi Active Acres Angelica,Freehold,Resale
"2 BHK Flat  for Sale in  Tangra, Kolkata",₹1.20 Cr ,"₹12,121 per sqft ",990 sqft,Ready to Move,2,6 out of 7,,,,,Prudent Habitat,,Resale
"2 BHK Flat  for Sale in  Narendrapur Rajpur Sonarpur, Kolkata",₹41 Lac ,"₹5,388 per sqft ",761 sqft,Ready to Move,2,2 out of 4,"Garden/Park, Pool",South -West,,1,Real Mark Vista,Freehold,Resale
"3 BHK Flat  for Sale in  International Airport, Dum Dum, Jessore Road, Kolkata",₹5.50 Cr ,"₹20,755 per sqft ",2500 sqft,Ready to Move,3,8 out of 10,Garden/Park,,,1,Metro Tower,Freehold,New Property
"3 BHK Flat  for Sale in  Tollygunge, Kolkata",₹1.45 Cr ,"₹8,430 per sqft ",1720 sqft,Ready to Move,2,2 out of 17,"Garden/Park, Pool",East,,1,Rajat Aagaman,Freehold,Resale
"3 BHK Flat  for Sale in  Rajarhat, Kolkata",₹1 Cr ,"₹5,705 per sqft ",1753 sqft,Ready to Move,2,7 out of 7,,,,3,The Banyan Tree Mukul Shanti Garden,,Resale
"3 BHK Flat  for Sale in  Barrackpore Trunk Road, Kolkata",₹70 Lac ,"₹7,254 per sqft ",965 sqft,Ready to Move,2,1 out of 11,"Garden/Park, Pool",,,3,Eden Realty Solaris Bonhooghly,,New Property
"3 BHK Flat  for Sale in  Rajarhat, Kolkata",₹65 Lac ,"₹4,362 per sqft ",1100 sqft,Ready to Move,2,1 out of 10,"Garden/Park, Main Road",South - East,,1,Unimark Springfield,Freehold,New Property
"3 BHK Flat  for Sale in  Kestopur, Kolkata",₹60 Lac ,"₹4,800 per sqft ",1250 sqft,Ready to Move,2,4 out of 5,,,,1,Rajrajeshwari Enclave,,Resale
"3 BHK Flat  for Sale in  Sector 5 Salt Lake City, Kolkata",₹1.30 Cr ,"₹8,754 per sqft ",1485 sqft,Ready to Move,2,9 out of 25,,,,,Ideal Aquaview,,Resale
"3 BHK Flat  for Sale in  Joka, Kolkata",₹55 Lac ,"₹5,238 per sqft ",1050 sqft,Ready to Move,3,3 out of 10,"Pool, Garden/Park, Main Road",,,2,Genexx Valley,Freehold,Resale
"3 BHK Flat  for Sale in  Rajarhat, Kolkata",₹1.50 Cr ,"₹12,942 per sqft ",1046 sqft,,2,27 out of 32,,,,1,Siddha Serena,,Resale
"3 BHK Flat  for Sale in  Ballygunge, Kolkata",₹4.20 Cr ,,2000 sqft,Ready to Move,3,1 out of 9,,,,,Tivoli Court,,Resale
"3 BHK Flat  for Sale in  New Town, Kolkata",₹2.05 Cr ,"₹13,219 per sqft ",1285 sqft,Ready to Move,3,13 out of 15,Garden/Park,East,,2,Utsa Complex,Freehold,Resale
"3 BHK Flat  for Sale in  New Alipore, Kolkata",₹80 Lac ,"₹7,619 per sqft ",1050 sqft,Ready to Move,2,6 out of 13,Pool,East,,1,South City Garden,Freehold,Resale
"2 BHK Flat  for Sale in  Kankurgachi, Kolkata",₹1 Cr ,"₹8,137 per sqft ",1229 sqft,Ready to Move,2,1 out of 5,,East,1 Open,,Radha Kunje,Freehold,Resale
"2 BHK Flat  for Sale in  Maheshtala, Kolkata",₹24 Lac ,"₹3,371 per sqft ",447 sqft,Ready to Move,2,13 out of 14,,,,1,Hiland Greens,,Resale
"2 BHK Flat  for Sale in  Tollygunge, Kolkata",₹1.20 Cr ,"₹9,677 per sqft ",1240 sqft,Ready to Move,2,1 out of 7,,,,1,MK Towers,,Resale
"3 BHK Flat  for Sale in  Santoshpur, Kolkata",₹90 Lac ,"₹7,246 per sqft ",1242 sqft,Ready to Move,2,3 out of 4,Main Road,North - West,1 Open,2,Tulip Apartment,Freehold,Resale
"3 BHK Flat  for Sale in  New Town, Kolkata",₹1.50 Cr ,"₹9,446 per sqft ",1588 sqft,Ready to Move,3,10 out of 26,,,,,Sureka Merlin Elita Garden Vista Phase 2,,Resale
"2 BHK Flat  for Sale in  New Town, Kolkata",₹42 Lac ,"₹6,462 per sqft ",650 sqft,Ready to Move,2,11 out of 14,,,,1,Shapoorji Paloonji Sukhobristi,,Resale
"3 BHK Flat  for Sale in  Salt Lake City, Kolkata",₹1.30 Cr ,"₹8,754 per sqft ",1485 sqft,Ready to Move,2,17 out of 30,,,,,Ideal Aquaview,,Resale
"4 BHK Flat  for Sale in  Rash Behari Avenue, Kolkata",₹2.30 Cr ,"₹13,450 per sqft ",1282 sqft,Ready to Move,3,2 out of 7,Garden/Park,North - West,1 Covered,1,Natural Sarvapriya Residency,Freehold,Resale
"3 BHK Flat  for Sale in  Madhyamgram, Kolkata",₹56 Lac ,"₹4,762 per sqft ",1176 sqft,Ready to Move,2,Ground out of 4,Garden/Park,South,,2,Fortune City,Freehold,Resale
"3 BHK Flat  for Sale in  Rajarhat, Kolkata",₹1.10 Cr ,"₹7,227 per sqft ",1522 sqft,Ready to Move,2,21 out of 21,,,,,DLF New Town Heights,,Resale
"2 BHK Flat  for Sale in  New Town, Kolkata",₹1.20 Cr ,"₹9,479 per sqft ",1266 sqft,Ready to Move,2,2 out of 15,"Pool, Garden/Park, Main Road",South,1 Open,1,Shrachi Greenwood Nest,Leasehold,Resale
"3 BHK Flat  for Sale in  Chakra Beriya, Kolkata",₹2.20 Cr ,"₹15,942 per sqft ",1380 sqft,Ready to Move,3,4 out of 10,,,,2,KIC Gulmohar,,Resale
"4 BHK Flat  for Sale in  Eastern Metropolitan Bypass, Kolkata",₹10 Cr ,"₹27,122 per sqft ",3687 sqft,Ready to Move,4,11 out of 35,,,,,PS Anassa,,Resale
"3 BHK Flat  for Sale in  Maheshtala, Kolkata",₹60 Lac ,"₹4,049 per sqft ",1482 sqft,Ready to Move,2,8 out of 14,,,,,Purti Flowers,,Resale
"3 BHK Flat  for Sale in  Picnic Garden, Tiljala, Kolkata",₹1.30 Cr ,"₹9,496 per sqft ",1369 sqft,Ready to Move,2,4 out of 4,Garden/Park,East,1 Covered,2,Aspirations Serenity,Freehold,Resale
"3 BHK Flat  for Sale in  New Town, Kolkata",₹1.10 Cr ,"₹7,097 per sqft ",1550 sqft,Ready to Move,2,12 out of 21,,,,2,DLF New Town Heights,,Resale
"4 BHK Flat  for Sale in  Eastern Metropolitan Bypass, Kolkata",₹3.15 Cr ,"₹15,101 per sqft ",2086 sqft,Ready to Move,3,6 out of 38,,East,,1,Mani Megh Mani,Freehold,Resale
"4 BHK Flat  for Sale in  New Town, Kolkata",₹2.10 Cr ,"₹10,111 per sqft ",2077 sqft,Ready to Move,3,7 out of 14,,,,2,Amit ECOS,,Resale
"2 BHK Flat  for Sale in  Baguiati, Kolkata",₹17 Lac ,"₹3,400 per sqft ",500 sqft,Ready to Move,1,2 out of 4,,,,,Shantiban Apartment,,Resale
"3 BHK Flat  for Sale in  New Town, Kolkata",₹2.20 Cr ,"₹11,399 per sqft ",1930 sqft,Ready to Move,3,11 out of 22,"Garden/Park, Pool, Main Road",South - East,1 Covered,,Tata Eden Court,,Resale
"2 BHK Flat  for Sale in  Rajarhat, Kolkata",₹45 Lac ,"₹8,036 per sqft ",560 sqft,Ready to Move,1,3 out of 3,Main Road,South - East,,1,Khadims Bidyakut Abason,Freehold,Resale
"3 BHK Flat  for Sale in  Patuli, Kolkata",₹96 Lac ,"₹8,518 per sqft ",1000 sqft,Ready to Move,2,2 out of 4,,,,2,Vinayak Cosmopolis,,Resale
"3 BHK Flat  for Sale in  Narendrapur Rajpur Sonarpur, Kolkata",₹51.5 Lac ,"₹3,916 per sqft ",1315 sqft,,2,3 out of 4,Garden/Park,,,,Sugam Sabuj,Freehold,Resale
"2 BHK Flat  for Sale in  New Town, Kolkata",₹1 Cr ,"₹9,434 per sqft ",1060 sqft,Ready to Move,2,1 out of 12,,,,1,Amit ECOS,,Resale
"3 BHK Flat  for Sale in  Bishnupur Road, Kolkata",₹50 Lac ,"₹4,348 per sqft ",900 sqft,Ready to Move,2,2 out of 5,"Garden/Park, Pool, Main Road",,1 Covered,1,Orchid Lavanya,Freehold,Resale
"3 BHK Flat  for Sale in  Rajarhat, Kolkata",₹1.10 Cr ,"₹7,868 per sqft ",1398 sqft,,2,5 out of 23,Garden/Park,South - East,,1,Siddha Happyville,Freehold,Resale
"2 BHK Flat  for Sale in  Jessore Road, Kolkata",₹32 Lac ,"₹2,963 per sqft ",1080 sqft,Ready to Move,2,4 out of 5,,,,,Hans Pushpak Rezidency,,Resale
"2 BHK Flat  for Sale in  Uttarpara Chinsurah, Kolkata",₹60 Lac ,"₹5,882 per sqft ",1020 sqft,Ready to Move,2,6 out of 11,,West,1 Open,1,Unimark Riviera,Freehold,Resale
"2 BHK Flat  for Sale in  Narendrapur Rajpur Sonarpur, Kolkata",₹51 Lac ,"₹4,816 per sqft ",1059 sqft,Ready to Move,2,4 out of 4,,,,2,Sherwood Estate,Freehold,Resale
"2 BHK Flat  for Sale in  Narendrapur Rajpur Sonarpur, Kolkata",₹30 Lac ,"₹3,659 per sqft ",820 sqft,Ready to Move,2,2 out of 4,,,,,Mayfair Whitefield,,Resale
"4 BHK Flat  for Sale in  New Town, Kolkata",₹2.70 Cr ,"₹12,402 per sqft ",1508 sqft,Ready to Move,5,3 out of 21,,South,,1,PS ONE10,Freehold,Resale
"1 BHK Flat  for Sale in  Joka, Kolkata",₹30 Lac ,"₹5,464 per sqft ",549 sqft,Ready to Move,1,6 out of 10,Garden/Park,East,1 Open,2,Gems City,Freehold,Resale
"3 BHK Flat  for Sale in  Dunlop, Dakshineswar, Belgharia Expressway, Kolkata",₹11 Cr ,"₹74,324 per sqft ",1450 sqft,Ready to Move,2,5 out of 5,Main Road,North - East,2 Covered,1,Club Town Gardens,Freehold,Resale
"2 BHK Flat  for Sale in  New Town, Kolkata",₹88 Lac ,"₹5,966 per sqft ",1475 sqft,Ready to Move,2,7 out of 14,,,,3,Anahita,,Resale
"3 BHK Flat  for Sale in  Tangra, Kolkata",₹1.50 Cr ,"₹9,323 per sqft ",1200 sqft,Ready to Move,3,1 out of 10,,,,2,PS  Palm Spring,,Resale
"1 BHK Flat  for Sale in  Khardaha, Kolkata",₹25 Lac ,"₹3,968 per sqft ",630 sqft,Ready to Move,2,1 out of 14,"Pool, Garden/Park, Main Road",West,,1,Siddha Waterfront,,Resale
"2 BHK Flat  for Sale in  Maheshtala, Kolkata",₹32 Lac ,"₹4,494 per sqft ",712 sqft,Ready to Move,2,9 out of 14,,,,1,Hiland Greens,Freehold,New Property
"4 BHK Flat  for Sale in  New Town, Kolkata",₹1.75 Cr ,,2230 sqft,Ready to Move,4,9 out of 10,,,,2,Sunny Fort,,Resale
"3 BHK Flat  for Sale in  Rajarhat, Kolkata",₹50 Lac ,"₹4,112 per sqft ",1216 sqft,Ready to Move,2,2 out of 4,,,,,Team Bou Thakuranir Haat,,Resale
"3 BHK Flat  for Sale in  Barasat, Kolkata",₹25 Lac ,"₹2,632 per sqft ",950 sqft,Ready to Move,2,1 out of 5,,,,,Magnolia Nakshatra,,Resale
"3 BHK Flat  for Sale in  Maheshtala, Kolkata",₹55 Lac ,"₹3,994 per sqft ",1377 sqft,Ready to Move,2,13 out of 15,,,,,Eden City Maheshtala,,Resale
"1 BHK Flat  for Sale in  Rajarhat, Kolkata",₹1.35 Cr ,"₹10,800 per sqft ",1250 sqft,Ready to Move,,,,,,,Vatika The V,,Resale
"2 BHK Flat  for Sale in  Diamond Harbour Road, Kolkata",₹47 Lac ,"₹5,341 per sqft ",880 sqft,Ready to Move,2,10 out of 14,,North - East,,2,Jalan NVR Pride,Freehold,Resale
"2 BHK Flat  for Sale in  Sector 5 Salt Lake City, Kolkata",₹99 Lac ,"₹9,083 per sqft ",1090 sqft,Ready to Move,2,19 out of 21,,East,,1,Ideal Aquaview,Freehold,Resale
"3 BHK Flat  for Sale in  Pailan, Kolkata",₹38 Lac ,"₹3,282 per sqft ",1158 sqft,Ready to Move,2,4 out of 4,,,,2,Larica Greens,,New Property
"3 BHK Flat  for Sale in  New Town, Kolkata",₹1.20 Cr ,"₹11,776 per sqft ",990 sqft,Ready to Move,2,4 out of 15,,,,2,Dharitri Royal Enclave,,Resale
"3 BHK Flat  for Sale in  Eastern Metropolitan Bypass, Kolkata",₹1.30 Cr ,"₹7,563 per sqft ",1719 sqft,Ready to Move,2,2 out of 20,,South,1 Covered,,Ruchi Active Acres Angelica,,Resale
"4 BHK Flat  for Sale in  Diamond Harbour Road, Kolkata",₹3.21 Cr ,"₹14,793 per sqft ",2170 sqft,Ready to Move,4,10 out of 12,"Main Road, Garden/Park",,,2,Ideal Towers,,Resale
"3 BHK Flat  for Sale in  Behala Chowrasta, Kolkata",₹55 Lac ,"₹4,946 per sqft ",1112 sqft,Ready to Move,2,4 out of 4,,,,1,Balaji Crimson,,Resale
"3 BHK Flat  for Sale in  Eastern Metropolitan Bypass, Kolkata",₹2.85 Cr ,"₹17,056 per sqft ",1035 sqft,Ready to Move,3,1 out of 21,,,,2,Bengal Peerless Avidipta Phase 2,,Resale
"2 BHK Flat  for Sale in  Ramgarh Garia, Kolkata",₹1 Cr ,"₹8,598 per sqft ",1163 sqft,Ready to Move,2,7 out of 15,Garden/Park,North - East,,1,Keventer Westwind,Freehold,Resale
"3 BHK Flat  for Sale in  Sector 5 Salt Lake City, Kolkata",₹4 Cr ,"₹20,725 per sqft ",1435 sqft,Ready to Move,3,11 out of 24,Garden/Park,North - East,2 Covered,1,Merlin 5th Avenue,Freehold,Resale
"3 BHK Flat  for Sale in  Uttarpara Chinsurah, Kolkata",₹65 Lac ,"₹5,809 per sqft ",1119 sqft,Ready to Move,2,6 out of 14,,,,2,Shriram Grand City,,Resale
"2 BHK Flat  for Sale in  Serampore, Kolkata",₹38 Lac ,,587 sqft,Ready to Move,2,9 out of 12,Garden/Park,,1 Covered,1,Eden Solaris City Serampore,Freehold,Resale
"3 BHK Flat  for Sale in  Vip Road, Kolkata",₹1.40 Cr ,"₹9,964 per sqft ",1405 sqft,Ready to Move,2,1 out of 5,,,,,Space Town,,Resale
"3 BHK Flat  for Sale in  Maheshtala, Kolkata",₹42.2 Lac ,"₹3,112 per sqft ",1356 sqft,,2,1,,,,,Eden City Maheshtala,,Resale
"3 BHK Flat  for Sale in  Pailan, Kolkata",₹30 Lac ,"₹2,833 per sqft ",1059 sqft,Ready to Move,3,3 out of 5,,,,,Larica Greens,,Resale
"2 BHK Flat  for Sale in  Baranagar, Kolkata",₹1 Cr ,"₹9,488 per sqft ",771 sqft,Ready to Move,2,21 out of 25,"Garden/Park, Pool",North - East,,1,Siddha Eden Lakeville,Freehold,Resale
"1 BHK Flat  for Sale in  Mukundapur, Kolkata",₹50 Lac ,"₹9,747 per sqft ",513 sqft,Ready to Move,1,23 out of 25,"Garden/Park, Pool, Main Road",South,,1,Uttalika,Freehold,Resale
"3 BHK Flat  for Sale in  New Town, Kolkata",₹1.40 Cr ,"₹7,157 per sqft ",1956 sqft,Ready to Move,3,24 out of 29,,,,1,Sureka Elita Garden Vista,,Resale
"2 BHK Flat  for Sale in  Rajarhat, Kolkata",₹70 Lac ,"₹8,333 per sqft ",840 sqft,Ready to Move,2,2 out of 5,,,,1,Dream Residency Manor,,Resale
"3 BHK Flat  for Sale in  Baguiati, Kolkata",₹50 Lac ,"₹4,355 per sqft ",1148 sqft,Ready to Move,2,3 out of 3,,,,2,Debnath Shivam Apartment,,Resale
"3 BHK Flat  for Sale in  New Alipore, Kolkata",₹1.50 Cr ,"₹9,375 per sqft ",1600 sqft,Ready to Move,3,4 out of 4,,,,,Green Enclave,,Resale
"3 BHK Flat  for Sale in  Joka, Kolkata",₹55 Lac ,"₹4,553 per sqft ",1208 sqft,Ready to Move,2,2 out of 2,,,,2,Jalan NVR Pride,,Resale
"2 BHK Flat  for Sale in  Howrah, Kolkata",₹55 Lac ,"₹8,958 per sqft ",614 sqft,Ready to Move,2,5 out of 7,,,,,Gagananchal Apartment,,Resale
"3 BHK Flat  for Sale in  Kadapara, Kankurgachi, Kolkata",₹1.29 Cr ,"₹8,398 per sqft ",1015 sqft,Ready to Move,3,3 out of 4,,,,2,Radha Shree 30,,Resale
"3 BHK Flat  for Sale in  Madurdaha, Hussainpur, Kolkata",₹85 Lac ,"₹8,221 per sqft ",1034 sqft,Ready to Move,2,2 out of 4,,,,,Mayfair Residency,,Resale
"3 BHK Flat  for Sale in  Joka, Kolkata",₹1.10 Cr ,"₹8,607 per sqft ",867 sqft,Ready to Move,3,13 out of 13,,South - East,,1,South Kolkata City,,Resale
"3 BHK Flat  for Sale in  Eastern Metropolitan Bypass, Kolkata",₹6.50 Cr ,"₹20,402 per sqft ",3186 sqft,Ready to Move,4,36 out of 37,"Garden/Park, Main Road",South,,1,Mani Megh Mani,Freehold,Resale
"3 BHK Flat  for Sale in  Dum Dum, Kolkata",₹1.55 Cr ,"₹8,236 per sqft ",1882 sqft,Ready to Move,3,2 out of 13,,,37 Open,3,Emami City,Leasehold,Resale
"3 BHK Flat  for Sale in  Action Area 2, Kolkata",₹1.28 Cr ,"₹9,964 per sqft ",942 sqft,Ready to Move,2,9 out of 12,,,,2,Siom Mani Casa 2,,Resale
"3 BHK Flat  for Sale in  Narendrapur Rajpur Sonarpur, Kolkata",₹96 Lac ,"₹6,962 per sqft ",1379 sqft,Ready to Move,2,17 out of 18,,,,2,Rajwada Royal Gardens,,Resale
"3 BHK Flat  for Sale in  Eastern Metropolitan Bypass, Kolkata",₹2.30 Cr ,"₹16,140 per sqft ",1425 sqft,Ready to Move,2,2 out of 5,Garden/Park,East,1 Covered,,Heritage Srijan Park,,Resale
"3 BHK Flat  for Sale in  Madhyamgram, Kolkata",₹45 Lac ,,1156 sqft,Ready to Move,2,2 out of 4,,South - East,,1,Spotlight Rainbow,,Resale
"3 BHK Flat  for Sale in  Gariahat, Kolkata",₹1.65 Cr ,"₹10,645 per sqft ",1000 sqft,Ready to Move,3,3 out of 4,,,,1,Darpan,,Resale
"3 BHK Flat  for Sale in  Belgachia, Kolkata",₹1.50 Cr ,"₹12,156 per sqft ",1234 sqft,Ready to Move,2,4 out of 14,,North,1 Covered,2,DC Paul Salboni,Freehold,Resale
"2 BHK Flat  for Sale in  Barrackpore Trunk Road, Kolkata",₹1.10 Cr ,"₹8,088 per sqft ",1360 sqft,Ready to Move,2,4 out of 5,,,,2,Merrill Residency,,Resale
"2 BHK Flat  for Sale in  Madhyamgram, Kolkata",₹33 Lac ,"₹3,385 per sqft ",975 sqft,Ready to Move,2,1 out of 3,,,,1,Mira Garden,,Resale
"2 BHK Flat  for Sale in  Block N New Alipore, Kolkata",₹1.25 Cr ,"₹12,376 per sqft ",687 sqft,Ready to Move,2,5 out of 11,,South,,1,Srijan Natura,Co-operative Society,Resale
"2 BHK Flat  for Sale in  Rajarhat, Kolkata",₹50 Lac ,"₹5,051 per sqft ",990 sqft,Ready to Move,2,4 out of 5,,,,,IVY Greens,,Resale
"2 BHK Flat  for Sale in  Southern Bypass, Kolkata",₹43 Lac ,"₹3,909 per sqft ",800 sqft,Ready to Move,2,7 out of 14,,,,1,Siddha Suburbia,,Resale
4 BHK Flat  for Sale in   Kolkata,₹1.60 Cr ,"₹7,237 per sqft ",2211 sqft,Ready to Move,4,4 out of 5,Garden/Park,South,1 Covered,3,Vedic Sanjeeva Town,Freehold,Resale
"3 BHK Flat  for Sale in  Alipore, Kolkata",₹2 Cr ,"₹11,947 per sqft ",1674 sqft,Ready to Move,3,4 out of 10,Garden/Park,East,,1,Daffodil Divine Bliss,Freehold,Resale
"1 BHK Flat  for Sale in  Belghoria Expressway, Kolkata",₹46 Lac ,"₹7,667 per sqft ",600 sqft,Ready to Move,1,1 out of 6,,,,,Kendriya Vihar Phase 2,,Resale
"2 BHK Flat  for Sale in  Joka, Kolkata",₹65 Lac ,"₹7,174 per sqft ",906 sqft,Ready to Move,2,8 out of 15,,,,2,PS The 102,,Resale
"2 BHK Flat  for Sale in  Joka, Kolkata",₹65 Lac ,"₹8,065 per sqft ",806 sqft,Ready to Move,2,10 out of 18,,,,1,PS The 102,,Resale
"2 BHK Flat  for Sale in  Khardaha, Kolkata",₹45 Lac ,"₹4,967 per sqft ",906 sqft,Ready to Move,2,6 out of 8,,,,,Royal Residency,,Resale
"2 BHK Flat  for Sale in  Rajpur, Kolkata",₹60 Lac ,"₹6,696 per sqft ",896 sqft,Ready to Move,2,2 out of 5,,,,,Rupayan Su Casa Twins,,Resale
"3 BHK Flat  for Sale in  Howrah, Kolkata",₹1.35 Cr ,"₹10,181 per sqft ",1326 sqft,Ready to Move,2,16 out of 19,,,,1,Periwall Essense,Freehold,Resale
"2 BHK Flat  for Sale in  Rajarhat, Kolkata",₹34 Lac ,,821 sqft,Ready to Move,2,4 out of 4,,South -West,,1,Dashdrone,Freehold,Resale
"2 BHK Flat  for Sale in  Eastern Metropolitan Bypass, Kolkata",₹1.10 Cr ,"₹16,200 per sqft ",417 sqft,Ready to Move,1,9 out of 18,Main Road,East,,1,Bengal Peerless Avidipta Phase 2,,Resale
"3 BHK Flat  for Sale in  Sodepur, Kolkata",₹50 Lac ,"₹3,846 per sqft ",1300 sqft,Ready to Move,2,3 out of 4,,,,,KIC Neelkunj,,Resale
"2 BHK Flat  for Sale in  East Kolkata Township, Kolkata",₹1.14 Cr ,"₹10,097 per sqft ",1134 sqft,Ready to Move,2,5 out of 6,,,,1,Purba GD Block,,Resale
"2 BHK Flat  for Sale in  Rajarhat, Kolkata",₹77 Lac ,"₹9,948 per sqft ",774 sqft,Ready to Move,2,10 out of 14,"Garden/Park, Main Road",South,,1,Green Heights II,,Resale
"5 BHK Flat  for Sale in  Rajarhat, Kolkata",₹1.50 Cr ,"₹4,872 per sqft ",3079 sqft,Ready to Move,5,1 out of 14,,,,,NBCC Vibgyor Towers,,Resale
"1 BHK Flat  for Sale in  Bhangar, Kolkata",₹12 Lac ,"₹2,667 per sqft ",450 sqft,Ready to Move,1,1 out of 5,,,,,Simoco Sanhita Housing Complex Commercial,,Resale
"5 BHK Flat  for Sale in  Action Area 1, Kolkata",₹1.85 Cr ,"₹6,008 per sqft ",3079 sqft,Ready to Move,5,5 out of 15,,,1 Covered,1,NBCC Vibgyor Towers,,Resale
"3 BHK Flat  for Sale in  Jessore Road, Kolkata",₹65 Lac ,"₹5,909 per sqft ",1100 sqft,Ready to Move,2,4 out of 4,,,,1,Srijan Midlands,,Resale
"2 BHK Flat  for Sale in  Howrah, Kolkata",₹80 Lac ,"₹6,656 per sqft ",1202 sqft,Ready to Move,2,7 out of 14,,,,,Madhusudhan Apartment,,Resale
"2 BHK Flat  for Sale in  Maheshtala, Kolkata",₹32 Lac ,"₹4,267 per sqft ",750 sqft,Ready to Move,2,11 out of 14,,,,,Hiland Greens,,Resale
"2 BHK Flat  for Sale in  Maheshtala, Kolkata",₹25 Lac ,"₹3,511 per sqft ",712 sqft,Ready to Move,2,12 out of 14,,,,,Hiland Greens,,Resale
"3 BHK Flat  for Sale in  Eastern Metropolitan Bypass, Kolkata",₹1.86 Cr ,"₹10,973 per sqft ",1695 sqft,Ready to Move,2,3 out of 35,,,,2,Siddha Sky,,Resale
"2 BHK Flat  for Sale in  Eastern Metropolitan Bypass, Kolkata",₹1 Cr ,"₹8,292 per sqft ",1206 sqft,Ready to Move,2,4 out of 17,,,,2,Hiland Park,,Resale
"3 BHK Flat  for Sale in  Rajarhat, Kolkata",₹1 Cr ,"₹5,714 per sqft ",1750 sqft,Ready to Move,2,1 out of 12,,,,2,Shrachi Greenwood Elements,,Resale
"3 BHK Flat  for Sale in  Behala, Kolkata",₹43.7 Lac ,"₹3,800 per sqft ",1150 sqft,Ready to Move,2,9 out of 9,,,,1,Surya Heights,,Resale
"2 BHK Flat  for Sale in  Rajarhat, Kolkata",₹40 Lac ,"₹4,624 per sqft ",650 sqft,Ready to Move,2,4 out of 5,"Main Road, Garden/Park, Pool",North - East,,1,Magnolia Prestige,Freehold,Resale
"2 BHK Flat  for Sale in  Joka, Kolkata",₹54 Lac ,"₹5,320 per sqft ",850 sqft,Ready to Move,2,7 out of 14,"Garden/Park, Main Road",,,1,Genexx Valley,Co-operative Society,Resale
"3 BHK Flat  for Sale in  Barrackpore Trunk Road, Kolkata",₹1.35 Cr ,"₹8,923 per sqft ",1513 sqft,Ready to Move,2,18 out of 19,,,,,Dhoot Pratham,,Resale
"3 BHK Flat  for Sale in  Alipore, Kolkata",₹2 Cr ,"₹11,947 per sqft ",1200 sqft,Ready to Move,3,4 out of 9,,,,1,Daffodil Divine Bliss,,Resale
"3 BHK Flat  for Sale in  Patuli, Kolkata",₹91 Lac ,"₹7,699 per sqft ",1182 sqft,Ready to Move,2,4 out of 4,"Garden/Park, Pool, Main Road",East,,1,Vinayak Cosmopolis,Freehold,Resale
"4 BHK Flat  for Sale in  Phool Bagan Kankurgachi, Kolkata",₹4 Cr ,"₹17,182 per sqft ",2328 sqft,Ready to Move,3,9 out of 13,,,,,PS  Jiva Homes,,Resale
"3 BHK Flat  for Sale in  Anandapur, Kolkata",₹4.25 Cr ,"₹16,667 per sqft ",1540 sqft,,3,6 out of 45,,,,1,Urbana,,Resale
"2 BHK Flat  for Sale in  Chinar Park, Rajarhat, Kolkata",₹46 Lac ,,800 sqft,Ready to Move,2,1 out of 5,Main Road,,1 Covered,1,Nandi Enclave,Freehold,Resale
"3 BHK Flat  for Sale in  New Town, Kolkata",₹1.90 Cr ,"₹12,048 per sqft ",1577 sqft,Ready to Move,2,4 out of 23,,,,2,Mani Casa,,Resale
"2 BHK Flat  for Sale in  Kamalgazi, Narendrapur, Kolkata",₹65 Lac ,"₹6,612 per sqft ",983 sqft,Ready to Move,2,4 out of 4,"Pool, Garden/Park, Main Road",,,1,Sugam Serenity,,Resale
"2 BHK Flat  for Sale in  Behala Chowrasta, Kolkata",₹50 Lac ,"₹5,435 per sqft ",920 sqft,Ready to Move,2,3 out of 16,,,,,Srijan Greenfield City,,Resale
"4 BHK Flat  for Sale in  Eastern Metropolitan Bypass, Kolkata",₹4.50 Cr ,"₹15,000 per sqft ",2500 sqft,Ready to Move,4,18 out of 20,"Garden/Park, Main Road",North,2 Covered,2,WB Avidipta,,Resale
"4 BHK Flat  for Sale in  New Town, Kolkata",₹3.10 Cr ,"₹15,369 per sqft ",1512 sqft,,3,19 out of 19,"Pool, Garden/Park, Main Road",North - East,1 Covered,2,Srijan Town Square,Freehold,Resale
"2 BHK Flat  for Sale in  Narendrapur Rajpur Sonarpur, Kolkata",₹45 Lac ,"₹5,119 per sqft ",879 sqft,Ready to Move,2,3 out of 6,Pool,South - East,1 Covered,1,Skyline Imperia,Freehold,Resale
"3 BHK Flat  for Sale in  Barasat, Kolkata",₹57 Lac ,"₹4,750 per sqft ",1200 sqft,Ready to Move,2,2 out of 5,,,,,Fortune Township,,Resale
"2 BHK Flat  for Sale in  Barrackpore, Kolkata",₹27 Lac ,"₹3,392 per sqft ",796 sqft,Ready to Move,2,6 out of 7,Main Road,South -West,,1,Magnolia Sports City,Freehold,Resale
"3 BHK Flat  for Sale in  Sector 5 Salt Lake City, Kolkata",₹2.15 Cr ,"₹14,478 per sqft ",1485 sqft,Ready to Move,2,6 out of 25,,,,1,Ideal Aquaview,,Resale
"2 BHK Flat  for Sale in  Dunlop, Dakshineswar, Belgharia Expressway, Kolkata",₹65 Lac ,"₹6,842 per sqft ",950 sqft,Ready to Move,2,3 out of 5,,,,1,Dunlop Residency,,Resale
"3 BHK Flat  for Sale in  Rajarhat Main Road, Kolkata",₹1.20 Cr ,"₹7,895 per sqft ",1200 sqft,Ready to Move,2,2 out of 8,,South,,1,Salarpuria Silver Oak Estate,Freehold,Resale
"2 BHK Flat  for Sale in  Joka, Kolkata",₹53 Lac ,"₹5,638 per sqft ",705 sqft,Ready to Move,2,9 out of 12,"Garden/Park, Main Road",South - East,,1,DTC Southern Heights,Freehold,New Property
"4 BHK Flat  for Sale in  Mahish Bathan, Kolkata",₹4.30 Cr ,"₹22,085 per sqft ",1947 sqft,Ready to Move,4,16 out of 26,,,,,Merlin The Fourth,,Resale
"2 BHK Flat  for Sale in  Rajarhat Main Road, Kolkata",₹32 Lac ,"₹3,657 per sqft ",875 sqft,Ready to Move,2,4 out of 5,"Garden/Park, Pool, Main Road",South - East,,2,Magnolia Vardaan,Freehold,Resale
"3 BHK Flat  for Sale in  Thakurpukur, Kolkata",₹51 Lac ,"₹3,672 per sqft ",1389 sqft,Ready to Move,2,2 out of 4,Garden/Park,East,,2,Bengal Greenfield Oasis,Freehold,Resale
"3 BHK Flat  for Sale in  Tollygunge, Kolkata",₹1.10 Cr ,"₹7,458 per sqft ",1475 sqft,,2,11 out of 12,,,,,Mani Shankhmani,,Resale
"3 BHK Flat  for Sale in  Rajarhat, Kolkata",₹1.25 Cr ,"₹7,366 per sqft ",1697 sqft,Ready to Move,2,15 out of 27,,,,,Garden Vista,,Resale
"3 BHK Flat  for Sale in  Rajarhat, Kolkata",₹1.50 Cr ,"₹8,333 per sqft ",1800 sqft,Ready to Move,3,15 out of 22,"Garden/Park, Main Road",North - East,,2,DLF New Town Heights,Freehold,
"2 BHK Flat  for Sale in  Maheshtala, Kolkata",₹31.1 Lac ,"₹4,362 per sqft ",712 sqft,Ready to Move,2,11 out of 14,Main Road,South -West,1 Covered,1,Hiland Greens,Freehold,Resale
"3 BHK Flat  for Sale in  Mukundapur, Kolkata",₹3 Cr ,"₹13,999 per sqft ",2143 sqft,,2,27 out of 34,,,,,Utalika Luxury Phase 5,,Resale
"2 BHK Flat  for Sale in  Bishnupur Rajarhat, Kolkata",₹53 Lac ,"₹5,343 per sqft ",992 sqft,Ready to Move,2,8 out of 11,Garden/Park,,,1,Magnolia Oxygen,Freehold,Resale
"2 BHK Flat  for Sale in  Bally, Kolkata",₹25 Lac ,"₹3,333 per sqft ",720 sqft,,1,Ground out of 4,Main Road,North - East,,1,BG Bally Imperia,Co-operative Society,New Property
"2 BHK Flat  for Sale in  Rajarhat, Kolkata",₹44.8 Lac ,"₹4,994 per sqft ",897 sqft,Ready to Move,2,8 out of 12,,,,1,Magnolia Oxygen,,Resale
"2 BHK Flat  for Sale in  Agarpara, Kolkata",₹75 Lac ,"₹7,426 per sqft ",696 sqft,Ready to Move,2,2 out of 21,"Pool, Garden/Park, Main Road",South - East,,1,Oswal Orchard 126,Freehold,Resale
"2 BHK Flat  for Sale in  Mahatma Gandhi Road, Kolkata",₹40 Lac ,"₹4,264 per sqft ",938 sqft,Ready to Move,2,2 out of 4,,,,1,Eden Tolly Signature Phase 1,,Resale
"3 BHK Flat  for Sale in  New Town, Kolkata",₹1.10 Cr ,"₹6,587 per sqft ",1670 sqft,Ready to Move,3,6 out of 11,,,,1,Swan Court,,Resale
"3 BHK Flat  for Sale in  Tangra, Kolkata",₹1.35 Cr ,"₹8,676 per sqft ",1556 sqft,Ready to Move,3,1 out of 10,,,,1,PS  Palm Spring,,Resale
"4 BHK Flat  for Sale in  Action Area 1, Kolkata",₹4.25 Cr ,"₹14,031 per sqft ",3029 sqft,Ready to Move,5,7 out of 22,"Pool, Main Road",North - West,2 Covered,3,Anik One Rajarhat,Freehold,Resale
"3 BHK Flat  for Sale in  Rajarhat, Kolkata",₹1.51 Cr ,"₹11,843 per sqft ",1275 sqft,Ready to Move,2,8 out of 13,,,,2,Siddha Galaxia Phase I,,Resale
"4 BHK Flat  for Sale in  Action Area 2, Kolkata",₹3 Cr ,,1345 sqft,Ready to Move,3,17 out of 20,,,,3,PS ONE10,,Resale
"2 BHK Flat  for Sale in  Garia, Kolkata",₹61 Lac ,"₹6,381 per sqft ",956 sqft,Ready to Move,2,1 out of 4,,,,1,Vinayak Skyline Lakeview,,Resale
"3 BHK Flat  for Sale in  Sector 5 Salt Lake City, Kolkata",₹2 Cr ,"₹11,689 per sqft ",1711 sqft,Ready to Move,3,1 out of 1,,,,,Panache,,Resale
"3 BHK Flat  for Sale in  Uttarpara Chinsurah, Kolkata",₹60 Lac ,"₹5,362 per sqft ",805 sqft,,2,11 out of 15,Garden/Park,,1 Covered,,Shriram Grand One,Freehold,Resale
"3 BHK Flat  for Sale in  Rajarhat, Kolkata",₹82 Lac ,"₹6,074 per sqft ",1350 sqft,Ready to Move,2,3 out of 6,,East,,,Dream Residency Manor,,Resale
"3 BHK Flat  for Sale in  Chak Garia, Kolkata",₹1.50 Cr ,"₹11,111 per sqft ",1350 sqft,Ready to Move,2,26 out of 27,,,,1,Hiland Metropolis,,Resale
"2 BHK Flat  for Sale in  Shakespeare Sarani, Kolkata",₹1.95 Cr ,"₹13,122 per sqft ",1200 sqft,Ready to Move,2,10 out of 10,Main Road,East,,1,Sukh Sadan,Freehold,Resale
"2 BHK Flat  for Sale in  Bramhapur, Kolkata",₹30 Lac ,"₹3,846 per sqft ",780 sqft,Ready to Move,2,1 out of 3,,,,1,Niva Park Phase II,Freehold,Resale
"2 BHK Flat  for Sale in  Baruipur, Kolkata",₹40 Lac ,"₹4,762 per sqft ",840 sqft,Ready to Move,2,3 out of 4,,,,,Mayfair Platinum,,Resale
"2 BHK Flat  for Sale in  Sector 5 Salt Lake City, Kolkata",₹1.35 Cr ,"₹12,500 per sqft ",1080 sqft,Ready to Move,2,24 out of 25,,,,1,Ideal Aquaview,,Resale
"3 BHK Flat  for Sale in  Rajarhat Falta, Kolkata",₹1 Cr ,"₹7,710 per sqft ",834 sqft,Ready to Move,2,1 out of 16,,South -West,,2,PS The Soul,,Resale
"2 BHK Flat  for Sale in  Behala Chowrasta, Kolkata",₹43 Lac ,"₹4,087 per sqft ",1052 sqft,Ready to Move,2,1 out of 11,,,,1,Srijan Greenfield City,,Resale
"3 BHK Flat  for Sale in  Maheshtala, Kolkata",₹42 Lac ,"₹3,398 per sqft ",1236 sqft,Ready to Move,2,9 out of 15,,,,1,Eden City Maheshtala,,Resale
"3 BHK Flat  for Sale in  Rajarhat Falta, Kolkata",₹1.20 Cr ,"₹8,571 per sqft ",950 sqft,Ready to Move,3,13 out of 23,Garden/Park,South,,1,Rishi Pranaya,Freehold,New Property
"3 BHK Flat  for Sale in  Rajpur Sonarpur, Kolkata",₹1.25 Cr ,"₹12,500 per sqft ",1000 sqft,Ready to Move,2,8 out of 11,,,1 Covered,1,Primarc Southwinds,,Resale
"3 BHK Flat  for Sale in  Howrah, Kolkata",₹1.20 Cr ,"₹7,864 per sqft ",1200 sqft,,3,5 out of 19,,,,1,Periwall Essense,,Resale
"3 BHK Flat  for Sale in  Rajarhat, Kolkata",₹90 Lac ,"₹5,678 per sqft ",1585 sqft,Ready to Move,3,1 out of 6,,,,1,Ideal Enclave,,Resale
"3 BHK Flat  for Sale in  Tollygunge, Kolkata",₹51 Lac ,"₹4,093 per sqft ",1047 sqft,Ready to Move,2,4 out of 4,"Garden/Park, Pool, Main Road",East,,1,Eden Tolly Lakeside,Freehold,Resale
"3 BHK Flat  for Sale in  Rajarhat, Kolkata",₹92 Lac ,"₹7,610 per sqft ",785 sqft,Ready to Move,3,2 out of 9,,,,,Ascon Era,,Resale
"2 BHK Flat  for Sale in  Kasba, Kolkata",₹65 Lac ,"₹7,222 per sqft ",900 sqft,Ready to Move,2,1 out of 4,,,,1,Orchid Enclave,,Resale
"2 BHK Flat  for Sale in  Maheshtala, Kolkata",₹30 Lac ,"₹4,000 per sqft ",750 sqft,Ready to Move,2,3 out of 20,,,,,Hiland Greens,,Resale
"3 BHK Flat  for Sale in  Eastern Metropolitan Bypass, Kolkata",₹2.20 Cr ,"₹10,476 per sqft ",2100 sqft,Ready to Move,2,13 out of 14,,,,,Udita Apartments,,Resale
"2 BHK Flat  for Sale in  Kaikhali, Kolkata",₹45 Lac ,"₹5,233 per sqft ",860 sqft,Ready to Move,2,3 out of 7,,,,,GM Meena Paradise,,Resale
"3 BHK Flat  for Sale in  Santragachi, Kolkata",₹59.8 Lac ,"₹5,693 per sqft ",1050 sqft,,3,33,,,,,KIC Kadambari,,Resale
"2 BHK Flat  for Sale in  Rajarhat, Kolkata",₹30.1 Lac ,"₹3,472 per sqft ",867 sqft,Ready to Move,2,3 out of 5,,,,,Magnolia Prestige,,Resale
"3 BHK Flat  for Sale in  Regent Park, Kolkata",₹1.15 Cr ,"₹7,419 per sqft ",1050 sqft,,3,1 out of 8,,South,,1,Pasari Chitrakatha,Freehold,Resale
"3 BHK Flat  for Sale in  Konnagar, Kolkata",₹1.20 Cr ,"₹9,554 per sqft ",1256 sqft,Ready to Move,3,3 out of 5,,,,2,Lilaboti Apartment,,Resale
"2 BHK Flat  for Sale in  Jessore Road, Kolkata",₹60 Lac ,"₹6,881 per sqft ",600 sqft,Ready to Move,2,10 out of 11,,,,1,Srijan Eternis,,Resale
"3 BHK Flat  for Sale in  Eastern Metropolitan Bypass, Kolkata",₹4 Cr ,"₹20,000 per sqft ",2000 sqft,Ready to Move,4,13 out of 30,,,,,Urbana NRI Complex,,Resale
"3 BHK Flat  for Sale in  Vip Road, Kolkata",₹1 Cr ,"₹6,944 per sqft ",1440 sqft,Ready to Move,2,3 out of 4,,,,1,Anupama,,Resale
"3 BHK Flat  for Sale in  Mukundapur, Kolkata",₹4 Cr ,"₹11,461 per sqft ",3490 sqft,Ready to Move,4,3 out of 24,,,,,Ambuja Utalika Luxury Phase 2,,Resale
"2 BHK Flat  for Sale in  Sector 5 Salt Lake City, Kolkata",₹1.25 Cr ,"₹11,905 per sqft ",1050 sqft,Ready to Move,2,17 out of 21,,,,,Ideal Aquaview,,Resale
"2 BHK Flat  for Sale in  New Alipore, Kolkata",₹1.50 Cr ,"₹11,538 per sqft ",1000 sqft,Ready to Move,2,3 out of 7,Main Road,North - West,,,SHANTI COTTAGE Kunj,,Resale
"2 BHK Flat  for Sale in  Maheshtala, Kolkata",₹25 Lac ,"₹3,571 per sqft ",700 sqft,Ready to Move,1,7 out of 13,,,,,Hiland Greens,,Resale
"3 BHK Flat  for Sale in  Bakra Hat Road, Kolkata",₹27 Lac ,"₹2,789 per sqft ",658 sqft,Ready to Move,3,4 out of 4,,East,,1,SwanGreen,Freehold,Resale
"3 BHK Flat  for Sale in  Maheshtala, Kolkata",₹60 Lac ,"₹3,937 per sqft ",1524 sqft,Ready to Move,3,8 out of 15,,,,1,Eden City Maheshtala,,Resale
"4 BHK Flat  for Sale in  Eastern Metropolitan Bypass, Kolkata",₹1.60 Cr ,"₹7,404 per sqft ",2161 sqft,Ready to Move,3,13 out of 18,,,,,Natural Utopia,,Resale
"3 BHK Flat  for Sale in  Thakurpukur, Kolkata",₹70 Lac ,"₹4,878 per sqft ",1435 sqft,Ready to Move,2,5 out of 20,,,1 Covered,1,Ideal Regency,,Resale
"2 BHK Flat  for Sale in  Ranikuthi, Kolkata",₹82 Lac ,"₹7,289 per sqft ",834 sqft,,2,1 out of 8,,,,1,Pasari Chitrakatha,Freehold,Resale
"2 BHK Flat  for Sale in  Barasat, Kolkata",₹25.6 Lac ,"₹2,966 per sqft ",863 sqft,Ready to Move,2,3 out of 5,,,,,Fortune Township,,Resale
"4 BHK Flat  for Sale in  New Town, Kolkata",₹3.21 Cr ,"₹13,459 per sqft ",1651 sqft,Ready to Move,4,26 out of 29,,,,3,TATA Avenida,,Resale
"3 BHK Flat  for Sale in  Mahish Bathan Dhapa, Kolkata",₹1.20 Cr ,"₹8,136 per sqft ",968 sqft,Ready to Move,2,19 out of 24,Main Road,North - East,,1,Ideal Aquaview,Freehold,Resale
"3 BHK Flat  for Sale in  Shibrampur, Shibrampur Mauza, Kolkata",₹66 Lac ,,1306 sqft,Ready to Move,3,5 out of 9,Garden/Park,East,,2,Greenfield City,,Resale
"2 BHK Flat  for Sale in  Narayanpur, Gopalpur Gram, Kolkata",₹41 Lac ,"₹5,170 per sqft ",920 sqft,Ready to Move,2,5 out of 6,,,,1,Shivalaya Apartment,,Resale
"2 BHK Flat  for Sale in  Park Street Area, Kolkata",₹2.75 Cr ,"₹24,186 per sqft ",1137 sqft,Ready to Move,2,8 out of 14,,,,1,Apsara,,Resale
"3 BHK Flat  for Sale in  Vip Road, Kolkata",₹1.26 Cr ,"₹7,910 per sqft ",1195 sqft,Ready to Move,3,1 out of 5,,,1 Open,1,Merlin North Star,Freehold,Resale
"3 BHK Flat  for Sale in  Basanta Lal Saha Road, Kolkata",₹1.20 Cr ,"₹8,136 per sqft ",1475 sqft,Ready to Move,2,5 out of 5,,,,1,Multicon Sigma,,Resale
"2 BHK Flat  for Sale in  Joka, Kolkata",₹57 Lac ,"₹6,264 per sqft ",891 sqft,Ready to Move,2,11 out of 12,,,,2,Godrej Seven,,Resale
"3 BHK Flat  for Sale in  Barrackpore Trunk Road, Kolkata",₹1.50 Cr ,"₹9,434 per sqft ",1590 sqft,Ready to Move,3,4 out of 12,Garden/Park,East,1 Open,2,Orbit Lumiere,Freehold,Resale
"3 BHK Flat  for Sale in  Tangra, Kolkata",₹1.80 Cr ,"₹13,740 per sqft ",810 sqft,Ready to Move,2,10 out of 26,"Main Road, Garden/Park, Pool",South,,1,Alcove Flora Fountain,Freehold,Resale
"3 BHK Flat  for Sale in  Action Area 3, Kolkata",₹1.45 Cr ,"₹6,814 per sqft ",2128 sqft,,4,18 out of 24,"Pool, Garden/Park, Main Road",,2 Covered,2,Uniworld City,Freehold,New Property
"2 BHK Flat  for Sale in  Maheshtala, Kolkata",₹22 Lac ,"₹4,015 per sqft ",548 sqft,,2,5 out of 14,"Garden/Park, Pool, Main Road",East,1 Covered,1,Hiland Greens,Freehold,Resale
"6 BHK Flat  for Sale in  Howrah, Kolkata",₹1.11 Cr ,"₹4,731 per sqft ",2160 sqft,Ready to Move,4,6 out of 9,,South,,2,Shree Apartment,Freehold,Resale
"3 BHK Flat  for Sale in  Tollygunge, Kolkata",₹2 Cr ,"₹13,937 per sqft ",1435 sqft,Ready to Move,3,6 out of 10,Garden/Park,,,2,Diamond City South,Co-operative Society,Resale
"2 BHK Flat  for Sale in  Madhyamgram, Kolkata",₹58 Lac ,"₹6,270 per sqft ",612 sqft,Ready to Move,2,3 out of 11,"Pool, Main Road",South - East,,1,Rishi Ventoso,Freehold,Resale
"2 BHK Flat  for Sale in  Howrah, Kolkata",₹45 Lac ,"₹4,737 per sqft ",950 sqft,Ready to Move,2,2 out of 3,Main Road,East,,1,Shanti Niwas,Co-operative Society,New Property
"1 BHK Flat  for Sale in  Mukundapur, Kolkata",₹37 Lac ,"₹7,157 per sqft ",517 sqft,Ready to Move,1,8 out of 26,,,,,Ambuja Utalika The Condoville,,Resale
"3 BHK Flat  for Sale in  Barrackpore Trunk Road, Kolkata",₹1 Cr ,"₹7,358 per sqft ",1359 sqft,,2,9 out of 19,"Garden/Park, Pool",South -West,,1,Godrej Prakriti,Freehold,New Property
"3 BHK Flat  for Sale in  Behala, Kolkata",₹1.05 Cr ,"₹5,183 per sqft ",1325 sqft,Ready to Move,3,1 out of 5,"Garden/Park, Main Road",North,1 Covered,2,Calcutta Motor Dealers,Freehold,Resale
"2 BHK Flat  for Sale in  Joka, Kolkata",₹30 Lac ,"₹4,000 per sqft ",750 sqft,Ready to Move,2,9 out of 12,,,,,Eden Solaris Joka Phase 1,,Resale
"3 BHK Flat  for Sale in  Tangra, Kolkata",₹2.10 Cr ,"₹12,048 per sqft ",1743 sqft,Ready to Move,3,13 out of 18,"Garden/Park, Pool",North - East,,1,Salarpuria Luxuria Heights,,Resale
"2 BHK Flat  for Sale in  Ultadanga, Kolkata",₹1.20 Cr ,"₹13,333 per sqft ",900 sqft,Ready to Move,2,11 out of 13,,,,,Merlin Warden Lake View,,Resale
"2 BHK Flat  for Sale in  Gariahat Road, Kolkata",₹2 Cr ,"₹13,986 per sqft ",1100 sqft,Ready to Move,2,5 out of 13,Garden/Park,North - East,1 Covered,2,Megha Mallar,Co-operative Society,Resale
"2 BHK Flat  for Sale in  Harinavi, Kolkata",₹31 Lac ,"₹3,690 per sqft ",840 sqft,Ready to Move,2,2 out of 4,,,,1,Atri Green Residency,,Resale
"2 BHK Flat  for Sale in  Maheshtala, Kolkata",₹24 Lac ,"₹3,371 per sqft ",712 sqft,Ready to Move,2,10 out of 14,,East,,1,Hiland Greens,Freehold,Resale
"3 BHK Flat  for Sale in  Convent Road, Kolkata",₹2 Cr ,"₹16,978 per sqft ",1076 sqft,Ready to Move,3,7 out of 11,"Main Road, Garden/Park",South,,1,BG La Convent,Freehold,Resale
"3 BHK Flat  for Sale in  Maheshtala, Kolkata",₹43 Lac ,"₹3,479 per sqft ",1236 sqft,Ready to Move,3,Lower Basement out of 13,,,,,Eden City Maheshtala,,Resale
"3 BHK Flat  for Sale in  Daulatpur, Pailan, Kolkata",₹29.5 Lac ,"₹2,786 per sqft ",1059 sqft,,2,3 out of 5,Main Road,,1 Covered,2,Larica Green Pailan,Freehold,New Property
4 BHK Flat  for Sale in   Kolkata,₹2.05 Cr ,"₹10,411 per sqft ",1400 sqft,,3,17 out of 23,"Garden/Park, Pool",East,,2,Vinayak Vista,Freehold,New Property
"4 BHK Flat  for Sale in  Rajarhat, Kolkata",₹1.10 Cr ,"₹4,583 per sqft ",2400 sqft,Ready to Move,4,1 out of 3,,,,,Vedic Sanjeeva Town,,Resale
"2 BHK Flat  for Sale in  Maheshtala, Kolkata",₹25 Lac ,"₹3,141 per sqft ",550 sqft,Ready to Move,2,7 out of 8,,,,1,Eden City Maheshtala,,Resale
"3 BHK Flat  for Sale in  Eastern Metropolitan Bypass, Kolkata",₹80 Lac ,"₹7,707 per sqft ",1038 sqft,,2,21 out of 25,,,,,Merlin Skygaze,,Resale
"3 BHK Flat  for Sale in  Diamond Harbour Road, Kolkata",₹2.10 Cr ,"₹11,966 per sqft ",1755 sqft,Ready to Move,3,4 out of 11,,,,2,Ideal Towers,,Resale
"2 BHK Flat  for Sale in  Maheshtala, Kolkata",₹30 Lac ,"₹4,213 per sqft ",712 sqft,Ready to Move,2,4 out of 12,,,,,Hiland Greens,,Resale
"3 BHK Flat  for Sale in  Kasba, Kolkata",₹90 Lac ,"₹10,465 per sqft ",860 sqft,Ready to Move,2,4 out of 4,,,,,Samadrita CHS,,Resale
"4 BHK Flat  for Sale in  Eastern Metropolitan Bypass, Kolkata",₹1.80 Cr ,"₹6,974 per sqft ",2581 sqft,Ready to Move,4,9 out of 20,,,,,Ruchi Active Acres Angelica,,Resale
"2 BHK Flat  for Sale in  Salt Lake City, Kolkata",₹2.75 Cr ,"₹15,110 per sqft ",1820 sqft,Ready to Move,3,4 out of 7,"Pool, Garden/Park, Main Road",,1 Covered,2,Ambuja The Residency,Leasehold,Resale
"2 BHK Flat  for Sale in  Harinavi, Kolkata",₹23 Lac ,"₹2,991 per sqft ",769 sqft,Ready to Move,2,1 out of 4,,,,1,Amrita Garden,,Resale
"3 BHK Flat  for Sale in  Sonarpur Station Road, Kolkata",₹47.5 Lac ,"₹4,043 per sqft ",1175 sqft,Ready to Move,2,4 out of 4,,,,1,Rajwada Lake Bliss,,Resale
"4 BHK Flat  for Sale in  Jessore Road, Kolkata",₹2.50 Cr ,"₹10,946 per sqft ",2284 sqft,Ready to Move,2,1 out of 9,,,,,Natural City,,Resale
"3 BHK Flat  for Sale in  Anandapur, Kolkata",₹4.30 Cr ,"₹15,682 per sqft ",2742 sqft,,3,23 out of 45,Pool,North - East,2 Covered,,Bengal Urbana Phase 2,Leasehold,Resale
"2 BHK Flat  for Sale in  Dum Dum, Kolkata",₹78 Lac ,"₹6,610 per sqft ",1180 sqft,Ready to Move,2,3 out of 5,,,,,Bhawani Dreams,,Resale
"3 BHK Flat  for Sale in  Eastern Metropolitan Bypass, Kolkata",₹2.80 Cr ,"₹11,475 per sqft ",2440 sqft,Ready to Move,3,1 out of 1,,,,,PS  The Address,,Resale
"4 BHK Flat  for Sale in  Tollygunge, Kolkata",₹1.75 Cr ,"₹11,269 per sqft ",1553 sqft,Ready to Move,3,3 out of 12,,,,,Merlin Verve,,Resale
"2 BHK Flat  for Sale in  Eastern Metropolitan Bypass, Kolkata",₹97 Lac ,"₹11,631 per sqft ",834 sqft,,2,18,,,,,Bengal Peerless Avidipta,,Resale
"2 BHK Flat  for Sale in  Jagatdal, Kolkata",₹28 Lac ,"₹3,256 per sqft ",700 sqft,Ready to Move,2,2 out of 4,,,,1,Pacific Dale,,Resale
"2 BHK Flat  for Sale in  Maheshtala, Kolkata",₹32.5 Lac ,,712 sqft,Ready to Move,2,13 out of 14,,,,1,Hiland Greens,,Resale
"3 BHK Flat  for Sale in  Khardaha, Kolkata",₹60 Lac ,"₹4,934 per sqft ",1216 sqft,Ready to Move,2,3 out of 13,,,,2,Siddha Waterfront,,Resale
"1 BHK Flat  for Sale in  Mukundapur, Kolkata",₹30 Lac ,"₹5,848 per sqft ",513 sqft,Ready to Move,1,9 out of 25,,North,,,Ambuja Utalika The Condoville,Freehold,Resale
"3 BHK Flat  for Sale in  Malancha Mahi Nagar, Kolkata",₹35 Lac ,"₹3,646 per sqft ",960 sqft,Ready to Move,2,5 out of 5,,,,,Mayfair Greenwoods,,Resale
"2 BHK Flat  for Sale in  Tollygunge, Kolkata",₹70 Lac ,"₹5,738 per sqft ",1220 sqft,Ready to Move,2,3 out of 16,Garden/Park,East,,1,Ideal Greens,Freehold,Resale
"3 BHK Flat  for Sale in  Eastern Metropolitan Bypass, Kolkata",₹1.55 Cr ,"₹7,643 per sqft ",2028 sqft,Ready to Move,3,,Garden/Park,North,1 Covered,1,Ruchi Active Acres Angelica,Freehold,Resale
"3 BHK Flat  for Sale in  New Town, Kolkata",₹3.10 Cr ,"₹18,776 per sqft ",1651 sqft,Ready to Move,4,18 out of 27,,,,,TATA Avenida,,Resale
"2 BHK Flat  for Sale in  Garia, Kolkata",₹50 Lac ,"₹5,336 per sqft ",937 sqft,Ready to Move,2,2 out of 7,,,,,Prudent Prana,,Resale
"3 BHK Flat  for Sale in  Barrackpore Trunk Road, Kolkata",₹1.25 Cr ,"₹9,527 per sqft ",1312 sqft,Ready to Move,2,5 out of 25,"Pool, Main Road",,,1,Premier Joy 98,Freehold,Resale
"3 BHK Flat  for Sale in  Rash Behari Avenue, Kolkata",₹2.40 Cr ,"₹14,035 per sqft ",1710 sqft,Ready to Move,3,2 out of 7,,,,,Natural Sarvapriya Residency,,Resale
"4 BHK Flat  for Sale in  Birati, Kolkata",₹90 Lac ,"₹5,245 per sqft ",1716 sqft,Ready to Move,4,6 out of 6,,,,,Kendriya Vihar Phase 2,,Resale
"2 BHK Flat  for Sale in  Rajarhat, Kolkata",₹50 Lac ,"₹4,789 per sqft ",1044 sqft,Ready to Move,2,3 out of 5,,,,,IVY Greens,,Resale
"3 BHK Flat  for Sale in  Ramchandrapur Thakurpukur, Kolkata",₹52.9 Lac ,"₹4,332 per sqft ",1220 sqft,Ready to Move,2,2 out of 4,,,,2,Eden Tolly Gardenia,,Resale
"3 BHK Flat  for Sale in  Madhyamgram, Kolkata",₹52 Lac ,"₹4,127 per sqft ",1260 sqft,Ready to Move,3,3 out of 6,,,,,Siddha Town Phase 2,,Resale
"2 BHK Flat  for Sale in  Vedic Village, Kolkata",₹49 Lac ,"₹4,455 per sqft ",1040 sqft,Ready to Move,2,1 out of 5,Pool,East,,2,Vedic Village,Freehold,New Property
2 BHK Flat  for Sale in   Kolkata,₹22 Lac ,"₹3,385 per sqft ",650 sqft,Ready to Move,2,3 out of 4,,,,1,Realtech Nirman Maya,,New Property
"2 BHK Flat  for Sale in  Rajarhat, Kolkata",₹39.7 Lac ,"₹4,411 per sqft ",900 sqft,Ready to Move,2,1 out of 4,,,,,Ambey Enclave,,Resale
"2 BHK Flat  for Sale in  Durga Nagar, Kolkata",₹37 Lac ,"₹4,800 per sqft ",617 sqft,,2,2 out of 5,Garden/Park,,1 Covered,1,,Freehold,New Property
"2 BHK Flat  for Sale in  Bidhan Park, Kolkata",₹32 Lac ,"₹3,556 per sqft ",800 sqft,Ready to Move,2,3 out of 3,,,,1,,,Resale
