Address,BHK,Super Area(SQFT),Floor,Bathroom,Facing,Ownership,Transaction,Status,Price(Lakh),Price per SQFT,Garden/Park,Main Road,Pool,Price Level
Jadubabur Bazar,2,780,2,2,Unknown,Freehold,Resale,Ready to Move,82,10513,0,1,0,Low
Kolkata,2,800,4,2,Unknown,Unknown,Resale,Ready to Move,28,3500,0,0,0,Low
Kudghat,2,592,3,2,South,Freehold,Resale,Ready to Move,42,6829,1,1,1,Low
Baguiati,3,956,4,2,South - East,Freehold,Resale,Ready to Move,91,7459,0,0,0,Low
Kolkata,2,836,2,1,Unknown,Unknown,Resale,Ready to Move,32,3828,0,0,0,Low
Sonarpur,1,301,3,1,South,Freehold,Resale,Ready to Move,5.1,1594,1,0,0,Low
Dum Dum Park,3,1250,2,3,North - East,Unknown,Resale,Ready to Move,45,3462,1,0,0,Low
Joka,3,734,6,2,Unknown,Freehold,Resale,Ready to Move,82,6749,1,1,0,Low
Ashokgarh,2,680,5,2,Unknown,Unknown,Resale,Ready to Move,40,4938,0,0,0,Low
Behala Chowrasta,3,1200,5,2,South,Freehold,Resale,Ready to Move,72,6000,1,1,0,Low
Netaji Nagar,2,602,4,1,Unknown,Unknown,Resale,Ready to Move,23.5,3357,0,0,0,Low
Kankurgachi,1,400,1,1,Unknown,Freehold,Resale,Ready to Move,42,10500,0,1,0,Low
Rajarhat,1,1200,23,2,East,Freehold,Resale,Ready to Move,180,15000,0,0,0,Mid
Baranagar,2,591,4,1,Unknown,Freehold,Resale,Ready to Move,39,4875,0,1,0,Low
Durgapur Bally,2,672,2,2,South -West,Freehold,Resale,Ready to Move,24,3034,0,1,0,Low
Kaliganj,1,315,1,1,Unknown,Unknown,Resale,Ready to Move,14,4444,0,0,0,Low
Keorapukur,2,680,2,2,Unknown,Unknown,Resale,Ready to Move,20,2564,0,0,0,Low
Durga Nagar,3,1026,3,2,South - East,Freehold,New Property,Unknown,61.5,4800,1,0,0,Low
Rajarhat,2,856,1,2,North,Freehold,Resale,Ready to Move,40,4673,0,0,0,Low
Nabapally Barasat,4,1400,4,2,Unknown,Unknown,Resale,Ready to Move,50,3111,0,0,0,Low
Ho Chi M,3,1425,1,3,Unknown,Freehold,Resale,Ready to Move,79,5544,0,1,0,Low
Barrackpore,1,446,1,1,Unknown,Unknown,Resale,Ready to Move,25,5605,0,0,0,Low
Panihati,2,725,3,2,Unknown,Unknown,Resale,Ready to Move,50,5030,0,0,0,Low
Tollygunge,3,700,0,1,West,Freehold,Resale,Ready to Move,25,2941,0,1,0,Low
Nimta,2,670,4,1,Unknown,Unknown,Resale,Unknown,21.2,3157,0,0,0,Low
Bonhooghly,3,1212,6,2,South - East,Freehold,Resale,Ready to Move,75.5,6229,0,1,0,Low
Santragachi,2,935,3,2,East,Freehold,Resale,Ready to Move,47,5027,1,0,1,Low
Basanta Lal Saha Road,3,1435,1,2,Unknown,Freehold,Resale,Ready to Move,85,5923,0,0,0,Low
Action Area 1,2,900,4,1,East,Freehold,Resale,Ready to Move,93,8416,0,1,0,Low
Selimpur Road,3,1320,3,2,South,Freehold,Resale,Ready to Move,125,9470,0,1,0,Low
Rajarhat,3,928,6,2,North - East,Freehold,Resale,Ready to Move,120,9231,1,0,0,Low
Serampore,2,1100,2,2,Unknown,Unknown,Resale,Ready to Move,43.6,3964,0,0,0,Low
Survey Park,3,800,4,2,South -West,Co-operative Society,Resale,Ready to Move,76,7238,1,1,0,Low
Sector 5 Salt Lake City,3,1050,17,2,South - East,Freehold,Resale,Ready to Move,129,8746,1,1,1,Low
Howrah,3,1475,4,3,East,Freehold,Resale,Ready to Move,145,7672,0,1,0,Low
Jole Doba Para,3,910,1,2,South - East,Freehold,Resale,Ready to Move,42,3691,0,0,0,Low
Kabardanga,2,973,3,2,Unknown,Unknown,Resale,Ready to Move,40,4110.99691675231,1,1,0,Low
Haridevpur,2,710,3,2,North - West,Unknown,Resale,Ready to Move,29,3473,0,1,0,Low
East Mall Road,3,1050,4,2,South - East,Freehold,Resale,Ready to Move,72,5825,1,1,0,Low
Natunpara Bablatala,2,635,1,2,North - East,Freehold,Resale,Ready to Move,30.3,3497,1,1,0,Low
Madhyamgram,2,825,4,2,East,Unknown,Resale,Ready to Move,33,4000,0,1,0,Low
Block B Lake Town,3,1226,1,2,South,Freehold,Resale,Ready to Move,82.5,5382,0,1,0,Low
Kalyan Nagar Rahara,1,410,1,1,North,Freehold,Resale,Ready to Move,13,2692,1,1,0,Low
Gouranganagar,2,838,5,2,North,Freehold,Resale,Ready to Move,75,8950,0,0,0,Low
Baguiati,3,1000,4,2,South,Freehold,Resale,Ready to Move,45,3750,0,1,0,Low
Thakurpukur,2,1008,2,2,South - East,Freehold,Resale,Ready to Move,44,3492,0,1,0,Low
Bally,2,800,1,2,Unknown,Unknown,Resale,Ready to Move,24,3000,0,0,0,Low
Madurdaha,2,810,2,2,East,Co-operative Society,Resale,Ready to Move,48,5926,0,0,0,Low
Rajarhat,3,1038,8,2,South - East,Freehold,Resale,Ready to Move,125,9630,1,1,1,Low
Basanta Lal Saha Road,4,1978,1,3,South,Freehold,Resale,Ready to Move,180,7469,1,1,0,Mid
Behala Chowrasta,3,1200,5,2,South - East,Freehold,New Property,Ready to Move,90,6000,1,1,0,Low
Tollygunge,2,800,4,2,Unknown,Unknown,Resale,Ready to Move,51,5460,0,0,0,Low
New Town,3,1270,24,3,South - East,Freehold,Resale,Ready to Move,165,10390,1,0,0,Mid
Tollygunge Karunamoyee,4,1100,2,3,North,Freehold,Resale,Ready to Move,58,4325,0,1,0,Low
Rajarhat,3,1436,6,2,Unknown,Unknown,Resale,Ready to Move,180,12534.8189415042,0,0,0,Mid
Behala Chowrasta,3,877,12,2,South,Freehold,New Property,Ready to Move,62,5652,1,1,1,Low
Basanta Lal Saha Road,3,1148,4,2,South - East,Freehold,Resale,Ready to Move,82,5714,0,1,0,Low
Dhakuria,2,646,0,2,North,Freehold,Resale,Ready to Move,55,7333,0,0,0,Low
Nayabad,3,840,4,2,North,Freehold,New Property,Ready to Move,55,4583,1,1,0,Low
Jodhpur Park,3,1300,2,2,South,Freehold,Resale,Ready to Move,185,12628,0,1,0,Mid
Behala,3,832,5,2,West,Freehold,Resale,Ready to Move,52,4685,1,1,0,Low
Nagerbazar,2,700,3,1,Unknown,Unknown,Resale,Ready to Move,23,3286,0,0,0,Low
Sector 5 Salt Lake City,3,950,4,2,North - East,Freehold,Resale,Ready to Move,85,7060,0,1,0,Low
Kaikhali,3,1150,3,2,Unknown,Unknown,Resale,Ready to Move,54,4696,0,0,0,Low
New Town,2,780,4,2,South - East,Freehold,Resale,Ready to Move,61,6302,1,0,0,Low
Joka,2,800,3,2,East,Unknown,Resale,Ready to Move,35,4375,0,1,0,Low
Baranagar,1,402,4,1,South - East,Freehold,Resale,Ready to Move,17,3594,0,1,0,Low
Madhyamgram,1,380,2,1,South,Co-operative Society,Resale,Ready to Move,21,3621,1,0,0,Low
New Alipore,3,1370,1,2,South,Freehold,Resale,Ready to Move,170,10513,0,0,1,Mid
Sealdah,3,1695,7,3,Unknown,Unknown,Resale,Ready to Move,195,11504,0,0,0,Mid
Garia,3,1200,2,2,Unknown,Freehold,Resale,Ready to Move,65,5417,0,0,0,Low
Nayabad,2,600,2,2,East,Freehold,Resale,Ready to Move,35.5,4356,1,1,0,Low
Dash Drone,3,1349,4,3,Unknown,Freehold,Resale,Ready to Move,60,4448,0,0,0,Low
Purbalok,3,950,1,2,South -West,Freehold,Resale,Ready to Move,90,6429,0,0,0,Low
New Town,3,966,4,2,East,Co-operative Society,Resale,Ready to Move,130,10961,1,1,0,Low
Madurdaha,3,1280,4,2,West,Freehold,Resale,Ready to Move,82,6260,1,1,0,Low
New Town,3,896,7,2,South - East,Freehold,Resale,Ready to Move,175,19531,1,1,1,Mid
Naktala,3,1313,4,2,North - East,Freehold,New Property,Ready to Move,75,4934,0,1,0,Low
Kamalgazi,2,1040,4,2,Unknown,Unknown,Resale,Ready to Move,40,3846,0,0,0,Low
Joka,3,1128,9,2,Unknown,Unknown,Resale,Ready to Move,80,7092,0,0,0,Low
Birati,4,1500,2,4,East,Freehold,Resale,Ready to Move,100,5828,1,0,0,Low
Sonarpur,2,558,3,2,West,Freehold,Resale,Ready to Move,28,3608,0,1,0,Low
Behala,2,600,2,2,Unknown,Unknown,Resale,Ready to Move,30,4000,0,0,0,Low
Jodhpur Park,4,1611,3,2,Unknown,Unknown,Resale,Ready to Move,200,12415,0,1,0,Mid
Joka,3,792,12,3,Unknown,Freehold,Resale,Ready to Move,75,5531,0,0,0,Low
Tollygunge,3,1468,5,2,South - East,Freehold,Resale,Ready to Move,135,7357,1,1,0,Low
Beleghata,2,550,0,1,South - East,Freehold,Resale,Ready to Move,35,5303,0,0,0,Low
Lake Town,2,780,2,1,South - East,Freehold,Resale,Ready to Move,45,4808,0,1,0,Low
Nayabad,3,1160,1,2,East,Freehold,Resale,Ready to Move,56,4308,0,0,0,Low
Garia Ma,2,700,7,2,North,Freehold,Resale,Ready to Move,46,5111,1,1,0,Low
Naktala,3,1350,3,3,Unknown,Unknown,Resale,Unknown,120,6857,0,0,0,Low
Khardaha,2,800,3,2,South - East,Freehold,Resale,Ready to Move,30,3750,0,1,0,Low
Joka,3,1200,0,2,Unknown,Freehold,Resale,Ready to Move,37,2846,1,0,0,Low
Narkeldanga,2,910,1,2,South - East,Freehold,Resale,Ready to Move,65,6915,1,1,0,Low
Joka,2,803,8,2,South,Freehold,Resale,Ready to Move,62,6181,1,1,0,Low
Joka,2,891,5,2,North - East,Freehold,Resale,Ready to Move,45,5051,1,1,1,Low
Rajpur Sonarpur,3,1144,4,2,South - East,Freehold,Resale,Ready to Move,75,5245,0,1,0,Low
Uttarpara Ch,3,1119,6,2,South,Freehold,Resale,Ready to Move,57,5094,1,1,0,Low
New Garia Station Road,2,700,4,2,South - East,Freehold,Resale,Ready to Move,40,4717,0,1,0,Low
Madhyamgram,2,700,4,2,South -West,Freehold,Resale,Ready to Move,30,3529,1,1,0,Low
Action Area 2D,2,710,2,2,South -West,Freehold,Resale,Ready to Move,70,9859,1,1,0,Low
Manicktala,3,1403,21,3,Unknown,Unknown,Resale,Unknown,165,11761,0,0,0,Mid
Birati,2,550,1,2,South - East,Freehold,Resale,Ready to Move,30,3571,0,1,0,Low
Joka,1,412,4,1,North - East,Freehold,Resale,Ready to Move,19.8,3845,1,1,0,Low
Math Bagan,2,865,3,2,North - East,Freehold,Resale,Ready to Move,30,3000,0,0,0,Low
Rab,3,1250,3,2,North,Freehold,Resale,Ready to Move,225,13694,0,1,0,Mid
Boral,3,884,3,2,South - East,Freehold,Resale,Ready to Move,35,3365,0,1,0,Low
Kamalgazi Sonarpur Road,3,1208,2,2,South - East,Freehold,Resale,Ready to Move,95,6291,0,1,0,Low
Joka,2,476,1,2,South - East,Freehold,Resale,Ready to Move,31,4000,0,1,1,Low
Kasba,2,780,2,2,Unknown,Freehold,Resale,Ready to Move,40,4571,0,0,0,Low
Action Area 2,3,1018,1,2,South - East,Freehold,Resale,Ready to Move,60,4926,1,1,0,Low
Narendrapur Rajpur Sonarpur,2,910,4,2,South,Freehold,Resale,Ready to Move,30,3297,0,0,0,Low
Kalikapur Road,3,1250,2,2,South - East,Freehold,Resale,Ready to Move,67,5360,1,0,0,Low
Vivekananda Nagar Madhyamgram,2,786,6,2,East,Unknown,Resale,Ready to Move,75,6499,1,0,1,Low
Rajarhat,3,893,2,2,South -West,Freehold,Resale,Ready to Move,91,10190,0,1,0,Low
Lake Market,2,550,2,2,Unknown,Freehold,Resale,Ready to Move,70,8485,1,0,0,Low
Rajarhat,2,765,2,2,South,Freehold,Resale,Ready to Move,42.3,4024,0,0,0,Low
Krishnapur Kestopur,2,750,4,2,Unknown,Unknown,Resale,Ready to Move,40,5333,0,0,0,Low
Beleghata Ma,3,1556,8,1,North - East,Freehold,Resale,Ready to Move,175,8642,0,1,0,Mid
Sinthi,2,1100,1,2,Unknown,Unknown,Resale,Ready to Move,70,6363.63636363636,0,0,0,Low
Jyangra,2,750,2,1,East,Freehold,Resale,Ready to Move,19,2111,1,0,0,Low
Kasba,2,550,0,2,South -West,Unknown,Resale,Ready to Move,24,3529,0,0,0,Low
Survey Park,2,710,4,2,South -West,Freehold,Resale,Ready to Move,58,6517,0,1,0,Low
Rajarhat,4,1450,13,3,Unknown,Unknown,Resale,Unknown,135,6959,1,0,0,Low
Eastern Metropolitan Bypass,1,400,1,1,South - East,Freehold,Resale,Ready to Move,35,8750,0,1,0,Low
Eastern Metropolitan Bypass,4,2128,7,3,Unknown,Freehold,Resale,Ready to Move,350,16447,0,1,0,Mid
Jessore Road,3,1928,6,3,North - East,Unknown,Resale,Ready to Move,170,8817,1,1,1,Mid
Tollygunge,4,1348,,4,North - East,Freehold,Resale,Ready to Move,225,10849,1,0,0,Mid
Tollygunge,2,1240,1,2,East,Freehold,Resale,Ready to Move,120,9677,1,0,0,Low
Tollygunge,3,1344,10,2,South -West,Freehold,Resale,Ready to Move,139,10342,1,1,1,Low
New Alipore,3,1953,8,3,North - East,Freehold,Resale,Ready to Move,320,16385,0,0,1,Mid
Garfa Ma,2,700,0,2,South,Freehold,Resale,Ready to Move,32,4211,0,1,0,Low
Kalikapur Haltu,3,1079,2,2,East,Freehold,Resale,Ready to Move,70,6487,0,1,0,Low
Tagore Park,2,800,3,2,South,Freehold,Resale,Ready to Move,47,5875,0,0,0,Low
Maheshtala,2,712,7,2,Unknown,Unknown,Resale,Ready to Move,27,3792,0,0,0,Low
New Town,3,1539,5,4,South - East,Co-operative Society,Resale,Ready to Move,178,9252,0,1,0,Mid
Dum Dum,2,1000,4,1,South,Unknown,Resale,Ready to Move,55,5500,0,0,0,Low
Serampore,3,587,1,2,Unknown,Unknown,Resale,Ready to Move,40,4396,0,0,0,Low
Hainavi,2,742,3,2,South,Freehold,Resale,Ready to Move,28,2976,0,0,1,Low
Kustia,3,1500,1,3,South - East,Freehold,Resale,Ready to Move,100,6667,1,0,0,Low
Kalyan Nagar Rahara,2,720,4,2,Unknown,Freehold,Resale,Ready to Move,25,2778,0,0,0,Low
Metropolitan Co Operative Hous,3,1671,30,3,Unknown,Unknown,Resale,Ready to Move,250,14961.1011370437,0,0,0,Mid
Boral Ma,2,808,1,2,South - East,Freehold,Resale,Ready to Move,35,3684,1,1,0,Low
Narendrapur Rajpur Sonarpur,2,838,1,2,South -West,Freehold,Resale,Ready to Move,41.8,4988,1,1,0,Low
Maheshtala,2,468,1,2,South - East,Freehold,Resale,Ready to Move,24,3371,1,1,1,Low
Bramhapur,3,808,3,2,Unknown,Freehold,Resale,Ready to Move,43,4526,0,0,0,Low
Picnic Garden,2,650,4,1,Unknown,Unknown,Resale,Ready to Move,29,4462,0,0,0,Low
Alipore,3,1137,1,3,North,Co-operative Society,Resale,Ready to Move,150,9888,0,1,0,Low
Kestopur,3,1182,9,3,Unknown,Unknown,Resale,Ready to Move,125,6757,0,0,0,Low
Garia,2,650,3,2,South,Freehold,Resale,Ready to Move,37,5286,0,1,0,Low
Ultadanga,3,1758,18,3,South - East,Leasehold,Resale,Ready to Move,250,14221,0,1,0,Mid
Joka,2,817,15,2,South -West,Freehold,Resale,Unknown,49,5998,0,0,1,Low
Rajarhat,3,1150,2,2,South - East,Freehold,Resale,Ready to Move,79.5,5368,0,1,0,Low
Eastern Metropolitan Bypass,3,1050,11,2,North - East,Freehold,Resale,Ready to Move,135,9285,0,1,1,Low
Basanta Lal Saha Road,4,2000,4,3,East,Freehold,Resale,Ready to Move,165,6846,1,1,0,Mid
Maheshtala,2,447,5,2,East,Freehold,New Property,Ready to Move,29,5206,0,0,0,Low
Barasat,3,772,4,2,South - East,Freehold,Resale,Ready to Move,22,2280,1,0,1,Low
Kolkata,2,713,0,2,South - East,Freehold,Resale,Ready to Move,33,4628,0,0,0,Low
Chandni Chawk,2,3811,4,1,Unknown,Freehold,Resale,Ready to Move,100,3497,0,1,0,Low
Nayabad,3,1000,3,2,South - East,Freehold,Resale,Ready to Move,60,4528,0,0,0,Low
Amtala,2,552,3,1,South -West,Freehold,Resale,Ready to Move,31,5616,0,0,0,Low
Kolkata,2,1150,1,2,South - East,Unknown,Resale,Ready to Move,100,6614,1,1,0,Low
Rajarhat,2,618,8,2,North - East,Freehold,Resale,Ready to Move,75,11013,1,1,1,Low
Picnic Garden Road,3,1501,6,3,South - East,Freehold,Resale,Ready to Move,159,10593,0,0,1,Mid
Eastern Metropolitan Bypass,2,562,4,2,South,Freehold,Resale,Ready to Move,40,5089,1,0,0,Low
Rajarhat,3,800,2,2,South - East,Freehold,Resale,Ready to Move,55,5446,1,0,1,Low
Katju Nagar,3,1150,3,2,Unknown,Unknown,Resale,Ready to Move,110,8800,0,0,0,Low
New Ballygunge,2,640,3,1,East,Freehold,New Property,Ready to Move,31,4241,0,1,0,Low
Mandirtala Shibpur,3,1200,1,2,Unknown,Unknown,Resale,Ready to Move,90,7212,0,0,0,Low
Mukundapur,3,2336,22,3,South - East,Freehold,Resale,Ready to Move,500,17117,0,1,0,High
Khidirpur,3,1100,2,2,Unknown,Unknown,Resale,Ready to Move,80,7273,0,0,0,Low
Haltu,2,900,1,2,South - East,Freehold,Resale,Ready to Move,68,6538,0,1,0,Low
South K Deb Road,2,707,4,2,South -West,Freehold,Resale,Ready to Move,35,4950.49504950495,1,0,0,Low
Netaji Nagar,2,586,0,1,East,Freehold,Resale,Ready to Move,18,3072,0,0,0,Low
Kudghat,2,450,3,1,West,Freehold,Resale,Ready to Move,19,3592,0,1,0,Low
Kolkata,3,1050,1,3,Unknown,Leasehold,Resale,Ready to Move,120,7059,0,1,0,Low
Parui Mauza,3,785,1,2,South,Freehold,Resale,Ready to Move,42,3801,1,1,0,Low
Khardaha,2,670,2,2,Unknown,Unknown,Resale,Ready to Move,18.5,2256,0,0,0,Low
Alipore,2,760,2,2,South - East,Freehold,New Property,Ready to Move,40,5263,1,1,0,Low
Kolkata,1,500,4,1,Unknown,Unknown,Resale,Ready to Move,13,2167,0,0,0,Low
Action Area 1,2,950,1,2,East,Co-operative Society,New Property,Ready to Move,65,6842,1,1,0,Low
Rajarhat,3,916,7,2,Unknown,Unknown,Resale,Ready to Move,30,3275,0,0,0,Low
Behala Thana,4,945,0,2,Unknown,Unknown,Resale,Ready to Move,35,2800,0,0,0,Low
Action Area 1,3,1100,5,3,North - East,Freehold,Resale,Ready to Move,120,7317,0,1,0,Low
Boral,2,750,1,2,South - East,Freehold,New Property,Ready to Move,27,3600,0,1,0,Low
Baidyabati,3,950,4,2,Unknown,Unknown,Resale,Ready to Move,30,3158,0,0,0,Low
Bhowanipore,2,1470,3,2,North,Freehold,Resale,Ready to Move,250,17007,1,1,0,Mid
Action Area 2,2,1553,9,2,Unknown,Unknown,Resale,Ready to Move,130,8371,0,0,0,Low
Barrackpore,2,765,1,2,Unknown,Unknown,Resale,Ready to Move,44,4004,0,0,0,Low
Narendrapur Rajpur Sonarpur,2,494,1,2,Unknown,Unknown,Resale,Ready to Move,34,4444,0,0,0,Low
Barrackpore Trunk Road,3,1200,1,2,East,Freehold,Resale,Ready to Move,70,5833,1,1,1,Low
Philips Colony,2,610,2,1,Unknown,Freehold,Resale,Ready to Move,18,2951,0,0,0,Low
Madurdaha Ma,2,600,3,2,South -West,Freehold,New Property,Ready to Move,48,5955,0,1,0,Low
Rajarhat,3,1315,1,3,Unknown,Unknown,Resale,Ready to Move,65,4943,0,0,0,Low
Gariahat,2,550,2,1,East,Freehold,Resale,Ready to Move,14,2154,0,0,0,Low
Rajarhat,2,637,0,1,South - East,Freehold,Resale,Ready to Move,25,3333,0,0,0,Low
Kolkata,2,987,1,2,Unknown,Freehold,Resale,Ready to Move,41,4154,0,0,0,Low
Senhati Colony,2,710,3,2,West,Freehold,New Property,Ready to Move,45,5114,0,0,0,Low
Kolkata,3,950,3,2,South,Freehold,Resale,Ready to Move,65,5856,0,0,0,Low
Action Area 3,3,1450,1,2,Unknown,Unknown,Resale,Unknown,82,5655,0,0,0,Low
Action Area 1,4,1000,5,3,East,Co-operative Society,New Property,Unknown,101,6580,0,1,0,Low
Sinthi,1,600,3,1,South - East,Freehold,Resale,Ready to Move,27,3857,0,1,0,Low
Loudon Street,2,1594,,2,Unknown,Unknown,Resale,Unknown,40.8,2560,0,0,0,Low
Mourigram,3,1356,5,3,North - East,Freehold,Resale,Ready to Move,38,2800,0,1,0,Low
Rajarhat,2,755,4,2,South - East,Freehold,Resale,Ready to Move,22,2914,1,1,1,Low
New Town,2,578,4,1,South - East,Freehold,Resale,Ready to Move,28,4112,0,1,0,Low
Kolkata,2,1066,1,2,Unknown,Unknown,Resale,Ready to Move,120,11257,0,0,0,Low
Bhadrakali,2,800,4,2,North,Freehold,Resale,Ready to Move,15,1765,0,0,0,Low
Bhangar,1,451,4,1,Unknown,Unknown,Resale,Ready to Move,13,2882,0,0,0,Low
Entally,2,650,0,2,South - East,Freehold,Resale,Ready to Move,66,8250,1,0,0,Low
Nagerbazar,2,772,3,2,North - East,Freehold,Resale,Ready to Move,25,3125,1,1,0,Low
Madhyamgram,3,1176,4,2,South,Freehold,Resale,Ready to Move,39,3316,1,0,0,Low
Kolkata,4,1700,3,4,Unknown,Co-operative Society,Resale,Ready to Move,85,4250,0,0,0,Low
Maheshtala,3,1515,5,3,East,Freehold,Resale,Ready to Move,55,3387,1,1,0,Low
Behala,2,750,1,2,North,Freehold,Resale,Ready to Move,28,3733,0,1,0,Low
Sahid Khudiram Bose Sarani,2,546,3,1,South,Freehold,Resale,Ready to Move,30.1,4673,0,1,0,Low
Kalyani,3,1100,3,2,Unknown,Unknown,Resale,Ready to Move,45,3147,0,0,0,Low
Joka,2,900,3,2,North - West,Unknown,Resale,Ready to Move,45,5000,0,1,0,Low
New Alipore,3,897,3,2,Unknown,Unknown,Resale,Ready to Move,70,6796,0,0,0,Low
Ranaghat,3,1350,3,3,East,Freehold,Resale,Ready to Move,49,2988,0,1,0,Low
Kolkata,3,1155,2,2,East,Freehold,Resale,Ready to Move,80,6926,0,1,0,Low
Purbalok,2,568,4,2,South,Freehold,Resale,Ready to Move,39,5493,0,1,0,Low
Narendrapur Rajpur Sonarpur,3,715,1,2,South -West,Freehold,Resale,Ready to Move,45,4091,1,1,1,Low
Seal Lane Tangra,1,457,1,1,North,Freehold,Resale,Ready to Move,15,3282,0,0,0,Low
Nandan Kanan Santoshpur,2,700,1,2,Unknown,Freehold,Resale,Ready to Move,45,6428.57142857143,0,1,0,Low
Motijheel Avenue,2,850,4,2,South - East,Freehold,Resale,Ready to Move,40,3876,1,1,0,Low
Barasat,3,850,4,2,West,Freehold,Resale,Ready to Move,34,3189,0,1,1,Low
Vip Road,2,700,1,2,Unknown,Co-operative Society,Resale,Ready to Move,52,8176,0,0,0,Low
Ramrajatala Station Road,1,463,3,1,South - East,Unknown,Resale,Ready to Move,22,4752,0,0,0,Low
Bally,2,500,4,2,East,Freehold,Resale,Ready to Move,17,2810,0,0,0,Low
Narendrapur Rajpur Sonarpur,2,524,9,2,South,Freehold,Resale,Ready to Move,46,5617,0,0,0,Low
Lake Range,3,1900,4,3,South - East,Freehold,Resale,Ready to Move,400,16842,0,1,0,Mid
Baghajat,4,1400,2,2,South,Freehold,Resale,Ready to Move,90,6429,0,0,0,Low
Madhyamgram,3,850,11,2,South - East,Freehold,Resale,Ready to Move,70,6648,0,1,0,Low
Rajpur Sonarpur,3,1530,3,3,Unknown,Unknown,Resale,Ready to Move,118,7712,0,0,0,Low
International Airport,2,841,4,2,North - East,Freehold,Resale,Ready to Move,52,5253,0,0,0,Low
Rajpur Sonarpur,2,750,1,2,South -West,Freehold,Resale,Ready to Move,28,3733,0,0,0,Low
Kolkata,3,1150,1,2,Unknown,Unknown,Resale,Ready to Move,52,4522,0,0,0,Low
New Town,3,1200,7,3,Unknown,Unknown,Resale,Ready to Move,110,9167,0,0,0,Low
Barrackpore Trunk Road,3,1064,3,2,South,Freehold,Resale,Ready to Move,60,5639,1,0,1,Low
Hast,2,977,1,2,South,Co-operative Society,Resale,Ready to Move,110,9813,1,1,0,Low
Bansdroni,3,896,1,2,South,Power Of Attorney,Resale,Ready to Move,50,4464,0,1,0,Low
Purbachal Garden,2,780,3,2,Unknown,Unknown,Resale,Unknown,40,5128,0,0,0,Low
Banerjee Para Paschim Putiary,2,720,0,2,Unknown,Freehold,Resale,Ready to Move,27,3750,0,0,0,Low
Tegharia Baguiati,3,1290,4,2,Unknown,Freehold,Resale,Ready to Move,67,5194,1,0,0,Low
Kalibari Uluberia,2,750,,2,Unknown,Unknown,Resale,Unknown,19.2,2560,0,0,0,Low
Jadavpur,2,750,1,2,South - East,Freehold,Resale,Ready to Move,40,5333,0,1,0,Low
Dum Dum,3,674,2,2,South - East,Freehold,Resale,Ready to Move,118,14880,1,0,1,Low
Kolkata,2,1089,2,2,Unknown,Unknown,Resale,Ready to Move,45,4132.23140495868,0,0,0,Low
Rajarhat,2,860,4,2,North - West,Unknown,Resale,Ready to Move,83,9765,1,1,0,Low
Maheshtala,2,580,6,2,East,Freehold,Resale,Ready to Move,35,4916,1,1,0,Low
New Town,3,1000,7,2,Unknown,Unknown,Resale,Ready to Move,130,8966,0,0,0,Low
Narkel Bagan,2,850,,2,Unknown,Unknown,Resale,Unknown,26.9,2562,0,0,0,Low
Kalyan Nagar Rahara,2,780,,2,Unknown,Unknown,Resale,Unknown,24.3,2558,0,0,0,Low
Tollygunge,3,1420,5,3,North,Freehold,New Property,Ready to Move,190,9995,0,1,0,Mid
Barrackpore Trunk Road,2,850,10,2,South -West,Freehold,Resale,Ready to Move,82,7489,1,0,0,Low
Shrirampur,3,780,,2,Unknown,Unknown,Resale,Unknown,22.6,2559,0,0,0,Low
Sodepur Paschim Putiary,2,637,1,2,South -West,Freehold,Resale,Ready to Move,28,3733,0,1,0,Low
Jagannathpur,2,698,,2,Unknown,Unknown,Resale,Unknown,17.9,2564,0,0,0,Low
Rajpur,2,910,3,2,Unknown,Freehold,Resale,Ready to Move,36,3956,0,1,0,Low
Survey Park,2,913,2,2,Unknown,Freehold,New Property,Ready to Move,57.5,6298,0,0,0,Low
Howrah,2,829,6,2,Unknown,Unknown,Resale,Ready to Move,29,3498,0,0,0,Low
Shyambazar Hati Bagan,4,1350,4,2,South - East,Freehold,Resale,Ready to Move,134,8764,1,1,0,Low
Mom,3,1800,3,3,Unknown,Unknown,Resale,Ready to Move,250,13889,0,0,0,Mid
Nandi Bagan Salkia,3,640,2,1,Unknown,Freehold,Resale,Ready to Move,22,3333,0,0,0,Low
Daksh,4,1018,5,3,South - East,Freehold,Resale,Ready to Move,110,6753,1,1,1,Low
Jorabagan,2,760,2,1,Unknown,Unknown,Resale,Ready to Move,32,4211,0,0,0,Low
Titagarh,2,614,2,2,East,Freehold,Resale,Ready to Move,35,4342,0,1,0,Low
Eastern Metropolitan Bypass,3,2100,8,3,Unknown,Unknown,Resale,Ready to Move,265,12619,0,0,0,Mid
Jodhpur Park,3,1000,1,2,South - East,Freehold,Resale,Ready to Move,85,6538,1,0,0,Low
New Town,3,1670,3,2,Unknown,Unknown,Resale,Ready to Move,120,7186,0,0,0,Low
Ghola,2,764,0,1,West,Co-operative Society,Resale,Ready to Move,19,2487,0,1,0,Low
Topsia,3,1675,7,3,Unknown,Unknown,Resale,Ready to Move,165,9851,0,0,0,Mid
Rajarhat,2,847,1,2,South,Freehold,New Property,Ready to Move,34,4014,1,0,0,Low
Barrackpore Trunk Road,3,1633,6,3,Unknown,Unknown,Resale,Ready to Move,140,8573,0,0,0,Low
Kaikhali Bo,3,1357,2,2,Unknown,Freehold,Resale,Ready to Move,60,4422,1,0,0,Low
Charu Chandra Avenue,3,720,1,2,South - East,Freehold,Resale,Ready to Move,85,11805.5555555556,0,1,0,Low
Kolkata,2,540,3,2,Unknown,Freehold,Resale,Ready to Move,21,3360,0,1,0,Low
New Town,2,792,1,2,South,Freehold,Resale,Unknown,57,7197,1,1,0,Low
Rajarhat,3,880,4,2,North,Freehold,Resale,Ready to Move,47,4336,1,0,0,Low
Nabapally Barasat,3,1146,1,2,South - East,Freehold,Resale,Ready to Move,38.5,3360,0,0,0,Low
Nayabad,2,619,4,2,East,Freehold,Resale,Ready to Move,55,6659,0,1,0,Low
New Town,3,1055,5,2,South - East,Co-operative Society,Resale,Ready to Move,95,7202,1,1,1,Low
Action Area 1,2,920,7,2,South - East,Co-operative Society,Resale,Ready to Move,115,10000,0,1,0,Low
Silpara,2,740,2,2,South,Freehold,Resale,Ready to Move,24.5,3311,0,1,0,Low
New Alipore,4,1670,1,3,West,Freehold,Resale,Ready to Move,280,12174,1,1,1,Mid
Eastern Metropolitan Bypass,4,1356,8,3,South -West,Freehold,Resale,Ready to Move,330,15508,1,1,1,Mid
Bansdroni Mauza,2,750,0,1,Unknown,Unknown,Resale,Ready to Move,32.5,4276,0,0,0,Low
Block N New Alipore,3,1700,2,2,South - East,Freehold,Resale,Ready to Move,210,10500,0,1,0,Mid
Behala,1,455,4,1,South,Freehold,Resale,Ready to Move,33,6322,0,0,0,Low
Bramhapur,2,750,0,1,Unknown,Unknown,Resale,Ready to Move,31,4133,0,0,0,Low
New Town,3,1120,4,2,South - East,Co-operative Society,Resale,Ready to Move,83,5929,0,1,0,Low
Diamond City West,3,1565,13,3,South - East,Freehold,Resale,Ready to Move,145,7413,1,1,1,Low
Haltu,2,760,2,2,South - East,Freehold,Resale,Ready to Move,27.5,3618,0,1,1,Low
Lake Town,2,720,3,2,East,Freehold,Resale,Ready to Move,32.5,4514,0,0,0,Low
Barrackpore Trunk Road,3,1698,18,3,Unknown,Unknown,New Property,Ready to Move,195,11484,1,1,1,Mid
Kaikhali,3,1015,4,2,Unknown,Unknown,Resale,Ready to Move,37,3645,0,0,0,Low
Howrah,3,1280,7,3,Unknown,Unknown,Resale,Ready to Move,85,6641,0,0,0,Low
Ganguly Bagan,2,518,0,2,Unknown,Unknown,Resale,Ready to Move,250,40453,0,0,0,Mid
Bardhanpalli,2,445,2,2,Unknown,Power Of Attorney,Resale,Ready to Move,23.9,3299,0,0,0,Low
Tollygunge,3,1050,8,2,Unknown,Unknown,Resale,Ready to Move,72,6857,0,0,0,Low
Belghoria,2,580,4,2,East,Freehold,Resale,Ready to Move,25.8,3225,0,1,0,Low
Kasba,4,1190,2,3,South - East,Freehold,Resale,Ready to Move,100,7143,0,1,0,Low
Picnic Garden Road,2,550,1,2,South - East,Freehold,Resale,Ready to Move,21,3500,0,0,0,Low
Ramlal Bazar,2,700,3,2,South -West,Unknown,Resale,Ready to Move,27,3857,0,0,0,Low
Nayabad,3,863,2,3,East,Freehold,Resale,Ready to Move,66.5,5437,1,0,0,Low
Usha Park,2,610,2,2,North - West,Freehold,Resale,Ready to Move,35,4587,0,1,0,Low
Bijoygarh,3,950,3,2,North,Freehold,Resale,Ready to Move,70,5833,1,1,0,Low
Narendrapur Rajpur Sonarpur,2,675,1,2,East,Freehold,Resale,Ready to Move,34,4000,1,1,0,Low
Rajarhat,2,800,11,2,South - East,Freehold,Resale,Ready to Move,62,6250,1,1,1,Low
VIP Service Road,4,2100,1,3,North - West,Freehold,New Property,Ready to Move,110,4614,1,0,1,Low
Rajarhat,3,1435,2,2,Unknown,Freehold,Resale,Ready to Move,175,12195,0,0,0,Mid
Budge Budge,3,1058,1,2,North,Freehold,New Property,Ready to Move,39,3686,0,1,0,Low
New Town,2,693,4,2,South -West,Freehold,Resale,Ready to Move,45,4688,1,0,0,Low
Dum Dum Park,4,1700,1,3,Unknown,Unknown,Resale,Ready to Move,83,4882,0,0,0,Low
North Dumdum,3,1017,2,2,South -West,Unknown,Resale,Ready to Move,55,5408.06293018682,0,0,0,Low
Phool Bagan Kankurgachi,3,1050,4,2,North,Freehold,Resale,Ready to Move,103,9809.52380952381,0,0,0,Low
Paschim Nisch,2,765,2,2,Unknown,Power Of Attorney,Resale,Ready to Move,28,3522,1,1,0,Low
Maheshtala,3,1337,11,2,Unknown,Power Of Attorney,Resale,Ready to Move,44,3291,1,1,1,Low
Behala,3,1403,2,2,East,Freehold,Resale,Ready to Move,85,6058,0,1,0,Low
Neogipara,2,926,4,3,East,Freehold,New Property,Ready to Move,45,3886,0,0,1,Low
Topsia,3,1504,5,3,South - East,Freehold,Resale,Ready to Move,310,13753,1,1,0,Mid
Serampore,3,1018,2,2,Unknown,Unknown,Resale,Ready to Move,34,3340,0,0,0,Low
Dum Dum,1,455,3,1,North,Freehold,Resale,Ready to Move,15,3297,0,0,0,Low
Khardaha,2,672,11,2,East,Freehold,Resale,Ready to Move,43,4897,0,0,0,Low
Barasat,2,876,4,2,Unknown,Unknown,Resale,Ready to Move,31.6,3607,1,1,1,Low
Garia,3,1575,8,3,South - East,Freehold,New Property,Ready to Move,160,10159,0,0,0,Mid
Kolkata,2,591,1,2,East,Freehold,Resale,Ready to Move,55,6486,0,1,0,Low
Manton,2,875,1,2,North - East,Freehold,Resale,Ready to Move,55,6286,0,1,0,Low
Bandhaghat,2,769,4,2,Unknown,Unknown,Resale,Ready to Move,32,4161.24837451235,0,0,0,Low
Anwar shah Road,2,990,11,2,North,Freehold,Resale,Ready to Move,135,11739,0,1,0,Low
Madurdaha,3,1200,2,2,Unknown,Freehold,Resale,Ready to Move,120,8054,0,0,0,Low
Barasat,2,1037,1,2,Unknown,Unknown,Resale,Ready to Move,35,3375,0,0,0,Low
East Topsia,3,1550,11,2,Unknown,Power Of Attorney,Resale,Ready to Move,125,8065,1,0,0,Low
Harish Mukherjee Road,3,1100,2,3,East,Freehold,New Property,Ready to Move,180,11250,1,1,0,Mid
Tangra,2,550,3,2,West,Freehold,Resale,Ready to Move,28.5,5181.81818181818,0,1,0,Low
Rajarhat,2,723,5,2,Unknown,Freehold,Resale,Unknown,120,10283,1,1,1,Low
Ghoshpara Patipukur,1,600,5,1,South - East,Freehold,Resale,Ready to Move,27,4390,1,0,0,Low
Rajarhat,3,1300,3,2,North,Freehold,New Property,Ready to Move,50,3846,1,0,0,Low
New Alipore,2,875,4,1,East,Freehold,Resale,Ready to Move,50,5714,0,1,0,Low
Joka,3,903,10,2,South - East,Freehold,Resale,Ready to Move,68,6028,0,1,0,Low
Santoshpur,1,310,1,2,South,Co-operative Society,Resale,Ready to Move,25,7246,0,1,0,Low
Rajarhat,3,952,1,2,East,Freehold,Resale,Ready to Move,122,12815,1,1,1,Low
Sodepur,2,820,8,2,East,Co-operative Society,Resale,Ready to Move,55,5319,1,0,1,Low
Howrah,3,1000,4,2,Unknown,Unknown,Resale,Ready to Move,75,6250,0,0,0,Low
Camac Street,3,1700,7,3,Unknown,Freehold,Resale,Ready to Move,475,16379,1,1,0,High
Sector 5 Salt Lake City,3,1020,7,2,Unknown,Unknown,Resale,Ready to Move,150,10101,0,0,0,Low
Baranagar,2,500,2,2,Unknown,Unknown,Resale,Ready to Move,32,4678,0,0,0,Low
Khardaha,3,896,3,2,South - East,Freehold,Resale,Ready to Move,47.5,4241,0,1,0,Low
Konnagar,2,825,2,2,Unknown,Unknown,Resale,Ready to Move,38,4606,0,0,0,Low
Rajarhat,3,1400,1,3,South - East,Freehold,Resale,Unknown,135,9643,1,0,0,Low
Action Area 1A,3,891,3,2,North - West,Freehold,Resale,Ready to Move,87,7817,0,1,0,Low
Rajarhat,3,2113,9,4,South -West,Freehold,Resale,Ready to Move,175,8282,0,1,0,Mid
Survey Park,2,915,2,2,Unknown,Freehold,Resale,Ready to Move,80,8743,0,1,0,Low
Rajarhat,2,615,4,1,Unknown,Unknown,Resale,Ready to Move,30,4878,0,0,1,Low
Bangur Avenue,2,625,1,2,South -West,Freehold,Resale,Ready to Move,40,5333,0,0,0,Low
New Garia,2,850,1,2,East,Freehold,Resale,Ready to Move,42,4941,1,0,0,Low
Paschim Putiary,3,1000,0,2,Unknown,Unknown,Resale,Ready to Move,50,5000,0,0,0,Low
Baghajat,2,1000,2,2,Unknown,Unknown,Resale,Ready to Move,40,4000,0,0,0,Low
Mahishabathan Road,2,815,16,2,South - East,Freehold,Resale,Ready to Move,135,13261,0,1,0,Low
Joka,2,818,6,2,South - East,Leasehold,Resale,Ready to Move,65,7945,0,0,0,Low
New Town,3,920,2,2,South - East,Co-operative Society,Resale,Ready to Move,90,7826,0,1,0,Low
Kolkata,3,1065,1,2,South,Unknown,Resale,Ready to Move,41,3849.76525821596,0,1,0,Low
Prafulla Kanan,2,800,1,2,East,Freehold,Resale,Ready to Move,60,5831,1,0,0,Low
Durga Nagar,2,425,2,1,East,Freehold,Resale,Ready to Move,17,3238,0,1,0,Low
Rajarhat,2,801,11,2,North - East,Power Of Attorney,Resale,Ready to Move,75,9363,1,1,1,Low
Narayantala,2,850,2,2,North,Freehold,Resale,Ready to Move,49,4455,0,1,0,Low
New Barrakpur,2,605,0,1,North - East,Freehold,Resale,Ready to Move,26,3611,0,1,0,Low
Madhyamgram,2,809,1,2,South - East,Freehold,Resale,Ready to Move,60,6303,1,1,0,Low
Noapara Sukanta Pally,3,2157,4,3,South,Freehold,Resale,Ready to Move,130,6027,1,0,0,Low
Joka,3,1215,6,2,South - East,Power Of Attorney,Resale,Ready to Move,78,6420,1,0,0,Low
Action Area 1B,3,850,1,2,South - East,Freehold,Resale,Ready to Move,90,7200,1,1,0,Low
Baguiati,2,780,1,1,South - East,Freehold,Resale,Ready to Move,36,3692,1,1,0,Low
Maniktala Ma,4,1750,2,3,South,Freehold,Resale,Unknown,195,11143,0,1,0,Mid
Rab,1,200,0,1,Unknown,Unknown,Resale,Ready to Move,8,4000,0,0,0,Low
Mahatma Gandhi Road,3,1321,1,3,South -West,Freehold,Resale,Ready to Move,90,6813,0,0,0,Low
Rab,2,869,3,1,Unknown,Freehold,Resale,Ready to Move,36,4143,0,0,0,Low
Konnagar,3,1933,1,2,North,Freehold,Resale,Ready to Move,70,3621,0,1,0,Low
Ward Number 113,2,950,0,1,East,Co-operative Society,Resale,Ready to Move,40,4211,0,0,0,Low
Bhadrakali,3,1090,11,2,South - East,Freehold,Resale,Ready to Move,85,6080,1,0,1,Low
Usha Park,2,605,3,2,North,Unknown,Resale,Ready to Move,32,3951,0,0,0,Low
Dhakuria,4,1500,3,2,Unknown,Unknown,Resale,Ready to Move,100,6667,0,0,0,Low
Kolkata,2,960,1,2,South - East,Freehold,Resale,Ready to Move,52,5417,1,1,0,Low
Nagerbazar,2,800,1,2,North - West,Freehold,Resale,Ready to Move,32,4000,0,0,0,Low
Howrah,4,1200,7,3,South,Leasehold,Resale,Ready to Move,115,9583,0,0,0,Low
Rajarhat,2,702,4,2,South - East,Freehold,Resale,Ready to Move,42,4789,0,1,0,Low
Kolkata,3,1120,4,3,Unknown,Unknown,Resale,Ready to Move,155,13839,0,0,0,Mid
Kasba,3,1375,3,2,Unknown,Freehold,Resale,Ready to Move,110,7333,0,1,0,Low
Sakher Bazar,2,500,1,2,Unknown,Freehold,Resale,Ready to Move,25,3497,0,1,0,Low
Behala,3,928,2,2,South - East,Freehold,Resale,Ready to Move,65,5390,0,1,0,Low
Nayabad,3,1000,2,2,North,Freehold,Resale,Ready to Move,55,4400,0,1,0,Low
Basanta Lal Saha Road,4,1774,10,4,South - East,Freehold,New Property,Ready to Move,300,13630,1,0,0,Mid
Dum Dum Cantonment,3,650,4,2,South,Freehold,New Property,Ready to Move,33,4024,1,1,0,Low
New Garia,2,707,3,2,South,Co-operative Society,Resale,Ready to Move,36,4072,1,1,0,Low
Dover Lane,3,1140,4,2,South - East,Freehold,Resale,Ready to Move,140,10972,0,1,0,Low
Grand Trunk Road,2,1450,3,2,South - East,Freehold,Resale,Ready to Move,50,3030,0,1,0,Low
Sanjib Pally,3,900,3,2,South - East,Freehold,New Property,Ready to Move,71.5,5500,1,0,0,Low
Diamond Harbour Road,2,656,2,2,East,Freehold,Resale,Ready to Move,40,4878,0,1,0,Low
Rajarhat,2,620,2,2,Unknown,Unknown,Resale,Ready to Move,42,4651,0,0,0,Low
Behala Chowrasta,3,1100,4,2,South - East,Co-operative Society,Resale,Ready to Move,71.4,5101,1,1,0,Low
Joka,2,891,12,2,South - East,Freehold,Resale,Ready to Move,56,6285,1,1,0,Low
Rajarhat,2,701,9,2,South - East,Freehold,Resale,Ready to Move,85,12126,1,1,1,Low
Baguiati,2,700,2,1,South - East,Unknown,Resale,Ready to Move,35,4375,0,1,0,Low
Action Area 3,3,900,3,2,North - East,Unknown,Resale,Ready to Move,50,5556,0,0,0,Low
Camac Street,2,1000,1,2,South - East,Freehold,Resale,Ready to Move,119,9528,0,1,0,Low
Math Bagan,2,570,9,2,East,Freehold,Resale,Ready to Move,40,4938,0,0,1,Low
New Alipore,4,1913,2,4,North,Freehold,Resale,Ready to Move,365,12807,1,0,1,Mid
Paddapukur,2,880,4,2,South - East,Freehold,Resale,Ready to Move,120,10909,0,1,0,Low
Rajarhat,3,744,4,2,South - East,Freehold,Resale,Ready to Move,45,4839,1,1,0,Low
Kasba,2,932,2,2,South - East,Freehold,Resale,Ready to Move,60,5469,0,0,0,Low
Joka,2,800,2,2,South,Freehold,Resale,Ready to Move,55,4614,0,1,0,Low
Action Area 1,3,1006,5,3,South - East,Freehold,Resale,Ready to Move,135,8637,0,0,0,Low
Ramgarh Garia,3,1050,3,2,Unknown,Unknown,Resale,Ready to Move,40,3810,0,0,0,Low
South Dumdum,3,1200,4,2,South - East,Freehold,Resale,Ready to Move,65,4571,1,1,0,Low
Kanchrapara,2,760,3,2,South,Freehold,Resale,Ready to Move,22,2895,0,0,0,Low
Unique Park Behala,2,900,1,2,South,Freehold,Resale,Ready to Move,27,2919,1,1,0,Low
Baghajat,3,891,2,2,South -West,Freehold,Resale,Ready to Move,59,5301,0,1,0,Low
Nagerbazar,4,1305,5,2,South - East,Freehold,Resale,Ready to Move,70,4667,0,1,0,Low
Fartabad,2,580,1,2,North - West,Freehold,Resale,Ready to Move,32,4414,0,1,0,Low
Rajpur Sonarpur,3,1392,3,2,South -West,Freehold,Resale,Ready to Move,75,5357,1,0,0,Low
Patuli,3,863,11,2,South - East,Unknown,Resale,Unknown,125,9936,1,1,1,Low
Ballygunge Park Road,3,2555,1,3,South - East,Freehold,Resale,Ready to Move,700,21916,0,1,0,High
Haridevpur,3,1318,3,2,South -West,Freehold,Resale,Ready to Move,45,2903,1,1,0,Low
Sonarpur,3,1498,,2,Unknown,Freehold,Resale,Unknown,65,4339,0,0,0,Low
Konnagar,2,560,1,1,South - East,Co-operative Society,Resale,Ready to Move,16,2353,1,0,0,Low
Rathtala,2,778,3,2,South - East,Freehold,Resale,Ready to Move,46,5913,1,1,0,Low
Uttarpara Ch,2,827,13,2,South,Freehold,Resale,Ready to Move,41,4958,0,0,1,Low
Kanchrapara M,3,850,4,2,Unknown,Unknown,Resale,Ready to Move,42,3944,0,0,0,Low
Rajendra Prasad Colony,2,700,1,2,South - East,Freehold,Resale,Ready to Move,65,7222,0,1,0,Low
Buroshibtalla,3,2100,1,3,Unknown,Unknown,Resale,Ready to Move,110,5238,0,0,0,Low
Kolkata,2,820,4,2,Unknown,Co-operative Society,Resale,Ready to Move,110,13415,0,1,0,Low
Arab,2,760,2,1,East,Freehold,Resale,Ready to Move,22,2444,0,1,0,Low
Paikpara,3,860,4,2,North,Freehold,Resale,Ready to Move,95,7956,0,1,0,Low
Daspara Mukundapur,3,1200,4,3,South - East,Freehold,Resale,Ready to Move,50,3333,0,1,0,Low
New Town,3,1525,27,3,North,Freehold,Resale,Ready to Move,141,9246,1,0,1,Low
Eastern Metropolitan Bypass,2,564,22,2,South - East,Freehold,Resale,Ready to Move,95,11072,0,1,0,Low
New Town,3,1500,1,4,Unknown,Unknown,Resale,Ready to Move,210,10000,0,0,0,Mid
Garia,2,800,4,2,South - East,Freehold,Resale,Ready to Move,69,6900,1,1,0,Low
Muchipara,3,1200,3,3,South - East,Freehold,Resale,Ready to Move,120,7273,1,1,0,Low
Uttarpara Ch,2,827,3,2,Unknown,Unknown,Resale,Ready to Move,48,5804,0,0,0,Low
Ramchandrapur Narendrapur,3,1084,4,2,East,Unknown,Resale,Ready to Move,45,4151,0,1,0,Low
Narendrapur Rajpur Sonarpur,2,1036,6,1,Unknown,Unknown,Resale,Ready to Move,58,5598,0,0,0,Low
Murari Pukur,3,1008,3,2,South - East,Freehold,Resale,Ready to Move,160,12698,0,1,0,Mid
Survey Park,2,680,2,2,South - East,Freehold,Resale,Ready to Move,52,5991,0,1,0,Low
Santoshpur,3,1255,4,2,Unknown,Unknown,Resale,Ready to Move,86,6853,0,0,0,Low
Kolkata,2,750,1,2,Unknown,Unknown,Resale,Ready to Move,22,2933.33333333333,0,0,0,Low
Patuli,2,582,15,2,Unknown,Freehold,Resale,Ready to Move,95,10983,1,0,0,Low
Dhali Para Paschim Putiary,3,1059,1,2,East,Unknown,Resale,Ready to Move,56.5,5335,1,0,1,Low
Action Area 2B,4,1700,9,4,West,Freehold,Resale,Ready to Move,145,6502,1,0,0,Low
Rajarhat Ma,2,788,2,2,South - East,Freehold,Resale,Ready to Move,64,6497,1,0,0,Low
Bandel Ch,2,920,1,2,Unknown,Unknown,Resale,Ready to Move,22,2095,0,0,0,Low
Dhakuria,2,1200,3,2,North,Freehold,Resale,Ready to Move,49,3062,0,1,0,Low
Purbachal Haltu,2,750,2,2,South,Freehold,Resale,Ready to Move,55,6111,0,0,0,Low
Maheshtala,2,464,5,2,Unknown,Unknown,Resale,Ready to Move,32,4494,0,0,0,Low
Alipore,3,2400,1,3,Unknown,Unknown,Resale,Ready to Move,300,12500,0,0,0,Mid
Shibrampur,3,1110,1,2,East,Unknown,Resale,Ready to Move,55,4955,0,0,0,Low
Chandannagar,2,800,3,2,South -West,Freehold,Resale,Ready to Move,47,5222,0,1,0,Low
Action Area 2,4,3110,7,4,South - East,Freehold,Resale,Ready to Move,250,8065,1,1,0,Mid
Barrackpore,2,680,3,2,South - East,Freehold,Resale,Ready to Move,29.5,3933,1,1,0,Low
Sarangpur,3,1150,15,3,South - East,Freehold,Resale,Ready to Move,140,8600,1,0,0,Low
Rajarhat,2,654,2,2,South -West,Freehold,Resale,Ready to Move,63.5,7763,1,0,0,Low
Maheshtala,3,1765,5,3,Unknown,Unknown,Resale,Ready to Move,120,6000,0,0,0,Low
Kalikapur Haltu,2,550,1,2,Unknown,Unknown,Resale,Ready to Move,77,10969,0,0,0,Low
Kolkata,2,498,3,1,Unknown,Unknown,Resale,Ready to Move,19.5,3916,0,0,0,Low
Block A Lake Town,4,1700,2,3,South - East,Freehold,Resale,Ready to Move,140,6880,0,1,0,Low
Jessore Road,2,767,8,2,South - East,Freehold,Resale,Ready to Move,88,7652,1,0,1,Low
New Garia,2,710,4,2,Unknown,Unknown,Resale,Ready to Move,45,6338,0,0,0,Low
Garia Bazaar,2,625,1,1,South - East,Freehold,Resale,Ready to Move,28,4000,0,0,0,Low
Kolkata,3,1680,5,3,Unknown,Unknown,Resale,Ready to Move,82,4881,0,0,0,Low
Garia,3,850,0,2,South,Freehold,Resale,Ready to Move,40.5,3695,0,1,0,Low
Tollygunge,3,975,4,2,North,Freehold,Resale,Ready to Move,60,5106,1,0,0,Low
Garia,3,1200,4,2,East,Power Of Attorney,Resale,Ready to Move,50,4167,0,1,0,Low
Subhasgram,2,712,1,2,Unknown,Unknown,Resale,Ready to Move,28,3279,0,0,0,Low
Sukant Nagar Sector 4 Salt Lake,2,450,1,1,South - East,Freehold,Resale,Ready to Move,20,3636,0,1,0,Low
Santoshpur,3,910,3,2,South - East,Co-operative Society,New Property,Ready to Move,45,3750,0,1,0,Low
Kolkata,3,1200,2,2,East,Freehold,Resale,Ready to Move,86.7,7225,0,1,0,Low
Baranagar,2,637,2,1,South - East,Freehold,Resale,Ready to Move,33,4400,1,1,0,Low
Maheshtala,3,1524,3,3,South,Freehold,Resale,Ready to Move,60,3937,1,0,0,Low
Kolkata,2,832,3,2,South - East,Freehold,Resale,Ready to Move,19,2283.65384615385,0,0,1,Low
Purbachal Haltu,3,1000,0,2,South - East,Freehold,Resale,Ready to Move,55,5000,1,0,0,Low
Dhakuria,2,770,1,1,Unknown,Unknown,Resale,Ready to Move,35,4545,0,0,0,Low
Howrah,4,1346,2,4,North,Freehold,Resale,Ready to Move,38,2823,0,1,0,Low
Rajarhat,3,1564,23,3,South - East,Freehold,Resale,Ready to Move,150,7673,0,1,0,Low
New Town,2,784,2,2,North - East,Freehold,Resale,Ready to Move,140,12727,1,0,0,Low
Tollygunge,2,689,2,2,East,Freehold,Resale,Ready to Move,29,3580,0,1,0,Low
Desh Bandhu Nagar Baguiati,2,850,4,1,East,Freehold,Resale,Ready to Move,50.5,4810,1,0,0,Low
Howrah,2,900,20,2,North - West,Freehold,Resale,Ready to Move,50,4401,1,1,1,Low
Kasba,3,1150,4,2,Unknown,Co-operative Society,Resale,Unknown,75,5725,0,1,0,Low
Bansdroni,2,780,3,2,Unknown,Unknown,Resale,Ready to Move,32,4103,0,0,0,Low
Narendrapur Rajpur Sonarpur,3,832,3,2,South -West,Freehold,Resale,Ready to Move,47,4234,0,1,0,Low
Behala,2,848,11,2,South - East,Co-operative Society,Resale,Ready to Move,57,5377,1,1,0,Low
Belur Math,2,1008,2,2,North,Co-operative Society,Resale,Ready to Move,42,4167,0,1,0,Low
Khardaha,2,652,4,2,South - East,Freehold,Resale,Ready to Move,26.3,3232,0,1,0,Low
Joka,2,537,2,2,North,Freehold,Resale,Ready to Move,52,5836,1,0,0,Low
Howrah,2,885,4,2,South - East,Unknown,Resale,Ready to Move,35,3889,0,1,0,Low
Serampore,1,650,26,1,Unknown,Freehold,Resale,Ready to Move,40,6153.84615384615,1,0,0,Low
Nagerbazar,2,640,4,2,South,Freehold,Resale,Ready to Move,38,4750,0,1,0,Low
Eastern Metropolitan Bypass,3,1260,5,2,South,Freehold,Resale,Ready to Move,135,7492,1,1,0,Low
Chiriamore,3,1500,8,3,South,Freehold,New Property,Ready to Move,150,9375,1,0,0,Low
Mukundapur,3,1455,3,2,South - East,Freehold,Resale,Ready to Move,65,4467,0,1,0,Low
Naktala,2,550,1,1,Unknown,Unknown,Resale,Ready to Move,30,5454.54545454545,0,0,0,Low
Bablatala,2,943,3,2,East,Freehold,Resale,Ready to Move,34,3568,0,1,0,Low
Bansdroni,3,1550,3,2,Unknown,Unknown,Resale,Ready to Move,45,2903,0,0,0,Low
Kolkata,2,932,3,2,Unknown,Unknown,Resale,Ready to Move,42,4506,0,0,0,Low
Uttarpara Ch,1,469,11,2,Unknown,Freehold,Resale,Ready to Move,22,4691,1,0,0,Low
Rajarhat Ma,3,692,21,2,North,Freehold,New Property,Unknown,100,9756,1,0,0,Low
Rajarhat,2,873,4,2,Unknown,Unknown,Resale,Ready to Move,65,7446,0,0,0,Low
Sonarpur Station Road,2,684,2,2,South,Freehold,Resale,Ready to Move,60,6000,0,1,0,Low
Airport Area,2,940,2,2,North - East,Freehold,Resale,Ready to Move,54,4596,0,1,0,Low
Rajarhat,2,502,8,2,North - East,Freehold,Resale,Ready to Move,50,6510,1,0,0,Low
Jessore Road,2,1303,3,2,East,Freehold,Resale,Ready to Move,138,10591,0,1,0,Low
Madhyamgram,2,976,1,2,Unknown,Unknown,Resale,Ready to Move,25,2561,0,0,0,Low
Jawaharlal Nehru Road,3,1953,14,3,West,Co-operative Society,Resale,Ready to Move,395,14107,1,1,0,Mid
Garia,2,872,3,2,South - East,Freehold,Resale,Ready to Move,50,5734,0,0,0,Low
Rajarhat,3,800,1,2,East,Freehold,Resale,Ready to Move,55,4645,1,0,0,Low
SIP Deshapriya Park Area,3,2000,2,3,Unknown,Unknown,Resale,Ready to Move,275,13750,0,0,0,Mid
Action Area 3,2,480,2,2,North - East,Freehold,Resale,Ready to Move,35,5147,1,1,1,Low
Alipore,2,1600,14,2,North,Freehold,Resale,Ready to Move,180,11250,1,0,0,Mid
Rajarhat,3,878,1,2,South - East,Freehold,Resale,Ready to Move,120,10929,1,1,1,Low
Mahamaya Tala,3,1200,3,2,South - East,Freehold,Resale,Ready to Move,98,5886,1,1,0,Low
Kabardanga,3,1240,1,2,South - East,Freehold,Resale,Ready to Move,60,3750,0,0,0,Low
Garia,2,580,1,1,South,Freehold,Resale,Ready to Move,32,5517,0,1,0,Low
New Town,2,695,1,2,South - East,Freehold,Resale,Ready to Move,53,5550,0,0,0,Low
Park Street,2,1180,5,2,North - East,Freehold,Resale,Ready to Move,238,15256,1,0,0,Mid
Barasat,4,1500,10,3,South - East,Freehold,Resale,Ready to Move,95,4755,1,1,1,Low
Rajarhat,4,2330,2,4,South - East,Freehold,Resale,Ready to Move,110,4231,1,1,0,Low
Ultadanga,2,960,2,2,South -West,Freehold,Resale,Ready to Move,105,8750,0,1,0,Low
North Purbachal,2,660,1,2,Unknown,Freehold,Resale,Ready to Move,55,5851,0,0,0,Low
Agarpara,2,705,1,1,East,Freehold,Resale,Ready to Move,24,2963,0,1,0,Low
Lake Gardens,3,1280,3,3,South - East,Freehold,Resale,Ready to Move,125,7812,0,1,0,Low
Rajarhat,1,400,0,1,Unknown,Unknown,Resale,Ready to Move,13.5,2700,0,0,0,Low
Beleghata,2,1600,2,2,North,Freehold,Resale,Ready to Move,135,8438,0,0,0,Low
Dum Dum Cantonment,2,680,2,2,West,Freehold,Resale,Ready to Move,42,4941,1,1,0,Low
Block O New Alipore,2,872,0,2,South - East,Freehold,Resale,Ready to Move,130,12671,0,1,0,Low
Joka,2,595,13,2,South,Freehold,Resale,Ready to Move,52,5836,1,1,0,Low
Tegharia Baguiati,3,950,4,2,South - East,Freehold,New Property,Ready to Move,65,5692,1,0,0,Low
Haridevpur,2,550,2,1,Unknown,Freehold,Resale,Ready to Move,30,4286,0,1,0,Low
Behala,3,1100,2,2,Unknown,Unknown,Resale,Ready to Move,69,5308,0,0,0,Low
Ballygunge,3,1170,4,2,South,Freehold,Resale,Ready to Move,200,13633,0,1,0,Mid
Gariahat,2,980,4,2,North,Freehold,Resale,Ready to Move,125,10593,0,1,0,Low
Haltu,3,1050,2,3,Unknown,Unknown,Resale,Ready to Move,45,4285.71428571429,0,0,0,Low
Mukundapur,2,1040,1,2,South,Freehold,Resale,Ready to Move,68,6538,0,1,0,Low
Narendrapur Rajpur Sonarpur,2,605,2,2,South - East,Freehold,Resale,Ready to Move,32,4233,0,1,0,Low
EM Bypass Connector,2,668,9,2,South - East,Freehold,Resale,Ready to Move,50,5981,0,1,0,Low
Madhyamgram,3,1300,2,2,South,Freehold,Resale,Ready to Move,62,4133,1,1,0,Low
Tollygunge,2,912,4,2,Unknown,Unknown,Resale,Ready to Move,45,4934,0,0,0,Low
Vip Road,2,800,3,2,South - East,Freehold,Resale,Ready to Move,60,5848,1,0,0,Low
Shanti Nagar Liluah,2,735,2,2,Unknown,Unknown,Resale,Ready to Move,25,2994,0,0,0,Low
Kolkata,2,586,2,1,Unknown,Unknown,Resale,Ready to Move,26,3824,0,0,0,Low
Dum Dum,3,1224,6,2,South - East,Freehold,Resale,Ready to Move,140,9150,1,1,0,Low
Bhadrakali,2,792,4,2,South,Freehold,Resale,Ready to Move,22.5,2500,0,1,0,Low
Kaikhali,3,2000,3,3,Unknown,Freehold,Resale,Ready to Move,360,18000,1,1,0,Mid
Dum Dum,3,1106,7,3,South - East,Freehold,Resale,Ready to Move,117,8080,1,0,0,Low
Narendrapur Rajpur Sonarpur,2,700,4,2,South,Freehold,Resale,Ready to Move,38,4343,1,1,0,Low
Kolkata,2,800,1,2,Unknown,Unknown,Resale,Ready to Move,29,3322,0,0,0,Low
Kamarhati,3,1000,18,2,South - East,Freehold,Resale,Ready to Move,140,9253,1,1,1,Low
Eastern Metropolitan Bypass,2,1300,13,2,South,Freehold,Resale,Ready to Move,150,11538,0,0,0,Low
Action Area 1,3,1171,11,2,South - East,Freehold,Resale,Ready to Move,145,9904,0,1,0,Low
Nehru Colony Daksh,1,300,1,1,North - East,Freehold,Resale,Ready to Move,14,3733,0,0,0,Low
Behala Chowrasta,1,540,4,2,South - East,Freehold,Resale,Ready to Move,18,2069,0,1,0,Low
East Kolkata Township,2,680,3,2,South - East,Freehold,Resale,Ready to Move,47,5875,0,0,0,Low
Howrah,2,700,4,1,North - East,Freehold,Resale,Ready to Move,20,2857.14285714286,0,1,0,Low
Rajarhat,2,700,3,2,South - East,Freehold,Resale,Ready to Move,31,3547,1,1,0,Low
Hainavi,2,927,1,2,Unknown,Unknown,Resale,Ready to Move,28.5,3074,1,1,1,Low
Eastern Metropolitan Bypass,3,2550,4,3,South - East,Freehold,Resale,Unknown,425,16667,0,0,0,High
Rajarhat,3,1497,5,2,North - East,Freehold,Resale,Ready to Move,100,6680,0,1,0,Low
Chandannagar,2,577,3,2,Unknown,Unknown,Resale,Ready to Move,30,5199,0,0,0,Low
Kolkata,3,1500,3,2,Unknown,Unknown,Resale,Ready to Move,150,10000,0,0,0,Low
Tollygunge,4,1850,6,4,South - East,Freehold,Resale,Ready to Move,265,12649,0,1,0,Mid
Behala Chowrasta,3,1920,9,2,South - East,Freehold,Resale,Ready to Move,207,8625,0,1,0,Mid
Sealdah,3,1155,16,3,South - East,Freehold,Resale,Ready to Move,199,12399,1,1,1,Mid
Madhyamgram,2,748,3,2,South - East,Freehold,Resale,Ready to Move,42,4492,1,1,1,Low
Rajbari,2,692,1,2,Unknown,Unknown,Resale,Ready to Move,30,3614,0,0,0,Low
Kamalgazi,2,672,2,2,South,Freehold,New Property,Ready to Move,38.5,4300,1,1,0,Low
Dover Terrace,2,640,2,2,East,Freehold,New Property,Ready to Move,58,7250,0,0,0,Low
Action Area 2,4,2200,1,2,Unknown,Freehold,Resale,Ready to Move,170,7727,0,1,0,Mid
Selimpur Road,3,1200,3,3,Unknown,Unknown,Resale,Ready to Move,115,7372,0,0,0,Low
Gariahat,2,850,1,2,South,Freehold,Resale,Ready to Move,22.8,2676,0,1,0,Low
Barasat,3,650,2,2,South - East,Freehold,Resale,Ready to Move,30,3119,1,0,1,Low
Joka,2,780,2,2,North - East,Freehold,Resale,Ready to Move,32,4103,0,1,0,Low
Gouranganagar,3,920,1,2,Unknown,Unknown,Resale,Ready to Move,58,4957,0,0,0,Low
New Town,3,1293,1,3,South,Freehold,Resale,Ready to Move,150,9282,0,1,0,Low
Rajarhat,2,650,2,2,South,Freehold,Resale,Ready to Move,21,2692,1,0,0,Low
Dum Dum Park,4,1280,3,2,South - East,Freehold,Resale,Ready to Move,60,3750,1,1,0,Low
Thakurpukur,3,1179,2,2,Unknown,Unknown,Resale,Ready to Move,42,3562,0,0,0,Low
Bagan Bari,2,700,1,2,South -West,Freehold,Resale,Ready to Move,45,5625,0,1,0,Low
Alipore,3,1800,3,3,South,Freehold,New Property,Ready to Move,300,13216,0,1,0,Mid
Rab,2,850,1,2,Unknown,Unknown,Resale,Ready to Move,32,3765,0,0,0,Low
Dobson Road,4,1400,7,2,East,Freehold,Resale,Ready to Move,162,9000,0,1,0,Mid
Khardaha,2,750,3,1,South - East,Freehold,Resale,Ready to Move,32.5,3779,0,1,0,Low
Lake Place,2,800,4,2,South - East,Freehold,Resale,Ready to Move,135,12118,0,1,0,Low
Lake Town,2,802,2,2,Unknown,Unknown,Resale,Ready to Move,33,4115,0,0,0,Low
Mukundapur,1,410,25,1,South - East,Freehold,Resale,Ready to Move,42,8187,0,1,0,Low
Eastern Metropolitan Bypass,2,593,11,2,Unknown,Unknown,Resale,Ready to Move,125,13631,1,1,0,Low
Howrah,3,1185,10,2,East,Freehold,Resale,Ready to Move,110,9283,1,1,0,Low
Ballygunge,1,450,2,1,Unknown,Unknown,Resale,Ready to Move,22,4889,0,0,0,Low
New Town,3,1648,12,3,South,Freehold,New Property,Ready to Move,180,10922,1,0,1,Mid
Maheshtala,2,548,4,2,Unknown,Unknown,Resale,Ready to Move,28,3933,0,0,0,Low
Nayabad,2,750,2,2,East,Freehold,Resale,Ready to Move,45,4500,1,1,0,Low
Bikash Guha Colony,3,982,4,2,North - East,Power Of Attorney,Resale,Ready to Move,62,5049,1,1,0,Low
Purba Putiary,4,1410,1,4,North,Unknown,Resale,Ready to Move,60,3429,0,1,0,Low
Kankulia,2,633,2,2,South - East,Freehold,Resale,Ready to Move,50,6313,0,1,0,Low
Rajarhat Ma,3,1200,5,2,Unknown,Co-operative Society,Resale,Ready to Move,90,7500,1,0,0,Low
Khardaha,2,630,4,2,North - East,Freehold,Resale,Ready to Move,27,2903,0,1,0,Low
Fern Road,4,2000,3,3,Unknown,Unknown,Resale,Ready to Move,180,9000,0,0,0,Mid
Motilal Gupta Road,2,650,1,2,Unknown,Unknown,Resale,Ready to Move,30,4615,0,0,0,Low
Maheshtala,2,712,13,2,Unknown,Unknown,Resale,Ready to Move,31,4354,0,0,0,Low
Baguiati,2,886,3,2,South - East,Freehold,Resale,Ready to Move,28,3160,0,1,0,Low
Rajarhat,2,840,5,2,South,Freehold,Resale,Ready to Move,45,4310,0,1,0,Low
Bangur Avenue,3,1325,1,2,North,Freehold,New Property,Ready to Move,125,8333,0,1,0,Low
Hainavi,3,820,4,2,South - East,Freehold,Resale,Ready to Move,42,4102,0,1,0,Low
Maheshtala,3,1592,16,3,East,Freehold,Resale,Ready to Move,120,6030,1,1,1,Low
Mukundapur,3,1225,3,2,North - East,Freehold,New Property,Ready to Move,85,6939,0,1,0,Low
Narendrapur Rajpur Sonarpur,3,1157,0,3,South - East,Freehold,Resale,Ready to Move,65,4492,1,1,0,Low
Rajarhat,3,900,5,2,Unknown,Unknown,Resale,Ready to Move,150,16666.6666666667,0,0,0,Low
Bhangar,1,451,2,1,Unknown,Unknown,Resale,Ready to Move,25,5543,0,0,0,Low
Sakher Bazar,2,950,2,2,East,Freehold,Resale,Unknown,53,5579,0,1,0,Low
Postal Park,2,1050,1,2,South,Freehold,Resale,Ready to Move,50,3840,0,1,0,Low
Metropolitan Co Operative Hous,2,800,4,2,North - East,Freehold,New Property,Ready to Move,100,10000,1,1,0,Low
New Town,2,1309,8,2,Unknown,Freehold,Resale,Ready to Move,130,9856,0,0,0,Low
Paikpara,3,1293,20,3,South -West,Freehold,Resale,Ready to Move,160,9895,0,1,1,Mid
Khardaha,3,938,10,2,North - East,Unknown,Resale,Ready to Move,56,4786,0,1,0,Low
Gariahat,3,1717,1,3,North,Freehold,Resale,Ready to Move,210,12231,1,0,0,Mid
Kestopur,2,700,2,2,South -West,Freehold,Resale,Ready to Move,32,4035,0,0,0,Low
New Alipore,3,2800,2,3,South -West,Freehold,Resale,Ready to Move,100,3030,0,1,0,Low
Nayabad,2,715,1,2,South - East,Freehold,Resale,Ready to Move,44,4927,0,1,0,Low
Garia,4,1550,3,2,Unknown,Unknown,Resale,Ready to Move,125,8065,0,0,0,Low
Kolkata,3,1500,1,2,South,Co-operative Society,Resale,Ready to Move,120,8000,1,1,0,Low
SN Roy Road,4,1380,3,2,West,Freehold,Resale,Ready to Move,55,3986,0,1,0,Low
New Town,3,690,5,2,South - East,Freehold,Resale,Ready to Move,65,7214,0,1,0,Low
Khardaha,3,970,10,2,South,Freehold,Resale,Ready to Move,45,4639,0,0,0,Low
Garia,2,923,4,2,South - East,Freehold,New Property,Ready to Move,71.5,6201,1,1,0,Low
Bally,4,1100,1,3,Unknown,Unknown,Resale,Ready to Move,30,2308,0,0,0,Low
Action Area 3,4,1555,13,3,South,Freehold,Resale,Ready to Move,200,12862,0,1,0,Mid
Haltu,2,600,1,2,West,Freehold,Resale,Ready to Move,45,6923,0,1,0,Low
Tollygunge Karunamoyee,2,638,2,1,South,Freehold,Resale,Ready to Move,30,4000,0,1,0,Low
Tollygunge,2,893,1,2,South,Freehold,Resale,Ready to Move,50,4762,0,1,0,Low
Tollygunge,2,1120,13,2,Unknown,Unknown,Resale,Ready to Move,112,10000,0,0,0,Low
Kolkata,2,750,3,2,South -West,Freehold,Resale,Ready to Move,29.5,2983,0,0,0,Low
Airport 2 Number Gate,3,780,3,2,South - East,Freehold,Resale,Ready to Move,35,3500,0,1,0,Low
Kankurgachi,3,1300,3,3,South - East,Freehold,Resale,Ready to Move,48,3200,1,1,0,Low
Howrah,3,800,1,2,South,Freehold,New Property,Ready to Move,28,2800,1,1,0,Low
Barrackpore,3,1156,7,2,North - West,Power Of Attorney,Resale,Ready to Move,51,4412,1,1,0,Low
Kolkata,2,920,3,2,Unknown,Unknown,Resale,Ready to Move,65,7065,0,0,0,Low
Shibrampur,3,850,4,2,North - East,Freehold,Resale,Ready to Move,56,5273,1,1,0,Low
Garia,2,1025,1,2,South,Freehold,Resale,Ready to Move,65,6341,1,0,0,Low
Ranikuthi,2,750,4,2,East,Freehold,Resale,Ready to Move,50,5330,0,1,0,Low
Alipore,3,1850,8,4,North,Freehold,Resale,Ready to Move,551,22958,0,1,0,High
Rani Rashmoni Bagan,2,550,2,2,Unknown,Unknown,Resale,Ready to Move,40,5517,0,0,0,Low
Dunlop,3,950,3,2,Unknown,Unknown,Resale,Ready to Move,41,4197,0,0,0,Low
Nagerbazar,2,680,4,2,East,Freehold,Resale,Ready to Move,38,5588,0,1,0,Low
Kaikhali,2,900,2,2,South - East,Freehold,Resale,Ready to Move,52,4727,1,0,0,Low
Maheshtala,2,544,14,2,South - East,Freehold,Resale,Ready to Move,30,4412,0,1,0,Low
South Dumdum,3,880,2,2,South - East,Unknown,Resale,Ready to Move,32,3337,0,1,0,Low
Eastern Metropolitan Bypass,4,3500,22,4,Unknown,Unknown,Resale,Ready to Move,520,14857,0,0,0,High
Ahalyanagar,3,900,2,2,South - East,Freehold,Resale,Ready to Move,75,5971,0,1,0,Low
Salkia,3,1565,7,2,East,Freehold,Resale,Ready to Move,102,6550,0,1,0,Low
Kaikhali,3,1021,1,2,South,Freehold,Resale,Ready to Move,72,5638,1,0,0,Low
Kolkata,2,960,2,2,Unknown,Unknown,Resale,Ready to Move,35,2917,0,0,0,Low
Action Area 2,1,440,2,1,South - East,Freehold,Resale,Ready to Move,22,4681,0,0,0,Low
Narayanpur,3,2300,4,4,Unknown,Unknown,Resale,Ready to Move,100,4348,1,0,1,Low
Shyamnagar,4,1800,0,3,East,Freehold,New Property,Ready to Move,285,14250,1,1,0,Mid
Bhangar,1,430,2,1,Unknown,Unknown,Resale,Ready to Move,15,3488,0,0,0,Low
Sreebhumi,4,2048,3,3,South,Freehold,Resale,Ready to Move,153,7500,1,0,1,Mid
Rajarhat,4,4450,15,3,Unknown,Unknown,Resale,Ready to Move,484,10876,0,0,0,High
Kolkata,2,690,3,1,South - East,Freehold,Resale,Ready to Move,16,2222,0,1,0,Low
Rajarhat,2,920,4,2,Unknown,Unknown,Resale,Ready to Move,35,3804,0,0,0,Low
Thakurpukur,3,1800,1,3,Unknown,Unknown,Resale,Ready to Move,151,8389,0,0,0,Mid
Howrah Domjur Bargachhia Road,2,801,2,2,South,Unknown,Resale,Ready to Move,40,4994,0,0,0,Low
Birati,2,765,3,2,Unknown,Unknown,Resale,Ready to Move,24,3137,0,0,0,Low
Dhakuria,4,1000,2,2,South - East,Freehold,Resale,Ready to Move,80,6154,0,0,0,Low
Gariahat,4,2700,2,4,South,Freehold,Resale,Ready to Move,650,24074,1,1,0,High
Chandannagar,2,600,1,2,West,Freehold,New Property,Ready to Move,30,5000,0,0,0,Low
New Garia,1,583,9,1,East,Freehold,Resale,Ready to Move,29,4603,1,0,0,Low
Sector 5 Salt Lake City,2,792,15,2,South,Power Of Attorney,Resale,Ready to Move,73,6728,0,1,0,Low
Gariahat,3,1780,,2,South - East,Freehold,Resale,Ready to Move,150,8426.96629213483,0,1,0,Low
Nabapally Barasat,3,1236,3,2,South,Freehold,Resale,Ready to Move,37,2994,1,0,0,Low
Ariadaha,2,654,4,2,East,Freehold,Resale,Ready to Move,36,4675,0,1,0,Low
Beleghata,3,1080,2,3,South - East,Freehold,Resale,Ready to Move,100,7407,1,1,0,Low
Dum Dum Park,2,750,3,2,East,Freehold,Resale,Ready to Move,42,4541,0,1,0,Low
Birati,3,1239,2,2,Unknown,Unknown,New Property,Ready to Move,43,3471,0,0,0,Low
Krishnapur Ma,2,733,0,2,South - East,Freehold,Resale,Ready to Move,28,3053,0,1,0,Low
Rajarhat,3,1006,5,2,South - East,Freehold,Resale,Ready to Move,80,6359,1,1,0,Low
Uttarpara Ch,2,630,2,2,East,Unknown,Resale,Ready to Move,30,4762,1,1,1,Low
Barasat,3,637,4,2,Unknown,Freehold,Resale,Ready to Move,40,4343,1,1,0,Low
Chandannagar,2,600,3,2,Unknown,Unknown,Resale,Ready to Move,30,4000,0,0,0,Low
Dum Dum Park,4,2160,1,4,Unknown,Freehold,Resale,Ready to Move,120,5556,0,0,0,Low
Subhash Nagar South Dumdum,3,1515,4,2,South - East,Freehold,Resale,Ready to Move,75,4950,0,1,0,Low
Kolkata,4,2000,2,2,South - East,Freehold,Resale,Ready to Move,125,5000,0,1,0,Low
Harish Mukherjee Road,3,1200,1,2,East,Freehold,Resale,Ready to Move,175,10938,1,1,0,Mid
Shakespeare Sarani,1,700,9,1,West,Co-operative Society,Resale,Ready to Move,100,12121,0,1,0,Low
Kolkata,2,650,4,1,Unknown,Unknown,Resale,Ready to Move,23,3538,0,0,0,Low
Rajarhat,2,880,4,2,Unknown,Freehold,Resale,Ready to Move,42,4773,0,0,0,Low
Beleghata,3,1305,5,3,North,Freehold,Resale,Ready to Move,190,10326,1,1,0,Mid
Rajarhat,3,1070,1,2,South -West,Freehold,Resale,Ready to Move,55,5140,0,1,0,Low
Beleghata,3,1546,8,2,South - East,Freehold,Resale,Ready to Move,145,9379,0,0,0,Low
Anandapur,2,483,2,2,South - East,Freehold,New Property,Unknown,49.3,7464,0,1,0,Low
Selimpur,2,585,2,2,South,Unknown,Resale,Ready to Move,34,4564,0,1,0,Low
Lake Market,4,1204,4,3,Unknown,Co-operative Society,Resale,Ready to Move,155,10690,0,1,0,Mid
Tegharia Baguiati,2,670,3,2,North - West,Freehold,Resale,Ready to Move,19.5,2621,0,1,0,Low
Phool Bagan Garia,2,1425,7,2,Unknown,Freehold,Resale,Ready to Move,155,10877,1,1,0,Mid
Dum Dum Park,3,1140,1,2,Unknown,Unknown,Resale,Ready to Move,60,5263,0,0,0,Low
Kolkata,2,710,10,2,Unknown,Unknown,Resale,Ready to Move,150,21127,0,0,0,Low
Ramlal Bazar,2,650,0,2,East,Freehold,Resale,Ready to Move,30,4615.38461538462,0,1,0,Low
Tollygunge,4,2000,5,4,East,Freehold,Resale,Ready to Move,215,10750,1,0,0,Mid
Belur Math,2,800,1,2,Unknown,Freehold,Resale,Ready to Move,26,3250,0,0,0,Low
Rajarhat,3,1500,1,2,South,Freehold,New Property,Ready to Move,100,6667,0,1,0,Low
Kestopur,2,989,4,2,South -West,Freehold,Resale,Ready to Move,40,4044,0,0,0,Low
Survey Park,3,1030,3,2,Unknown,Freehold,Resale,Ready to Move,90,8738,0,0,0,Low
Nagerbazar,3,1920,0,3,Unknown,Freehold,New Property,Ready to Move,200,10417,0,0,1,Mid
Kolkata,2,615,2,1,North - East,Freehold,Resale,Ready to Move,17,2764,0,0,0,Low
New Barrakpur,2,600,4,1,East,Freehold,Resale,Ready to Move,28,3810,0,1,0,Low
Dum Dum,1,438,3,1,Unknown,Freehold,Resale,Ready to Move,24,4075,0,1,0,Low
Rajarhat,2,888,2,2,North - West,Freehold,Resale,Ready to Move,32,3604,0,0,0,Low
Rajarhat,3,810,5,2,South - East,Co-operative Society,Resale,Ready to Move,92,9200,0,1,0,Low
Survey Park,2,1210,2,2,South - East,Freehold,Resale,Ready to Move,140,11570,1,1,0,Low
Lake View Road,3,1000,4,2,North,Freehold,Resale,Ready to Move,130,10400,0,1,0,Low
Unique Park Behala,3,1500,2,3,South,Freehold,Resale,Ready to Move,99.5,5528,0,1,0,Low
Block A Lake Town,2,950,1,2,Unknown,Co-operative Society,Resale,Ready to Move,58,6105.26315789474,1,0,0,Low
Boral,1,318,0,1,South -West,Freehold,Resale,Ready to Move,19.5,3061,0,1,0,Low
Dankuni,2,806,2,2,Unknown,Freehold,Resale,Ready to Move,23,2854,0,1,0,Low
Kolkata,2,650,2,2,South - East,Freehold,Resale,Ready to Move,38,5846.15384615385,0,1,0,Low
Rajarhat,3,1045,7,3,North - East,Freehold,Resale,Ready to Move,150,9609,1,0,1,Low
Selimpur,3,1000,3,2,South - East,Freehold,Resale,Ready to Move,75,6522,0,1,0,Low
Khardaha,3,980,8,2,Unknown,Unknown,Resale,Ready to Move,49,5000,0,0,0,Low
Dunlop,2,700,4,1,South -West,Freehold,Resale,Ready to Move,35,4730,0,1,0,Low
Bediapara North Dumdum,2,760,2,2,South,Freehold,Resale,Ready to Move,32,3368,0,1,0,Low
Action Area 3,3,1040,1,2,South - East,Freehold,Resale,Ready to Move,65,5000,1,0,0,Low
DJ Block Newtown,3,1596,1,2,South,Freehold,Resale,Ready to Move,120,7519,1,0,0,Low
Tollygunge Karunamoyee,2,760,2,2,South - East,Freehold,Resale,Ready to Move,50,5263,0,1,0,Low
Mali Bagan Kaikhali,2,1221,3,2,East,Co-operative Society,Resale,Ready to Move,45,3686,1,0,0,Low
Kasba,1,450,3,1,Unknown,Unknown,Resale,Ready to Move,13,2889,0,0,0,Low
Kolkata,3,1000,3,2,South,Freehold,Resale,Ready to Move,55,4542,0,0,0,Low
SIP Deshapriya Park Area,3,1600,2,3,South -West,Freehold,Resale,Ready to Move,190,11875,0,0,0,Mid
Subhasgram,2,614,3,2,South,Unknown,Resale,Ready to Move,30,3906,0,0,0,Low
Barrackpore Trunk Road,2,800,3,2,East,Freehold,Resale,Ready to Move,77,9625,0,1,0,Low
Salt Lake City,4,1100,1,2,South - East,Co-operative Society,Resale,Ready to Move,125,9615,1,1,0,Low
Maheshtala,3,1790,8,3,South -West,Freehold,Resale,Ready to Move,85,4749,1,0,0,Low
Rajpur,2,510,4,2,South -West,Freehold,Resale,Unknown,23.5,4608,0,0,1,Low
Tollygunge,3,2150,20,3,Unknown,Co-operative Society,Resale,Unknown,385,17907,0,1,0,Mid
Joka,3,962,2,2,North,Freehold,New Property,Ready to Move,40.5,4210,0,1,0,Low
Mukundapur,2,530,15,1,Unknown,Unknown,Resale,Unknown,110,20755,0,0,0,Low
Bhowanipore,3,940,3,3,Unknown,Unknown,Resale,Ready to Move,150,11228,0,0,0,Low
Naktala,2,780,2,2,Unknown,Unknown,Resale,Ready to Move,42,5384.61538461539,0,0,0,Low
Serampore,1,556,6,2,Unknown,Freehold,Resale,Ready to Move,27,4856,1,1,1,Low
Sarsuna,3,900,3,2,South - East,Freehold,Resale,Ready to Move,40,3571,0,1,0,Low
Rajarhat,2,950,4,2,Unknown,Unknown,Resale,Ready to Move,76,8000,0,0,0,Low
Howrah,2,500,11,2,North,Leasehold,Resale,Ready to Move,40,5333,0,0,0,Low
Narayanpur North 24 Parganas,2,990,4,2,North - East,Freehold,New Property,Ready to Move,65,5963,0,1,0,Low
Andul,3,850,1,3,Unknown,Freehold,Resale,Ready to Move,29.3,2997,0,1,0,Low
Nagerbazar,3,884,4,2,Unknown,Freehold,Resale,Ready to Move,53,5995,0,0,0,Low
Purbapara Kamdahari,2,800,1,2,South,Freehold,Resale,Ready to Move,40,3670,0,1,0,Low
Dum Dum,3,1143,2,2,North - East,Freehold,Resale,Ready to Move,49.5,4047,1,1,0,Low
Batanagar,2,666,1,2,South - East,Freehold,Resale,Ready to Move,20,2597,0,1,0,Low
Baishnabghata Patuli Township,2,550,3,2,South - East,Freehold,Resale,Ready to Move,38,5556,0,1,0,Low
Tollygunge,4,1400,0,3,Unknown,Unknown,Resale,Ready to Move,40,2857.14285714286,0,0,0,Low
Rajarhat,2,1108,1,2,Unknown,Freehold,Resale,Ready to Move,60,5415,1,0,0,Low
Joka,3,927,10,2,South - East,Freehold,Resale,Ready to Move,81,6667,1,1,0,Low
Dunlop,3,737,2,2,North,Freehold,Resale,Ready to Move,75,8701,1,0,1,Low
Shibrampur,3,1062,6,3,Unknown,Unknown,Resale,Ready to Move,50,4708,0,0,0,Low
Kasba,3,850,2,3,Unknown,Unknown,Resale,Ready to Move,90,10588,0,0,0,Low
Joka,2,656,8,2,South - East,Freehold,Resale,Ready to Move,67,7128,1,0,0,Low
Rajarhat,2,1108,1,2,Unknown,Unknown,Resale,Unknown,60,5415,0,0,0,Low
Howrah,2,850,3,2,Unknown,Unknown,Resale,Ready to Move,50,5882,0,0,0,Low
Action Area 1A,3,1132,8,3,North - East,Freehold,Resale,Ready to Move,155,8867,1,0,1,Mid
Maheshtala,3,1524,3,3,South - East,Freehold,Resale,Ready to Move,45,2953,1,1,1,Low
Action Area 3,3,1900,4,4,South - East,Freehold,Resale,Ready to Move,175,7940,1,1,0,Mid
Anandapur,3,1540,10,3,South,Freehold,Resale,Unknown,410,16078,0,1,0,High
Rajarhat,4,2542,2,3,East,Freehold,Resale,Ready to Move,225,8851,1,0,0,Mid
Eastern Metropolitan Bypass,3,1000,2,2,North - East,Freehold,Resale,Ready to Move,110,8703,1,1,1,Low
Action Area 1,3,1891,20,3,Unknown,Freehold,Resale,Ready to Move,345,18244,0,1,0,Mid
Block A Lake Town,2,587,,2,West,Freehold,Resale,Unknown,100,10152,0,1,0,Low
Rajarhat,4,2133,9,3,South - East,Freehold,Resale,Ready to Move,160,7501,0,0,1,Mid
Patuli,3,1361,7,2,South -West,Freehold,Resale,Ready to Move,100,7348,1,1,0,Low
New Town,3,1160,,3,Unknown,Unknown,New Property,Unknown,92.3,7957,0,0,0,Low
New Town,2,932,,2,Unknown,Unknown,New Property,Unknown,61.2,6567,0,0,0,Low
Southern Bypass,3,1163,,2,Unknown,Unknown,New Property,Unknown,46.5,4000,0,0,0,Low
Hazra Road,4,2800,3,2,North - West,Freehold,Resale,Ready to Move,300,8333,0,1,0,Mid
Bangur Avenue,3,1320,1,2,South,Freehold,New Property,Unknown,72.6,5500,0,0,0,Low
Airport Area,3,1050,0,2,North,Freehold,New Property,Ready to Move,39.9,3800,0,1,0,Low
Dum Dum,3,1000,1,2,North,Freehold,New Property,Unknown,44,4400,0,0,0,Low
Baghajat,3,1100,0,2,South - East,Freehold,New Property,Ready to Move,35,3182,0,1,0,Low
Kasba,2,800,2,2,South - East,Freehold,New Property,Ready to Move,57,5700,0,1,0,Low
Rajarhat,3,1036,,2,Unknown,Unknown,New Property,Unknown,46.6,4500,0,0,0,Low
Sonarpur,3,1550,,2,Unknown,Unknown,New Property,Unknown,70.7,4561,0,0,0,Low
Behala Chowrasta,2,899,,2,Unknown,Unknown,New Property,Ready to Move,40.4,4494,0,0,0,Low
New Town,3,1294,2,2,Unknown,Unknown,New Property,Unknown,100,7758,0,0,0,Low
Tollygunge,4,1639,,4,Unknown,Unknown,New Property,Unknown,298,15259,0,0,0,Mid
Barrackpore,2,740,,2,Unknown,Unknown,New Property,Unknown,28.1,3800,0,0,0,Low
Rajarhat,2,843,,2,Unknown,Unknown,New Property,Unknown,33,3915,0,0,0,Low
Dum Dum,3,1664,,3,Unknown,Unknown,New Property,Ready to Move,98.2,5900,0,0,0,Low
Jessore Road,3,686,,2,Unknown,Unknown,New Property,Unknown,102,7846,0,0,0,Low
Kestopur,3,1299,,2,Unknown,Unknown,New Property,Unknown,71.4,5500,0,0,0,Low
Bansdroni,2,545,,2,Unknown,Unknown,New Property,Unknown,30.6,4500,0,0,0,Low
Garia Station Road,1,538,,2,Unknown,Unknown,New Property,Unknown,24.2,4500,0,0,0,Low
Mukundapur,3,1304,,2,Unknown,Unknown,New Property,Ready to Move,76.9,5900,0,0,0,Low
Howrah,3,1269,,2,Unknown,Unknown,New Property,Unknown,50.8,4000,0,0,0,Low
Barasat,3,736,,3,Unknown,Unknown,New Property,Unknown,48.8,4046,0,0,0,Low
Sodepur,2,860,,2,Unknown,Unknown,New Property,Ready to Move,25.8,3000,0,0,0,Low
New Town,4,1537,,4,Unknown,Unknown,New Property,Unknown,161,6979,0,0,0,Mid
Entally,3,975,,2,Unknown,Unknown,New Property,Unknown,164,16820.5128205128,0,0,0,Mid
New Town,3,713,,2,Unknown,Unknown,New Property,Unknown,48.9,6858.34502103787,0,0,0,Low
Dum Dum,2,893,,2,Unknown,Unknown,New Property,Unknown,40.2,4500,0,0,0,Low
Parnasree Palli,3,1270,,2,Unknown,Unknown,New Property,Unknown,67.3,5300,0,0,0,Low
Tangra,4,2621,,4,Unknown,Unknown,New Property,Ready to Move,231,8813,0,0,0,Mid
North 24 Parganas,3,1220,,2,Unknown,Unknown,New Property,Ready to Move,40.6,3328,0,0,0,Low
New Town,3,1045,,3,Unknown,Unknown,New Property,Unknown,58.5,5600,0,0,0,Low
Rajarhat,2,609,,2,Unknown,Unknown,New Property,Unknown,53,7465,0,0,0,Low
Parnasree Palli,3,1011,,3,Unknown,Unknown,New Property,Unknown,99,6578,0,0,0,Low
Narendrapur Rajpur Sonarpur,3,1316,,2,Unknown,Unknown,New Property,Unknown,74,5623,0,0,0,Low
Madhyamgram,3,1259,,3,Unknown,Unknown,New Property,Unknown,56.7,4500,0,0,0,Low
Rajarhat,2,1032,,2,Unknown,Unknown,New Property,Unknown,54,5233,0,0,0,Low
New Town,2,888,,2,Unknown,Unknown,New Property,Unknown,46.6,5250,0,0,0,Low
Rajarhat,2,1197,,2,Unknown,Unknown,New Property,Unknown,63.6,5313,0,0,0,Low
Rajarhat,3,870,,2,Unknown,Unknown,New Property,Unknown,115,8302,0,0,0,Low
Dhakuria,1,467,2,1,South - East,Freehold,Resale,Ready to Move,20,4282.65524625268,0,0,0,Low
Noapara Sukanta Pally,2,795,4,2,North,Freehold,Resale,Ready to Move,40,5031,1,1,0,Low
Entally,2,1050,4,2,North,Freehold,Resale,Ready to Move,75,5769,0,1,0,Low
Rajarhat,3,950,2,3,North - East,Freehold,Resale,Ready to Move,155,16315.7894736842,1,0,1,Mid
Ramgarh Colony,2,624,2,2,East,Freehold,Resale,Ready to Move,40,5128,0,0,1,Low
Madhyamgram,2,894,5,2,North,Freehold,Resale,Ready to Move,57,6376,0,0,0,Low
Kolkata,2,650,4,1,South - East,Freehold,Resale,Ready to Move,27.5,4231,0,0,0,Low
Rajarhat,1,380,0,1,Unknown,Co-operative Society,Resale,Ready to Move,27,4655,1,1,0,Low
Kolkata,3,1344,5,2,Unknown,Unknown,Resale,Ready to Move,55,4092,0,0,0,Low
Rajarhat,2,1040,2,2,Unknown,Unknown,Resale,Ready to Move,49,4712,0,0,0,Low
Kestopur,1,550,0,1,Unknown,Unknown,Resale,Ready to Move,18,3273,0,0,0,Low
Netaji Nagar,2,602,4,1,East,Freehold,Resale,Ready to Move,23.5,3357,0,1,0,Low
Fartabad,2,545,1,2,East,Freehold,Resale,Ready to Move,42,5419,0,1,0,Low
P Majumder Road,2,720,1,2,Unknown,Unknown,Resale,Ready to Move,50,6944.44444444444,0,0,0,Low
Thakurpukur,2,750,0,2,Unknown,Freehold,Resale,Ready to Move,28,3733.33333333333,0,0,0,Low
Ganguly Bagan,2,680,0,2,South - East,Freehold,Resale,Ready to Move,64,7601,0,0,0,Low
Maheshtala,3,1482,8,2,Unknown,Freehold,Resale,Ready to Move,45,3036,1,1,1,Low
Nabapally Barasat,2,550,4,1,Unknown,Unknown,Resale,Ready to Move,10,1667,0,0,0,Low
Jadavpur,2,424,1,1,Unknown,Freehold,Resale,Ready to Move,24,4528,0,0,0,Low
New Town,3,1480,2,2,West,Freehold,New Property,Ready to Move,95,6419,0,1,0,Low
Belghoria,2,940,1,2,Unknown,Unknown,Resale,Ready to Move,50,5319,0,0,0,Low
Bakultala Behala,1,520,3,1,Unknown,Unknown,Resale,Ready to Move,13,2500,0,0,0,Low
Eastern Metropolitan Bypass,3,1167,1,3,Unknown,Unknown,Resale,Ready to Move,110,9426,0,0,0,Low
Ganguly Bagan,2,620,1,2,East,Freehold,Resale,Ready to Move,53,6235,0,0,0,Low
Sodepur,3,1250,3,2,Unknown,Unknown,Resale,Ready to Move,43,3440,0,0,0,Low
Eastern Metropolitan Bypass,3,1130,8,3,East,Freehold,Resale,Ready to Move,110,7309,0,1,0,Low
Tollygunge,3,1095,,2,Unknown,Unknown,New Property,Unknown,41.3,3769,0,0,0,Low
Barasat,2,504,11,2,Unknown,Unknown,New Property,Ready to Move,35.3,4599,0,0,0,Low
Rajarhat,4,2211,3,4,Unknown,Freehold,Resale,Ready to Move,185,8367,1,0,1,Mid
Bishnupur Rajarhat,2,739,1,2,South - East,Freehold,Resale,Ready to Move,50,5747,0,1,0,Low
Rajarhat Ma,2,800,3,2,South,Freehold,Resale,Ready to Move,65,6533,0,1,0,Low
Baranagar,2,525,1,1,North - East,Freehold,Resale,Ready to Move,30,3974,0,1,0,Low
New Town,1,550,8,1,East,Co-operative Society,Resale,Ready to Move,37,5736,1,1,0,Low
Maheshtala,2,850,5,2,Unknown,Unknown,Resale,Ready to Move,35,4118,0,0,0,Low
Naktala,2,720,3,2,Unknown,Freehold,Resale,Ready to Move,45,6250,0,1,0,Low
Nayabad,2,620,3,2,South -West,Freehold,Resale,Ready to Move,38,4878,1,0,0,Low
Madhyamgram,3,950,2,2,South - East,Freehold,Resale,Ready to Move,50,4735,1,0,0,Low
Rajarhat,2,1040,5,2,West,Freehold,Resale,Ready to Move,45,4327,1,0,0,Low
Tollygunge,4,2800,21,5,South - East,Leasehold,Resale,Ready to Move,497,17750,1,1,1,High
Rajarhat,3,890,8,2,East,Freehold,Resale,Ready to Move,125,9690,0,1,0,Low
Rajarhat,3,1200,10,2,South - East,Freehold,Resale,Ready to Move,119,9917,1,1,1,Low
New Town,2,957,15,2,North - East,Freehold,Resale,Ready to Move,86,8986,0,0,0,Low
Tollygunge,3,1650,15,3,South - East,Freehold,New Property,Ready to Move,175,10607,1,1,1,Mid
New Town,3,1264,12,2,East,Freehold,Resale,Ready to Move,105,8307,1,1,1,Low
Ballygunge,2,1200,4,2,South,Freehold,Resale,Ready to Move,150,10000,1,0,0,Low
Southern Avenue,2,1100,3,2,North - West,Freehold,Resale,Ready to Move,100,9091,0,0,0,Low
Bangur Avenue,3,1200,4,2,North,Freehold,Resale,Ready to Move,80,6667,0,0,0,Low
Behala,2,1015,2,2,East,Freehold,Resale,Ready to Move,26,2562,1,0,0,Low
Madurdaha,3,1050,2,2,North - West,Freehold,Resale,Ready to Move,56,5333,0,1,0,Low
Motijheel,3,1255,10,3,East,Freehold,Resale,Ready to Move,180,14343,1,0,0,Mid
Behala,2,650,0,2,Unknown,Unknown,Resale,Ready to Move,22,3385,0,0,0,Low
New Town,4,1499,8,4,South - East,Freehold,Resale,Ready to Move,300,16667,0,1,1,Mid
Baranagar,2,920,2,2,Unknown,Unknown,Resale,Ready to Move,60,5254,0,0,0,Low
Paikpara,2,625,4,2,East,Leasehold,Resale,Ready to Move,130,16250,1,1,0,Low
Kalikapur Haltu,2,1009,1,2,Unknown,Unknown,Resale,Ready to Move,55,5451,0,0,0,Low
Gariahat,2,1000,1,2,Unknown,Unknown,Resale,Ready to Move,120,9231,0,0,0,Low
Kolkata,2,1000,4,2,South - East,Freehold,Resale,Ready to Move,48,4000,0,1,0,Low
Bramhapur,2,500,2,1,South - East,Freehold,Resale,Ready to Move,20,4000,0,0,0,Low
Action Area 1,3,1150,4,2,Unknown,Unknown,Resale,Ready to Move,150,10000,0,0,0,Low
Kolkata,2,820,1,2,Unknown,Unknown,Resale,Ready to Move,33,3667,0,0,0,Low
Kolkata,2,580,4,1,South - East,Unknown,Resale,Ready to Move,24.9,4016,0,0,0,Low
Raigachi,2,712,1,2,West,Freehold,New Property,Ready to Move,57,6116,0,1,0,Low
Bediapara South Dumdum,2,526,3,2,South -West,Leasehold,Resale,Ready to Move,27,3852,0,0,0,Low
Netaji Nagar,2,790,3,1,Unknown,Unknown,Resale,Ready to Move,35,4375,0,0,0,Low
Kolkata,1,353,4,1,West,Freehold,Resale,Ready to Move,15,3191,0,1,0,Low
Kankurgachi,2,817,5,2,East,Freehold,Resale,Ready to Move,130,12733,1,0,1,Low
Rishra,3,800,1,2,Unknown,Unknown,Resale,Ready to Move,75,8484,0,0,0,Low
Alipore,4,2299,5,4,East,Freehold,Resale,Ready to Move,325,11364,1,1,0,Mid
Barasat,2,780,1,1,South,Freehold,Resale,Ready to Move,21.5,2756,0,1,0,Low
Kalyani,3,1050,3,2,East,Unknown,Resale,Ready to Move,36,2880,0,0,0,Low
Behala,3,1000,3,2,Unknown,Unknown,Resale,Ready to Move,45,4500,0,0,0,Low
Tollygunge,2,1250,1,2,South,Freehold,Resale,Ready to Move,90,7200,0,0,0,Low
Ripon Street,2,510,4,1,North,Freehold,Resale,Ready to Move,62,12157,0,1,0,Low
Rajarhat,2,1178,4,2,Unknown,Unknown,Resale,Ready to Move,85,7216,0,0,0,Low
Golaghata,2,870,2,2,South - East,Freehold,Other,Ready to Move,42,4421,0,1,0,Low
Kolkata,2,1031,2,2,Unknown,Unknown,Resale,Ready to Move,35,3395,0,0,0,Low
Hiland Park,2,550,0,2,South - East,Freehold,Resale,Ready to Move,45,5294,0,1,0,Low
Kolkata,3,1050,2,2,Unknown,Unknown,Resale,Ready to Move,75,5556,0,0,0,Low
Ghosh Para Kestopur,3,860,2,2,North - West,Freehold,Resale,Ready to Move,66.6,5806,1,1,1,Low
Garia Station Road,2,505,4,2,Unknown,Unknown,Resale,Ready to Move,29,4496,0,0,0,Low
New Town,2,675,12,1,North - East,Freehold,Resale,Ready to Move,115,12778,0,1,0,Low
Sinthi,2,627,2,2,North - East,Freehold,Resale,Ready to Move,95,9794,0,0,0,Low
Garia Station Road,2,700,2,2,South - East,Freehold,Resale,Ready to Move,50,5030,0,1,0,Low
South Dumdum,2,824,2,1,Unknown,Unknown,Resale,Ready to Move,31,3762.1359223301,0,0,0,Low
Sodepur,2,676,1,2,South - East,Freehold,Resale,Ready to Move,35,4364,1,1,0,Low
Purbalok,2,1049,4,2,Unknown,Unknown,Resale,Ready to Move,70,6673.02192564347,0,0,0,Low
Behala,2,850,2,2,Unknown,Unknown,Resale,Ready to Move,32,3765,0,0,0,Low
Behala,3,1050,12,2,Unknown,Unknown,Resale,Ready to Move,80,7619,0,0,0,Low
Konnagar,2,806,2,2,Unknown,Unknown,Resale,Ready to Move,20.5,2543,0,0,0,Low
Narendrapur Rajpur Sonarpur,3,1300,2,2,Unknown,Unknown,Resale,Ready to Move,50,3846,0,0,0,Low
Salua,1,525,2,1,Unknown,Unknown,Resale,Ready to Move,32,5508,0,0,0,Low
Baruipur,1,412,4,1,Unknown,Unknown,Resale,Ready to Move,20,4854,0,0,0,Low
Kolkata,3,1125,1,3,Unknown,Unknown,Resale,Ready to Move,108,8000,0,0,0,Low
Tetultala Agarpara,2,823,1,2,East,Freehold,Resale,Ready to Move,18,2187,0,1,0,Low
Rajarhat,3,1050,2,2,Unknown,Unknown,Resale,Ready to Move,34,3238,0,0,0,Low
Kamalgazi Sonarpur Road,3,1010,4,2,South,Freehold,New Property,Ready to Move,72,5873,1,0,1,Low
Kolkata,3,1530,2,4,East,Freehold,Resale,Ready to Move,150,9804,0,1,0,Low
Sodepur,2,580,1,1,Unknown,Freehold,Resale,Ready to Move,21,3415,0,0,0,Low
Jadavpur Central Road,3,1050,3,2,East,Freehold,Resale,Ready to Move,66,6286,0,1,0,Low
Kolkata,2,580,3,2,East,Freehold,Resale,Ready to Move,34.5,4759,1,1,0,Low
Maheshtala,2,712,10,2,East,Freehold,Resale,Ready to Move,42,4286,1,0,0,Low
Picnic Garden,3,1100,,2,Unknown,Unknown,Resale,Ready to Move,75,6818,0,0,0,Low
New Town,2,781,11,2,South - East,Freehold,Resale,Ready to Move,62,7939,1,1,1,Low
Ramgarh Garia,3,1100,3,2,South,Unknown,Resale,Ready to Move,60,5455,0,0,0,Low
Bhangar,3,916,4,2,South,Freehold,Resale,Ready to Move,35,3821,1,1,1,Low
Kestopur,2,900,6,2,Unknown,Unknown,Resale,Ready to Move,35,3889,0,0,0,Low
Ichapur Howrah,3,780,,2,Unknown,Unknown,Resale,Ready to Move,30,3529,0,0,0,Low
Kolkata,3,920,3,2,South - East,Freehold,Resale,Ready to Move,37.5,3409,0,1,0,Low
Kolkata,2,780,2,2,Unknown,Unknown,Resale,Ready to Move,30,3846,0,0,0,Low
Garia,2,516,2,2,Unknown,Unknown,Resale,Ready to Move,32,4969,0,0,0,Low
New Town,2,863,4,2,Unknown,Unknown,Resale,Ready to Move,78.5,9096,0,0,0,Low
Kolkata,3,1124,4,2,Unknown,Unknown,Resale,Ready to Move,72,6406,0,0,0,Low
Lahabagan Prantik Pally,3,1250,2,2,South - East,Unknown,Resale,Ready to Move,55,409,0,1,0,Low
Dunlop,3,741,4,2,South -West,Freehold,New Property,Unknown,71,6437,0,0,0,Low
Dankuni,2,600,0,1,Unknown,Unknown,Resale,Ready to Move,25,3472,0,0,0,Low
Na,2,700,3,2,South - East,Freehold,Resale,Ready to Move,30,4000,0,1,0,Low
Shree Bhumi,3,1700,2,3,South,Freehold,Resale,Ready to Move,121,6368,0,1,0,Low
Narayanpur,3,1250,4,2,South -West,Freehold,Resale,Ready to Move,55,4400,0,1,0,Low
Kolkata,2,692,4,2,Unknown,Unknown,Resale,Ready to Move,24.5,3540.46242774567,0,0,0,Low
Sector 5 Salt Lake City,3,1557,22,4,East,Freehold,Resale,Ready to Move,310,19910,0,1,0,Mid
Birati,2,490,4,1,Unknown,Unknown,Resale,Ready to Move,22,3514,0,0,0,Low
Kolkata,3,916,2,2,Unknown,Freehold,Resale,Ready to Move,25,2729,1,1,0,Low
Ganguly Bagan,2,640,3,1,Unknown,Unknown,Resale,Ready to Move,33,5156.25,0,0,0,Low
Bosepukur Road,2,800,3,2,South - East,Freehold,Resale,Ready to Move,45,4500,0,1,0,Low
Jadavpur,2,930,3,2,Unknown,Unknown,Resale,Ready to Move,70,7527,0,0,0,Low
Sree Colony,2,1050,2,2,Unknown,Unknown,Resale,Ready to Move,67,6380.95238095238,0,0,0,Low
Rajarhat Ma,3,1420,3,2,North - West,Freehold,Resale,Ready to Move,50,2941,0,1,0,Low
Tollygunge Karunamoyee,4,2074,6,4,South,Freehold,Resale,Ready to Move,240,11572,0,1,1,Mid
Nagerbazar,2,773,1,2,Unknown,Freehold,Resale,Ready to Move,32,4140,0,0,0,Low
Daksh,2,559,3,2,North - West,Freehold,Resale,Ready to Move,45,5562,0,0,0,Low
Bagnan Amta Road,2,708,5,1,Unknown,Freehold,Resale,Ready to Move,32,3765,0,0,0,Low
Haridevpur,2,700,1,2,South - East,Unknown,Resale,Ready to Move,48,5749,0,0,0,Low
Maheshtala,3,725,1,2,East,Freehold,Resale,Ready to Move,36,4031,1,0,0,Low
Panditiya Road,1,600,4,2,Unknown,Unknown,Resale,Ready to Move,45,6000,0,0,0,Low
Entally,4,1150,1,2,South - East,Freehold,Resale,Ready to Move,115,8550,1,1,0,Low
Kestopur,3,1257,3,2,East,Freehold,Resale,Ready to Move,86,6842,0,1,0,Low
Serampore,2,670,3,2,North - East,Freehold,Resale,Ready to Move,30,3261,0,1,0,Low
Bansdroni,2,600,2,2,East,Freehold,Resale,Ready to Move,30,4000,0,0,0,Low
Eastern Metropolitan Bypass,3,1180,22,2,South - East,Freehold,Resale,Ready to Move,235,15932,0,1,0,Mid
Ballygunge,2,700,2,2,East,Freehold,Resale,Ready to Move,50,7143,0,1,0,Low
Rajarhat,3,1660,2,3,South - East,Co-operative Society,Resale,Ready to Move,140,8434,0,0,0,Low
Kolkata,3,1500,6,3,Unknown,Freehold,Resale,Ready to Move,175,10294,0,1,0,Mid
Belghoria Expressway,4,1716,3,4,Unknown,Unknown,Resale,Ready to Move,105,6119,0,0,0,Low
Jawpur,2,1041,3,2,South,Freehold,Resale,Ready to Move,42,4035,1,0,0,Low
Parnasree Palli,2,1050,2,2,Unknown,Unknown,Resale,Ready to Move,45,4286,0,0,0,Low
Malancha Mahi Nagar,2,850,3,2,South - East,Freehold,Resale,Ready to Move,25,2632,0,1,0,Low
Dobson Road,4,1980,2,3,South,Freehold,Resale,Ready to Move,110,5069,0,1,0,Low
Rajpur Sonarpur,3,847,2,2,East,Freehold,Resale,Ready to Move,45,3982,1,0,1,Low
Ranganathpur,2,369,10,1,South,Freehold,Resale,Ready to Move,34,5484,0,1,0,Low
Alipore,4,1960,2,4,North,Freehold,Resale,Ready to Move,270,11157,1,1,0,Mid
Rajarhat,3,800,3,3,South - East,Freehold,Resale,Ready to Move,125,12488,1,0,1,Low
Diamond Harbour Road,3,1404,4,3,South - East,Freehold,Resale,Ready to Move,250,14245,0,1,0,Mid
Rajarhat,2,698,1,1,North - West,Freehold,Resale,Ready to Move,48,5172,0,1,0,Low
Kolkata,3,1080,6,2,South - East,Freehold,Resale,Ready to Move,50,3631,1,1,1,Low
Sodepur,2,790,1,2,North,Freehold,Resale,Ready to Move,35,4430,1,0,0,Low
Tiljala,2,624,3,2,Unknown,Unknown,Resale,Ready to Move,65,8333,0,0,0,Low
Noapara Sukanta Pally,3,1280,5,2,Unknown,Unknown,Resale,Ready to Move,75,5859,0,0,0,Low
Manicktala Machuabazar,4,2751,24,4,Unknown,Freehold,Resale,Ready to Move,450,16358,1,1,1,High
Howrah,1,620,5,1,Unknown,Unknown,Resale,Ready to Move,23,3710,0,0,0,Low
Mukundapur,4,1965,43,4,North,Freehold,Resale,Ready to Move,450,16112,1,1,1,High
Eastern Metropolitan Bypass,3,1612,17,2,East,Freehold,Resale,Ready to Move,230,8846,0,1,0,Mid
Sapuipara,3,800,1,2,Unknown,Unknown,Resale,Ready to Move,63,7875,0,0,0,Low
Kolkata,2,600,2,2,Unknown,Unknown,Resale,Ready to Move,39,6500,0,0,0,Low
Madurdaha,3,1535,2,2,South,Freehold,Resale,Ready to Move,110,7166,1,1,0,Low
New Alipore,3,1224,2,2,North,Freehold,Resale,Ready to Move,130,10621,1,0,0,Low
Dhopapara Parnasree Palli,2,740,4,2,South -West,Freehold,Resale,Ready to Move,70,6604,0,1,0,Low
Kolkata,2,750,2,2,South - East,Freehold,Resale,Ready to Move,47,5649,0,1,0,Low
Kestopur,2,795,3,2,East,Unknown,Resale,Ready to Move,53,6667,1,0,1,Low
Tegharia Baguiati,3,1050,1,2,South - East,Freehold,Resale,Ready to Move,61,4807,1,0,0,Low
Sonarpur Station Road,2,975,10,2,Unknown,Unknown,Resale,Ready to Move,49.5,5077,1,0,0,Low
Patipukur,1,500,4,1,Unknown,Unknown,Resale,Ready to Move,13,2600,0,0,0,Low
Belghoria Expressway,4,1716,3,4,South - East,Co-operative Society,Resale,Ready to Move,106,6177,1,1,0,Low
Tollygunge,4,2160,5,3,South - East,Freehold,Resale,Ready to Move,300,13889,1,0,0,Mid
Kolkata,3,850,3,2,South,Freehold,Resale,Ready to Move,28,3294,0,1,0,Low
Kasba,2,1050,2,2,East,Freehold,Resale,Ready to Move,53,5048,0,1,0,Low
Kolkata,2,663,0,1,North - East,Freehold,Resale,Ready to Move,28,3373,0,0,0,Low
Kolkata,2,1090,4,2,Unknown,Unknown,Resale,Ready to Move,75,6881,0,0,0,Low
Baguiati,2,500,2,2,North - East,Freehold,Resale,Ready to Move,23,3966,0,0,0,Low
Safui Para,2,630,3,2,South,Freehold,New Property,Ready to Move,43,5375,1,1,0,Low
Rajarhat,3,925,4,2,Unknown,Unknown,Resale,Ready to Move,63,5780,0,0,0,Low
Nandan Kanan Santoshpur,3,1236,3,3,North - West,Freehold,Resale,Ready to Move,75,6068,0,1,0,Low
Behala,3,1120,2,2,South,Freehold,Resale,Ready to Move,61,5446,0,1,0,Low
Ramkrishna Pally Panihati,2,525,3,2,South,Freehold,New Property,Ready to Move,21,3000,0,0,0,Low
Kolkata,2,720,3,1,Unknown,Unknown,Resale,Ready to Move,15,2083,0,0,0,Low
Joka,2,752,3,2,West,Freehold,Resale,Ready to Move,31.6,4200,1,0,0,Low
Kolkata,3,970,0,2,Unknown,Unknown,Resale,Ready to Move,28,2887,0,0,0,Low
Joka,3,956,10,3,Unknown,Unknown,Resale,Ready to Move,95,6934,0,0,0,Low
Jodhpur Park,4,2363,2,4,North - West,Freehold,Resale,Ready to Move,355,12770,1,1,0,Mid
Madhyamgram,2,680,0,2,South - East,Freehold,Resale,Ready to Move,62.8,7943,1,0,0,Low
Baguiati,3,718,2,2,North - East,Freehold,Resale,Ready to Move,53,4818,0,1,0,Low
New Town,3,1100,5,3,South - East,Co-operative Society,Resale,Ready to Move,120,9693,1,1,0,Low
SIP Deshapriya Park Area,3,1785,2,4,South,Freehold,Resale,Ready to Move,290,11373,1,1,0,Mid
Birati,2,950,1,2,Unknown,Unknown,Resale,Ready to Move,32,3368,0,0,0,Low
Kestopur,3,1622,1,3,Unknown,Unknown,Resale,Ready to Move,100,6165,0,0,0,Low
Eastern Metropolitan Bypass,3,1260,1,2,Unknown,Unknown,Resale,Ready to Move,52,4127,0,0,0,Low
Airport Area,2,620,4,1,Unknown,Unknown,Resale,Ready to Move,18,2903,0,0,0,Low
Dum Dum,1,625,1,1,Unknown,Unknown,Resale,Ready to Move,28,4480,0,0,0,Low
Park Street,3,1605,5,3,South -West,Freehold,Resale,Ready to Move,250,11985,0,0,0,Mid
Purbachal Ma,2,900,4,2,South,Freehold,New Property,Ready to Move,76,6496,0,1,0,Low
Beck Bagan,3,1150,4,2,Unknown,Unknown,Resale,Ready to Move,150,11111,0,0,0,Low
Nimta,3,1307,,2,Unknown,Unknown,Resale,Ready to Move,60,4591,0,0,0,Low
Madhyamgram,3,1205,5,2,Unknown,Unknown,Resale,Ready to Move,50,4149,0,0,0,Low
Rab,2,780,2,2,Unknown,Unknown,Resale,Ready to Move,33,4231,0,0,0,Low
Baguiati,3,750,1,2,South - East,Freehold,Resale,Ready to Move,48,4800,0,1,0,Low
Hazra,3,1400,2,2,South - East,Freehold,Resale,Ready to Move,165,9821,0,1,0,Mid
Sodepur Paschim Putiary,2,600,3,2,South - East,Unknown,Resale,Ready to Move,35,4861,0,0,0,Low
P Majumder Road,1,362,1,1,South,Freehold,Resale,Ready to Move,20,4706,0,1,0,Low
Howrah,1,605,8,2,South - East,Freehold,Resale,Ready to Move,28,4628,1,1,1,Low
Rifle Range Road,1,480,3,1,South,Freehold,Resale,Ready to Move,22,4583,0,1,0,Low
Garia,2,960,1,2,South,Freehold,Resale,Ready to Move,40,4167,0,1,0,Low
Kolkata,3,800,2,2,East,Co-operative Society,Resale,Ready to Move,41,5125,0,0,0,Low
Sector 5 Salt Lake City,2,765,3,2,South - East,Freehold,New Property,Ready to Move,75,7042,1,1,0,Low
Kolkata,2,690,3,2,North,Unknown,Resale,Ready to Move,35,4642,0,1,0,Low
Madhyamgram,3,789,7,2,South - East,Freehold,Resale,Ready to Move,60,5520,1,1,1,Low
New Alipore,2,710,9,2,East,Freehold,Resale,Ready to Move,80,8696,1,0,0,Low
Gouranganagar,3,918,7,2,East,Freehold,Resale,Ready to Move,75,6137,0,0,0,Low
South S,2,865,3,2,Unknown,Unknown,Resale,Ready to Move,42,4855,0,0,0,Low
Bansdroni,2,800,2,2,Unknown,Unknown,Resale,Ready to Move,31,3875,0,0,0,Low
New Alipore,2,1000,3,2,South,Freehold,Resale,Ready to Move,120,8772,0,1,0,Low
Howrah,2,615,12,2,East,Freehold,Resale,Ready to Move,45,6998,1,1,1,Low
Rajarhat,4,3400,23,5,Unknown,Unknown,Resale,Ready to Move,320,9412,1,1,0,Mid
Howrah 1,2,550,3,1,Unknown,Unknown,Resale,Ready to Move,32,5333,0,0,0,Low
Behala Chowrasta,2,750,3,2,Unknown,Unknown,Resale,Ready to Move,35,4118,0,0,0,Low
Kolkata,2,650,2,1,Unknown,Unknown,Resale,Ready to Move,48,7385,0,0,0,Low
Baghajat,4,1764,3,4,South,Freehold,Resale,Ready to Move,138,5865,0,1,0,Low
Purba Barisha,3,862,1,2,South -West,Freehold,Resale,Ready to Move,38,3455,0,1,0,Low
Kolkata,2,600,1,2,South - East,Freehold,Resale,Ready to Move,30,3333,0,0,0,Low
New Town,3,1870,2,3,South - East,Freehold,Resale,Ready to Move,125,6010,1,0,0,Low
Eastern Metropolitan Bypass,3,1304,6,2,Unknown,Unknown,Resale,Ready to Move,175,13420,0,0,0,Mid
Kolkata,3,1000,1,2,Unknown,Unknown,Resale,Ready to Move,400,40000,0,0,0,Mid
Kolkata,3,1290,6,2,Unknown,Unknown,Resale,Unknown,73.1,5666,0,0,0,Low
Action Area 1,3,1360,2,2,North - East,Freehold,New Property,Unknown,120,7059,0,1,0,Low
Barrackpore Trunk Road,3,1851,12,3,Unknown,Unknown,Resale,Ready to Move,165,8914,0,0,0,Mid
Garia,2,930,2,2,Unknown,Unknown,Resale,Ready to Move,45,4839,0,0,0,Low
Rajarhat,2,610,4,1,East,Freehold,Resale,Ready to Move,30.1,3508,0,1,0,Low
Panihati,2,444,4,2,South,Freehold,Resale,Ready to Move,35,6506,1,0,1,Low
Rajarhat,3,1512,0,2,Unknown,Freehold,Resale,Ready to Move,115,7606,1,0,0,Low
Beleghata,3,1899,1,3,North,Unknown,Resale,Ready to Move,190,10005,1,1,0,Mid
Dhakuria,3,1900,1,3,Unknown,Freehold,Resale,Ready to Move,250,11628,0,0,0,Mid
Madhyamgram,2,1121,5,2,South - East,Freehold,Resale,Ready to Move,50,3605,0,1,0,Low
Daksh,2,783,4,1,East,Freehold,Resale,Ready to Move,35,4545,0,1,0,Low
Kolkata,3,720,3,2,East,Freehold,Resale,Ready to Move,50,4699,1,1,0,Low
Kolkata,2,778,1,1,West,Unknown,Resale,Ready to Move,22,2828,0,0,0,Low
Nagerbazar,2,721,2,2,Unknown,Unknown,Resale,Ready to Move,48,5058,0,0,0,Low
Sonarpur,4,1480,7,4,East,Freehold,Resale,Ready to Move,120,6434,1,1,0,Low
Kolkata,3,900,2,2,Unknown,Unknown,Resale,Ready to Move,38,4222,0,0,0,Low
Baguiati,2,569,1,1,South - East,Freehold,Resale,Ready to Move,28,4179,1,0,0,Low
Sakher Bazar,3,1200,4,3,West,Freehold,New Property,Ready to Move,90,4986,0,1,0,Low
Barasat,2,612,3,2,North - East,Freehold,Resale,Ready to Move,33,4577,1,0,0,Low
Naskar Para Baruipur,3,1021,3,2,Unknown,Unknown,Resale,Ready to Move,40.4,3960,0,0,0,Low
Kolkata,2,750,4,2,East,Freehold,Resale,Ready to Move,19,2533,0,1,0,Low
Joka,2,847,3,2,Unknown,Unknown,Resale,Ready to Move,28,3305.78512396694,0,0,0,Low
Kolkata,2,700,4,1,South,Freehold,Resale,Ready to Move,21,3000,0,0,0,Low
Rajarhat,1,400,0,1,Unknown,Unknown,Resale,Ready to Move,27,6750,0,0,0,Low
Tollygunge,2,717,4,2,South -West,Freehold,Resale,Ready to Move,37.5,3918,0,1,0,Low
Sector 5 Salt Lake City,3,1280,14,2,South - East,Freehold,Resale,Ready to Move,260,1368421,0,1,1,Mid
Ananda Palit Road,3,1200,4,3,South - East,Freehold,Resale,Ready to Move,155,9688,0,1,0,Mid
New Alipore,3,1232,3,2,South - East,Freehold,Resale,Ready to Move,84,5793,0,1,0,Low
Kolkata,3,1350,2,2,East,Freehold,Resale,Ready to Move,60,4000,0,1,0,Low
Garfa,2,700,3,2,South -West,Freehold,Resale,Ready to Move,32,4571,0,1,0,Low
Baranagar,2,710,2,2,Unknown,Unknown,Resale,Ready to Move,33,3966,0,1,0,Low
Uttarpara Ch,3,840,16,2,North - East,Unknown,Resale,Ready to Move,45,5357,1,0,0,Low
Uttarpara Ch,2,827,11,2,Unknown,Unknown,Resale,Ready to Move,42,5079,0,0,0,Low
Rajarhat,2,768,5,2,Unknown,Unknown,Resale,Ready to Move,37,4818,0,0,0,Low
Rajarhat,2,600,3,2,North,Freehold,Resale,Ready to Move,55,6215,0,0,0,Low
Naskar Para Garfa,2,950,3,2,South,Freehold,Resale,Ready to Move,52,4602,0,1,0,Low
Kolkata,2,560,1,2,Unknown,Unknown,Resale,Ready to Move,23,3286,0,0,0,Low
New Town,2,702,1,2,North - East,Freehold,Resale,Ready to Move,45,6410,1,0,0,Low
Kolkata,2,777,1,2,South - East,Freehold,Other,Ready to Move,33,4247.10424710425,0,0,0,Low
Sodepur,3,1254,15,2,North - East,Freehold,Resale,Ready to Move,100,7974,1,1,1,Low
Jadavpur,2,900,11,2,Unknown,Unknown,Resale,Ready to Move,120,10187,0,0,0,Low
Jessore Road,2,1123,2,2,East,Freehold,Resale,Ready to Move,52,4630,0,1,0,Low
Hazra,2,1150,3,2,Unknown,Unknown,Resale,Ready to Move,60,5217,0,0,0,Low
Saha Para Fartabad,3,1060,2,2,South,Freehold,Resale,Ready to Move,78,5800,1,0,0,Low
Kolkata,2,780,3,2,Unknown,Freehold,Resale,Ready to Move,27.5,3526,0,1,0,Low
Parnasree Palli,2,740,4,2,South -West,Freehold,Resale,Ready to Move,67,6321,0,1,0,Low
New Town,3,876,2,2,Unknown,Freehold,Resale,Ready to Move,73.5,6430,0,0,0,Low
Raghunathpur,3,850,1,2,South - East,Freehold,Resale,Ready to Move,45,4286,0,1,0,Low
Nagerbazar,2,960,1,2,Unknown,Unknown,Resale,Ready to Move,52,5416.66666666667,0,0,0,Low
Eastern Metropolitan Bypass,2,1001,14,2,Unknown,Unknown,Resale,Ready to Move,140,13986,0,0,0,Low
Kolkata,3,1000,1,2,Unknown,Unknown,Resale,Ready to Move,100,7143,0,0,0,Low
New Garia,3,820,5,2,South - East,Freehold,Resale,Ready to Move,72,6076,0,1,0,Low
Behala Chowrasta,2,730,4,2,West,Freehold,Resale,Ready to Move,46.5,5121,1,1,0,Low
Howrah 1,3,850,4,2,North,Freehold,Resale,Ready to Move,45,5000,0,1,0,Low
Motilal Gupta Road,2,700,3,2,South - East,Freehold,Resale,Ready to Move,40,5714.28571428571,0,1,0,Low
Garia,2,990,2,2,Unknown,Unknown,Resale,Ready to Move,55,5556,0,0,0,Low
Kolkata,3,1125,5,2,North - East,Power Of Attorney,Resale,Ready to Move,60,5333,0,1,0,Low
Kolkata,2,530,0,1,Unknown,Unknown,Resale,Ready to Move,29,4957,0,0,0,Low
Alipore,3,2000,14,3,East,Freehold,Resale,Ready to Move,400,16878,1,1,0,Mid
Kolkata,3,1000,3,2,Unknown,Unknown,Resale,Ready to Move,43.5,4350,0,0,0,Low
Batanagar,3,760,0,2,Unknown,Unknown,Resale,Ready to Move,47,6184,0,0,0,Low
Parnasree Palli,2,884,1,2,East,Freehold,Resale,Ready to Move,70,7919,0,1,0,Low
Joka,3,1215,9,2,Unknown,Freehold,Resale,Ready to Move,75,6173,1,0,0,Low
Kolkata,2,801,1,2,Unknown,Unknown,Resale,Ready to Move,38,4744,0,0,0,Low
Kolkata,3,1050,1,2,East,Freehold,Resale,Ready to Move,28,2667,0,1,0,Low
Tangra,2,563,6,2,West,Freehold,Resale,Ready to Move,115,12352,1,1,1,Low
Garia,3,1141,4,2,Unknown,Unknown,Resale,Ready to Move,85,7450,0,0,0,Low
Boral,2,720,1,1,South,Unknown,Resale,Ready to Move,22.5,3125,0,0,0,Low
Howrah,2,1100,5,2,Unknown,Unknown,Resale,Ready to Move,70,6364,0,0,0,Low
Parnasree Palli,2,720,3,2,West,Freehold,Resale,Ready to Move,32,3368,0,1,0,Low
Rahara Bazar Road,2,683,2,2,Unknown,Unknown,Resale,Ready to Move,15,2196,0,0,0,Low
Ho Chi M,3,1312,5,2,Unknown,Unknown,Resale,Ready to Move,85,6479,0,0,0,Low
Kolkata,2,550,1,2,Unknown,Unknown,Resale,Ready to Move,50,9090.90909090909,0,0,0,Low
Barasat,2,863,1,2,Unknown,Unknown,Resale,Ready to Move,27,3129,0,0,0,Low
Kalighat,2,1220,2,2,South - East,Freehold,New Property,Ready to Move,110,9016,0,1,0,Low
Sakher Bazar,4,1100,3,3,East,Freehold,Resale,Ready to Move,60,4286,0,1,0,Low
Kolkata,2,930,2,2,Unknown,Unknown,Resale,Ready to Move,46,4946,0,0,0,Low
Ramchandrapur Narendrapur,3,1200,4,2,South - East,Freehold,Resale,Ready to Move,116,7994,1,1,0,Low
New Alipore,2,1300,9,2,Unknown,Freehold,Resale,Ready to Move,142,10923,1,1,0,Low
Kolkata,3,880,3,2,North - East,Freehold,Resale,Ready to Move,38,3455,0,1,1,Low
Dunlop,2,710,5,2,South,Power Of Attorney,Resale,Ready to Move,27,3802.81690140845,1,1,0,Low
Haridevpur,2,656,2,2,South -West,Freehold,Resale,Ready to Move,33,4024,0,1,0,Low
Rab,3,1360,4,2,South - East,Freehold,Resale,Ready to Move,40,2353,0,1,0,Low
Dum Dum,2,720,2,1,Unknown,Unknown,Resale,Ready to Move,24,3333,0,0,0,Low
Mukundapur,3,1256,4,2,North,Unknown,Resale,Ready to Move,75,5971,0,0,0,Low
College Street,2,721,1,2,South,Freehold,Resale,Ready to Move,72,7200,0,0,0,Low
Bansdroni,2,780,4,2,South - East,Freehold,Resale,Ready to Move,90,10000,0,1,0,Low
Southern Bypass,3,1259,13,2,Unknown,Unknown,Resale,Ready to Move,75,5957,0,0,0,Low
Naktala,2,600,2,2,North,Freehold,Resale,Ready to Move,30,5002,1,1,0,Low
Batanagar,3,2500,22,4,Unknown,Unknown,Resale,Ready to Move,350,9589,0,0,1,Mid
Baghajat,1,400,0,1,South - East,Freehold,Resale,Ready to Move,20,4000,0,1,0,Low
Rajarhat,2,795,1,2,East,Freehold,Resale,Ready to Move,35,3902,0,0,0,Low
Kolkata,3,1669,6,3,Unknown,Freehold,Resale,Ready to Move,95,5692,0,0,0,Low
Sodepur,2,850,1,2,North - East,Freehold,Resale,Ready to Move,38,3938,0,1,0,Low
Dum Dum Cantonment,2,810,4,2,North - East,Unknown,Resale,Ready to Move,38.5,3674,0,1,0,Low
Shyam Bazar,3,870,2,2,South - East,Freehold,Resale,Ready to Move,84,7434,0,1,0,Low
Kolkata,2,857,3,2,Unknown,Unknown,Resale,Ready to Move,65,7585,0,0,0,Low
Kolkata,2,650,,1,Unknown,Unknown,Other,Ready to Move,25,3846.15384615385,0,0,0,Low
Taramoni Ghat Road,1,310,0,1,East,Freehold,Resale,Ready to Move,15,3571,0,0,0,Low
Jodhpur Park,3,1760,3,3,South,Freehold,Resale,Ready to Move,220,9565,0,0,0,Mid
Kolkata,2,460,,2,Unknown,Unknown,Resale,Ready to Move,19.5,4239,0,0,0,Low
Nagerbazar,2,722,4,2,East,Freehold,Resale,Ready to Move,40,5540,0,0,0,Low
Picnic Garden,3,1400,1,3,Unknown,Unknown,Resale,Ready to Move,84,6000,0,0,0,Low
Rajarhat,2,1000,3,2,South -West,Freehold,Resale,Ready to Move,52,4602,0,1,0,Low
Mudiali Kalighat,2,850,2,2,South -West,Freehold,Resale,Ready to Move,87,8208,0,1,0,Low
Raja Rammohan Roy Road,2,720,1,2,Unknown,Unknown,Resale,Unknown,32.4,4500,0,0,0,Low
Uttarpara Ch,2,800,1,2,Unknown,Unknown,Resale,Ready to Move,20,2500,0,0,0,Low
Eastern Metropolitan Bypass,3,1465,16,2,South -West,Freehold,Resale,Ready to Move,125,8532,0,1,0,Low
Mandirtala Shibpur,2,918,3,2,East,Unknown,Resale,Ready to Move,65,7081,0,0,0,Low
Madhyamgram,2,850,4,2,Unknown,Unknown,Resale,Ready to Move,20,2352.94117647059,0,0,0,Low
Bhasa,3,930,8,2,Unknown,Unknown,Resale,Ready to Move,38,4086,0,0,0,Low
Sonarpur Station Road,3,948,8,2,South - East,Freehold,Resale,Ready to Move,85,6677,1,0,0,Low
Taratala,3,1400,2,3,East,Freehold,Resale,Ready to Move,170,8500,0,0,1,Mid
Nagerbazar,1,520,0,1,North - East,Freehold,Resale,Ready to Move,23,4423,0,0,0,Low
Behala Chowrasta,2,926,3,2,Unknown,Unknown,Resale,Ready to Move,35,3780,0,0,0,Low
Barrackpore Trunk Road,3,875,2,2,Unknown,Unknown,Resale,Ready to Move,130,10656,0,1,0,Low
Rajarhat,4,1850,3,4,East,Leasehold,Resale,Ready to Move,250,10417,1,0,0,Mid
Kolkata,2,700,1,1,Unknown,Unknown,Resale,Ready to Move,38.5,5500,0,0,0,Low
Ramchandrapur Narendrapur,2,885,4,2,East,Unknown,Resale,Ready to Move,52,5876,1,1,1,Low
Nagerbazar,2,720,3,2,Unknown,Unknown,Resale,Ready to Move,25,3472,0,0,0,Low
Uday Shankar Sarani Road,2,1020,2,2,Unknown,Unknown,Resale,Ready to Move,150,14706,0,0,0,Low
Behala Chowrasta,2,620,0,1,South - East,Freehold,Resale,Ready to Move,28,4516,0,0,0,Low
Hast,2,1300,5,3,Unknown,Unknown,Resale,Ready to Move,130,10000,0,0,0,Low
Kasba,2,1108,1,2,South - East,Unknown,Resale,Ready to Move,105,9477,0,0,0,Low
Bally,3,800,1,2,Unknown,Power Of Attorney,Resale,Ready to Move,34,3400,0,0,0,Low
Khalisha Kota,4,1500,3,4,East,Freehold,Resale,Ready to Move,100,5359,0,1,0,Low
Picnic Garden Road,3,1000,4,2,East,Unknown,Resale,Ready to Move,55,5500,0,0,0,Low
Bablatala,2,575,2,2,East,Freehold,Resale,Ready to Move,38,5278,0,1,0,Low
Kolkata,1,420,0,1,North,Freehold,Resale,Ready to Move,12,2857,0,1,0,Low
Sodepur Road,2,750,3,2,Unknown,Freehold,Resale,Ready to Move,19.5,2600,1,1,0,Low
Dum Dum Cantonment,2,980,4,2,South,Freehold,Resale,Ready to Move,35,3571,1,0,0,Low
Kolkata,2,884,8,2,Unknown,Unknown,Resale,Ready to Move,38.5,4355,0,0,0,Low
Kolkata,3,1318,1,2,Unknown,Co-operative Society,Resale,Ready to Move,130,9863,0,1,0,Low
Paschim Barisha,2,580,2,2,East,Freehold,Resale,Ready to Move,21.5,2986,0,0,0,Low
Kolkata,4,1600,3,3,East,Freehold,Resale,Ready to Move,90,5143,1,1,0,Low
New Town,3,908,7,2,East,Freehold,New Property,Ready to Move,130,9496,1,0,0,Low
Chiriamore,3,1110,2,2,Unknown,Freehold,New Property,Ready to Move,50,4505,0,0,0,Low
Kolkata,2,650,3,2,Unknown,Unknown,Resale,Ready to Move,25,2778,0,0,0,Low
Behala,2,900,4,2,Unknown,Unknown,Resale,Ready to Move,35,3889,0,0,0,Low
Howrah,3,1076,9,2,Unknown,Co-operative Society,Resale,Ready to Move,85,5862,1,1,0,Low
Kolkata,2,600,1,2,South - East,Freehold,Resale,Ready to Move,38,5278,0,1,0,Low
Eastern Metropolitan Bypass,3,1275,3,3,South,Freehold,Resale,Ready to Move,75,5455,1,0,0,Low
Rajarhat,2,875,3,2,Unknown,Unknown,Resale,Ready to Move,36,4000,0,0,0,Low
Daksh,2,900,2,2,Unknown,Unknown,Resale,Unknown,35,3889,0,0,0,Low
Rowland Row,4,1950,6,4,North - West,Freehold,Resale,Ready to Move,350,13462,0,1,0,Mid
Gulshan Colony,2,650,4,1,Unknown,Unknown,Resale,Ready to Move,13,2000,0,0,0,Low
Mukundapur,3,1256,2,2,Unknown,Unknown,Resale,Ready to Move,100,7962,0,0,0,Low
Nayabad,2,928,4,2,Unknown,Unknown,Resale,Ready to Move,43,4634,0,0,0,Low
Belghoria,2,556,3,1,South - East,Freehold,Resale,Ready to Move,22,3359,0,1,0,Low
Nagerbazar,2,1497,1,2,East,Freehold,Resale,Ready to Move,101,6747,0,0,0,Low
Dum Dum Road,2,620,3,1,East,Unknown,Resale,Ready to Move,28,3733,0,0,0,Low
Kolkata,1,515,6,1,Unknown,Unknown,Other,Ready to Move,36,6990.29126213592,0,0,0,Low
Rajpur,2,975,3,2,East,Freehold,Resale,Ready to Move,48,4923,0,0,0,Low
Thakurpukur Bazar,2,950,3,2,Unknown,Freehold,Resale,Ready to Move,60,5455,0,1,0,Low
Dum Dum Park,2,988,2,2,East,Freehold,Resale,Ready to Move,52,5263,1,0,0,Low
Kolkata,2,1100,2,2,Unknown,Unknown,Resale,Ready to Move,75,6818,0,0,0,Low
Behala,4,2800,2,4,East,Freehold,New Property,Ready to Move,400,14286,1,0,1,Mid
Ultadanga,3,900,12,2,West,Freehold,Resale,Ready to Move,250,17857,0,1,0,Mid
Jyangra Road,2,802,4,2,South,Freehold,Resale,Ready to Move,25,3117,0,1,0,Low
Arab,2,600,4,2,North - West,Freehold,Resale,Ready to Move,30,3371,0,1,0,Low
Khardah Station Road,3,1000,2,2,West,Freehold,New Property,Ready to Move,30,2857,0,1,0,Low
Ganguly Bagan,1,325,0,1,Unknown,Unknown,Resale,Ready to Move,15,4615,0,0,0,Low
Ballygunge Place,4,2100,1,3,Unknown,Freehold,Resale,Ready to Move,215,10238.0952380952,0,0,0,Mid
Purba Barisha,2,650,0,2,South,Freehold,Resale,Ready to Move,30,4000,0,0,0,Low
Mukundapur,2,936,3,2,East,Freehold,Resale,Ready to Move,70,7478.63247863248,1,0,1,Low
Rajarhat,3,2100,1,3,North - East,Freehold,Resale,Ready to Move,175,6034,1,0,1,Mid
Haridevpur,1,550,1,1,Unknown,Unknown,Resale,Ready to Move,25,3846,0,0,0,Low
Khardah Station Road,2,730,3,2,Unknown,Unknown,Resale,Ready to Move,21.5,2945,0,0,0,Low
Hazra,3,1450,2,2,Unknown,Unknown,Resale,Ready to Move,130,8966,0,0,0,Low
Kolkata,3,1203,3,2,Unknown,Freehold,Resale,Ready to Move,65,5159,1,1,1,Low
Joka,2,478,1,2,South - East,Freehold,Resale,Unknown,35,4510,0,1,0,Low
Kolkata,3,1000,3,2,South - East,Freehold,Resale,Ready to Move,25,2500,0,0,0,Low
Belghoria,2,820,3,2,Unknown,Unknown,Resale,Ready to Move,32,3902,0,0,0,Low
Eastern Metropolitan Bypass,3,1150,2,3,South,Freehold,Resale,Ready to Move,83,6148,0,1,0,Low
Lake Town,2,1046,2,2,Unknown,Freehold,Resale,Ready to Move,68,6501,0,0,0,Low
Hussa,2,810,1,2,East,Unknown,Resale,Ready to Move,29,3580.24691358025,0,0,0,Low
Alipore,3,859,1,2,West,Freehold,Resale,Ready to Move,125,11650,1,1,0,Low
Barrackpore Trunk Road,3,750,3,2,Unknown,Unknown,Resale,Ready to Move,42,4941,0,0,0,Low
Kolkata,2,665,4,2,East,Unknown,Resale,Ready to Move,24,3609,0,1,0,Low
Kolkata,2,959,2,2,Unknown,Unknown,Resale,Ready to Move,47,4901,0,0,0,Low
Naihati Station Road,3,1000,1,2,South - East,Freehold,Resale,Ready to Move,48,4800,0,0,0,Low
Dum Dum,2,660,6,2,East,Freehold,Resale,Ready to Move,41,4767,0,0,0,Low
Eastern Metropolitan Bypass,2,700,6,2,North - West,Freehold,Resale,Ready to Move,130,13684,1,1,0,Low
Thakdari,3,798,1,2,South,Freehold,Resale,Ready to Move,70,6029,1,0,0,Low
New Town,2,901,5,2,Unknown,Unknown,Resale,Ready to Move,36,3996,0,0,0,Low
Hati Bagan,2,955,3,2,East,Unknown,Resale,Ready to Move,120,12565,0,0,0,Low
Chandannagar,2,500,1,1,South -West,Unknown,Resale,Ready to Move,25,4167,0,0,0,Low
Kolkata,3,1100,2,2,Unknown,Unknown,Resale,Ready to Move,35,3182,0,0,0,Low
Kolkata,2,960,4,2,Unknown,Unknown,Resale,Ready to Move,30,3125,0,0,0,Low
Desh Bandhu Nagar Baguiati,2,841,3,2,Unknown,Unknown,Resale,Ready to Move,39,4637,0,0,0,Low
Kestopur,3,1165,7,2,South - East,Freehold,Resale,Ready to Move,58.3,5000,0,1,0,Low
Kolkata,4,1779,4,3,North - West,Freehold,Resale,Unknown,130,7307,0,1,0,Low
Tiljala Road,3,1050,2,2,Unknown,Unknown,Resale,Ready to Move,70,6667,0,0,0,Low
Nayabad,3,1380,4,2,Unknown,Freehold,Resale,Ready to Move,69,5000,0,0,0,Low
Sarsuna,2,837,2,2,Unknown,Unknown,Resale,Ready to Move,26,3106,0,0,0,Low
Behala Chowrasta,1,403,1,1,Unknown,Freehold,Resale,Ready to Move,17.5,4342,0,0,0,Low
Batanagar,2,447,11,2,South - East,Power Of Attorney,Resale,Ready to Move,28,3933,1,1,0,Low
Howrah,2,525,1,1,Unknown,Unknown,Resale,Ready to Move,20,3810,0,0,0,Low
Rajarhat,3,925,2,2,South,Freehold,New Property,Unknown,92,6502,1,0,1,Low
Sinthi,2,1067,4,2,Unknown,Unknown,Resale,Ready to Move,35,3280,0,0,0,Low
Chit Kalikapur,2,700,4,2,South - East,Freehold,Resale,Ready to Move,50,5236,0,1,0,Low
Kalikapur Road,2,712,2,2,West,Freehold,Resale,Ready to Move,55,6524,0,0,0,Low
Regent Park,2,850,0,2,North - West,Freehold,Resale,Ready to Move,54.5,5343,1,1,0,Low
New Barrakpur,3,917,3,2,Unknown,Freehold,Resale,Ready to Move,70,5752,0,0,0,Low
Ballygunge,3,960,5,3,South - East,Freehold,Resale,Ready to Move,180,15000,0,1,0,Mid
Tollygunge,2,1025,1,2,Unknown,Unknown,Resale,Ready to Move,75,7317,0,0,0,Low
Ganguly Bagan,2,900,0,2,North - West,Freehold,Resale,Ready to Move,45,5000,1,1,0,Low
Joka,3,1356,1,3,Unknown,Unknown,Resale,Ready to Move,90,6637,0,0,0,Low
Tara Pukur South,2,750,2,2,East,Freehold,Resale,Ready to Move,33,3367,0,0,0,Low
Birati,2,660,1,1,North,Freehold,Resale,Ready to Move,35,5303,0,1,0,Low
Parnasree Palli,2,638,1,2,West,Freehold,Resale,Ready to Move,45,5435,1,1,0,Low
Raja Rammohan Roy Road,1,600,0,1,Unknown,Freehold,Resale,Ready to Move,22,3667,0,1,0,Low
Entally,3,1100,1,3,West,Freehold,Resale,Ready to Move,150,10000,0,1,0,Low
Joka,2,914,2,2,South -West,Freehold,Resale,Ready to Move,58,6346,0,0,0,Low
Birati,2,600,1,1,Unknown,Unknown,Resale,Ready to Move,24,3324,0,0,0,Low
Ballygunge Park Road,4,3200,1,4,Unknown,Unknown,Resale,Ready to Move,600,18750,0,0,0,High
East Kolkata Township,2,850,0,3,Unknown,Unknown,Resale,Ready to Move,49,5765,0,0,0,Low
Garia Station Road,2,680,1,1,South,Unknown,Resale,Ready to Move,45,5556,0,0,0,Low
Entally,3,1592,4,2,North - East,Freehold,Resale,Ready to Move,215,13505,1,0,0,Mid
Watganj,3,1250,2,2,Unknown,Unknown,Resale,Ready to Move,58,4640,0,0,0,Low
SCRM Road,2,1236,4,2,East,Unknown,Resale,Ready to Move,83,6715,0,1,0,Low
Santoshpur,2,700,2,2,North - East,Freehold,Resale,Ready to Move,42,4730,0,0,0,Low
Kolkata,1,445,0,1,North,Freehold,Resale,Ready to Move,14,3146,1,0,0,Low
Boral Ma,2,808,4,2,North - East,Freehold,Resale,Ready to Move,26.5,3280,0,0,0,Low
Bansdroni,2,950,0,2,North,Freehold,New Property,Ready to Move,34,2833,0,1,0,Low
Sonarpur Station Road,2,710,3,2,South,Freehold,Resale,Ready to Move,26,3421,1,1,0,Low
Haripada Dutta Lane,1,520,1,1,Unknown,Unknown,Resale,Ready to Move,42,6462,0,0,0,Low
Tollygunge,2,900,4,2,Unknown,Unknown,Resale,Ready to Move,45,4797,0,0,0,Low
Naktala,2,900,4,2,Unknown,Unknown,Resale,Ready to Move,40,4348,0,0,0,Low
Bapuji Nagar,2,640,3,1,Unknown,Power Of Attorney,Resale,Ready to Move,30,4054,0,0,0,Low
Action Area 2,3,850,1,2,North - East,Freehold,Resale,Ready to Move,85,6939,1,0,0,Low
Kanchrapara,3,1225,3,2,South - East,Freehold,Resale,Ready to Move,33,2276,1,1,0,Low
Kolkata,2,1050,1,2,North,Unknown,Resale,Ready to Move,32,2667,0,1,0,Low
Rajarhat,2,755,3,2,North - East,Unknown,Resale,Ready to Move,25,2759,0,1,0,Low
Ballygunge,2,1403,0,2,South - East,Freehold,Resale,Ready to Move,180,10909,1,1,0,Mid
Jessore Road,3,1800,4,3,South,Freehold,Resale,Ready to Move,220,11458,1,1,1,Mid
Dhakuria,2,1000,2,2,South - East,Freehold,Resale,Ready to Move,200,16667,0,1,0,Mid
Kolkata,2,1000,5,2,South -West,Freehold,Resale,Ready to Move,58,5800,0,1,0,Low
Bramhapur,2,1075,2,2,South,Freehold,New Property,Ready to Move,43,4000,0,0,0,Low
Rishra,3,1052,1,2,East,Freehold,New Property,Ready to Move,31.5,2994,0,1,0,Low
Rajarhat,2,930,5,2,South -West,Freehold,Resale,Ready to Move,40,4301,1,1,0,Low
Lake Gardens,3,1575,1,2,South,Freehold,Resale,Ready to Move,180,10588,0,1,0,Mid
Motilal Colony,2,800,4,2,South - East,Freehold,New Property,Ready to Move,40,4255,1,1,0,Low
East Belgharia,2,906,14,2,East,Freehold,Resale,Ready to Move,62,6843,0,1,0,Low
Kolkata,3,850,0,2,Unknown,Unknown,Resale,Ready to Move,32,3765,0,0,0,Low
Narendrapur Rajpur Sonarpur,3,1150,3,2,East,Freehold,Resale,Ready to Move,72,5854,1,0,0,Low
Serampore,2,666,2,2,Unknown,Unknown,Resale,Ready to Move,18,2703,0,0,0,Low
Kolkata,3,1210,0,2,Unknown,Unknown,Resale,Ready to Move,110,9091,0,0,0,Low
Uttarpara Ch,3,820,4,2,South - East,Freehold,Resale,Ready to Move,32,3232,0,0,0,Low
Sector 5 Salt Lake City,3,1235,4,2,South - East,Freehold,Resale,Ready to Move,110,7129,0,1,0,Low
Garia,2,700,3,2,North - East,Freehold,Resale,Ready to Move,30,3571,1,0,0,Low
Kolkata,3,1150,3,2,South - East,Freehold,Resale,Ready to Move,80,5575,1,1,0,Low
Rajarhat,3,2100,4,3,North - East,Freehold,Resale,Ready to Move,169,8047.61904761905,0,1,0,Mid
Madhyamgram,1,425,3,1,East,Unknown,Resale,Ready to Move,15,3000,0,1,0,Low
Kaikhali,2,978,3,2,Unknown,Unknown,Resale,Unknown,50,5112,0,0,0,Low
New Barrakpur,1,380,4,1,East,Freehold,Resale,Ready to Move,14,3125,0,1,0,Low
Uniworld City,2,1718,4,2,East,Freehold,Resale,Ready to Move,275,15896,0,0,0,Mid
Picnic Garden,3,1350,3,3,South,Freehold,Resale,Ready to Move,85,6296,1,0,0,Low
Garia,2,655,3,2,East,Freehold,Resale,Ready to Move,48,5556,1,0,0,Low
Kolkata,3,1085,2,2,South - East,Freehold,Resale,Ready to Move,64,5714,0,0,0,Low
Dum Dum Cantonment,2,650,0,2,Unknown,Unknown,Resale,Ready to Move,35,4375,0,0,0,Low
Barrackpore,3,1120,3,2,South -West,Unknown,Resale,Ready to Move,42,3750,0,0,0,Low
Dankuni,1,473,2,1,West,Unknown,Resale,Ready to Move,16,3383,0,0,0,Low
Barrackpore,3,990,2,2,South,Freehold,Resale,Ready to Move,49.5,3536,1,1,1,Low
Amtala,2,623,3,2,East,Freehold,Resale,Ready to Move,21,3371,1,1,1,Low
Rajarhat,2,774,12,2,South -West,Unknown,Resale,Ready to Move,56.7,7319,0,0,0,Low
Purbachal Ma,2,650,3,2,Unknown,Unknown,Resale,Unknown,30.3,4665,0,0,0,Low
Kolkata,2,990,1,2,Unknown,Unknown,Resale,Ready to Move,50,4202,0,0,0,Low
Rash Behari Avenue Connector,2,940,4,2,South,Freehold,Resale,Ready to Move,135,11489,0,1,0,Low
P Majumder Road,2,775,0,2,Unknown,Power Of Attorney,Resale,Ready to Move,40,5161,0,0,0,Low
Jadavpur Central Road,4,1600,1,3,East,Freehold,Resale,Ready to Move,100,6250,0,1,0,Low
Gouranganagar,2,700,4,2,South,Freehold,Resale,Ready to Move,47,5165,1,1,1,Low
Maheshtala,2,550,11,2,West,Freehold,Resale,Ready to Move,25,3086,0,0,0,Low
Joka,2,526,2,2,North - West,Freehold,Resale,Ready to Move,43,5718,1,0,0,Low
Bhangar,3,687,4,2,Unknown,Unknown,Resale,Ready to Move,35,3821,0,0,0,Low
Kolkata,2,500,2,1,Unknown,Unknown,Resale,Ready to Move,27,4154,0,0,0,Low
Kolkata,3,1280,3,2,South - East,Freehold,Resale,Ready to Move,82,6406,0,1,0,Low
Barrackpore Trunk Road,2,519,5,2,West,Co-operative Society,Resale,Ready to Move,52,5810,1,1,1,Low
Rab,2,650,3,2,South - East,Freehold,Resale,Ready to Move,30,4286,0,1,0,Low
Purba Putiary,2,760,1,2,Unknown,Unknown,Resale,Ready to Move,35,4605,0,0,0,Low
Behala Thana,2,600,4,2,South - East,Freehold,Resale,Ready to Move,35,5000,0,1,0,Low
Kestopur,2,950,3,2,North,Freehold,Resale,Ready to Move,33,3474,0,1,0,Low
Narkel Bagan,2,650,1,2,South,Co-operative Society,Resale,Ready to Move,68,8000,0,0,0,Low
Chiriamore,3,1386,4,2,South - East,Freehold,Resale,Ready to Move,155,11183,1,1,0,Mid
Rishra,3,1250,4,3,Unknown,Unknown,Resale,Ready to Move,37.5,3000,0,0,0,Low
Rajpur,3,925,3,2,Unknown,Unknown,Resale,Ready to Move,42,4541,0,0,0,Low
Maheshtala,2,712,13,2,Unknown,Freehold,Resale,Ready to Move,27,3792,0,0,0,Low
Howrah,2,990,1,2,East,Freehold,Resale,Ready to Move,55,5556,1,0,0,Low
Raigachi,2,580,7,1,Unknown,Unknown,Resale,Ready to Move,34.8,6000,0,0,0,Low
Mahish Bathan,3,1501,6,3,South,Unknown,Resale,Ready to Move,311,15046,1,0,1,Mid
Kolkata,3,1200,2,2,South - East,Freehold,Resale,Ready to Move,185,12252,1,1,1,Mid
Rajarhat,3,1000,1,2,Unknown,Unknown,Resale,Ready to Move,65,6500,0,0,0,Low
Bansdroni,2,550,2,2,Unknown,Freehold,Resale,Ready to Move,26.8,3821,0,0,0,Low
Kaikhali,2,700,1,2,North,Freehold,Unknown,Ready to Move,35,4118,1,1,0,Low
Maheshtala,3,963,1,2,West,Freehold,Resale,Ready to Move,39.8,2890,1,0,1,Low
Kolkata,2,570,1,1,Unknown,Freehold,Resale,Ready to Move,30,5263,0,0,0,Low
Alipore,2,1060,4,2,Unknown,Freehold,Resale,Ready to Move,92,8679,0,1,0,Low
Barrackpore Barasat Road,2,876,1,2,Unknown,Unknown,Resale,Ready to Move,35,3995,0,0,0,Low
Kasba,2,776,3,1,Unknown,Unknown,Resale,Ready to Move,28,3608,0,0,0,Low
Kolkata,2,750,3,2,Unknown,Freehold,Resale,Ready to Move,25,3333.33333333333,0,0,0,Low
Anandapur,3,3127,36,5,Unknown,Unknown,Resale,Ready to Move,600,19188,0,0,0,High
Kolkata,3,800,1,2,Unknown,Unknown,Resale,Ready to Move,55,6875,0,0,0,Low
Kolkata,2,637,2,2,North - East,Freehold,Resale,Ready to Move,35,4667,0,0,0,Low
Kolkata,1,462,2,1,Unknown,Unknown,Resale,Ready to Move,17,3680,0,0,0,Low
Alipore,2,1434,13,2,South,Freehold,Resale,Ready to Move,151,9102,1,1,0,Mid
Joka,2,680,10,2,Unknown,Unknown,Resale,Ready to Move,56,5882,0,0,1,Low
Kolkata,2,735,0,2,North - East,Unknown,Resale,Ready to Move,45,6000,0,0,0,Low
Behala,3,1110,1,2,Unknown,Unknown,Resale,Ready to Move,55,4955,0,0,0,Low
New Town,1,352,3,1,North - East,Freehold,Resale,Ready to Move,25,5556,1,0,0,Low
Lahabagan Sreebhumi,3,1000,1,2,East,Freehold,Resale,Ready to Move,88.4,6800,0,1,0,Low
Baishnabghata,1,494,1,2,East,Freehold,Resale,Ready to Move,32,6478,0,1,0,Low
Kolkata,2,755,0,1,Unknown,Unknown,Resale,Ready to Move,18,2384,0,0,0,Low
Airport Area,2,800,3,2,Unknown,Freehold,New Property,Ready to Move,42,4375,0,1,0,Low
Kolkata,2,786,3,2,East,Freehold,Resale,Ready to Move,42,3900,0,1,0,Low
Noapara,3,850,5,2,North - East,Freehold,Resale,Ready to Move,45,4245,0,1,0,Low
New Town,4,1556,15,5,South,Freehold,Resale,Ready to Move,450,23124,1,1,0,High
Nayabad,3,1050,3,2,South,Unknown,Resale,Ready to Move,60,4580,0,1,0,Low
Kolkata,3,1200,3,2,East,Freehold,Resale,Ready to Move,45,3000,0,0,0,Low
CIT Road Scheme 6M,3,1217,1,3,West,Freehold,Resale,Ready to Move,76,6245,0,0,0,Low
Manohar Pukur Road,2,880,4,2,Unknown,Freehold,Resale,Ready to Move,80,9091,0,0,0,Low
Kolkata,3,1046,1,2,Unknown,Unknown,Resale,Ready to Move,55,4778,0,0,0,Low
Behala Chowrasta,1,573,1,1,Unknown,Unknown,Resale,Ready to Move,21,3665,0,0,0,Low
Jadavpur Central Road,3,1200,3,2,Unknown,Unknown,Resale,Ready to Move,70,5833,0,0,0,Low
Kolkata,2,600,2,2,Unknown,Unknown,Resale,Ready to Move,22,3487,0,0,0,Low
Maheshtala,3,1454,12,3,South -West,Freehold,Resale,Ready to Move,92,4843,1,1,1,Low
Nayabad,2,836,1,2,Unknown,Unknown,Resale,Ready to Move,45,4036,0,0,0,Low
Kaikhali,2,1024,4,2,East,Unknown,Resale,Ready to Move,58,5664,1,1,0,Low
Serampore,3,1040,20,2,Unknown,Unknown,Resale,Ready to Move,55,5288,0,0,0,Low
New Alipore,3,1400,4,2,Unknown,Unknown,Resale,Ready to Move,180,10909,0,0,0,Mid
Garia Station Road,2,760,1,2,East,Freehold,Resale,Ready to Move,43,4241,1,0,0,Low
Rajarhat,2,900,2,2,North - East,Freehold,Resale,Ready to Move,55,4893,0,0,1,Low
Rajarhat,2,770,21,2,South - East,Freehold,Resale,Ready to Move,80,8386,1,1,0,Low
Barrackpore Trunk Road,3,1670,8,3,South,Freehold,Resale,Ready to Move,140,8383,1,1,0,Low
Naktala,1,444,0,1,Unknown,Unknown,Resale,Ready to Move,21.5,4842,0,0,0,Low
New Town,3,1830,8,2,Unknown,Unknown,Resale,Ready to Move,125,6831,1,0,1,Low
Dum Dum,1,450,3,1,South - East,Freehold,Resale,Ready to Move,21,3750,0,1,0,Low
Kolkata,2,1100,4,2,Unknown,Unknown,Resale,Ready to Move,99,9000,0,0,0,Low
Barasat,2,791,4,2,Unknown,Unknown,Resale,Ready to Move,28,3540,0,0,0,Low
Bablatala,3,890,5,2,East,Freehold,Resale,Ready to Move,50.2,4500,0,1,0,Low
New Town,3,1088,12,2,South - East,Freehold,Resale,Ready to Move,125,9198,0,1,0,Low
New Alipore,2,1000,1,2,Unknown,Freehold,Resale,Ready to Move,110,8800,0,1,0,Low
Silpara,2,925,2,2,East,Unknown,Resale,Ready to Move,28,3027.02702702703,0,0,0,Low
Nagerbazar,2,730,2,1,North - East,Freehold,Resale,Ready to Move,35,4795,0,1,0,Low
Garia Station Road,3,1450,3,2,South,Freehold,Resale,Ready to Move,70,4828,0,1,0,Low
Dum Dum Road,2,801,2,2,Unknown,Freehold,Resale,Ready to Move,40,3704,0,1,0,Low
New Town,2,486,4,2,South,Freehold,New Property,Ready to Move,49,6980,1,0,0,Low
Rajarhat,3,853,22,3,Unknown,Unknown,Resale,Unknown,152,17819,0,0,0,Mid
Barasat,2,705,10,2,Unknown,Unknown,Resale,Ready to Move,45,6383,0,0,0,Low
Behala,2,850,1,2,South - East,Freehold,Resale,Ready to Move,42,4941,0,0,0,Low
Serampore,2,650,16,2,Unknown,Unknown,Resale,Ready to Move,39,4286,0,0,0,Low
Tetultala Garia,3,900,2,2,East,Freehold,Resale,Ready to Move,75,6250,1,0,0,Low
Nagerbazar,2,741,1,2,Unknown,Unknown,Resale,Ready to Move,45,6073,0,0,0,Low
Kolkata,3,1350,3,2,Unknown,Unknown,Resale,Ready to Move,110,8148,0,0,0,Low
Unique Park Behala,2,873,2,2,South - East,Freehold,Resale,Ready to Move,45,5155,0,1,0,Low
Kolkata,4,1421,2,3,South - East,Freehold,Resale,Ready to Move,120,6486,0,1,0,Low
Action Area 2,4,3560,15,4,South - East,Freehold,Resale,Ready to Move,475,10674,0,1,0,High
Bablatala,2,700,2,2,East,Freehold,Resale,Ready to Move,28.8,3230,0,1,0,Low
Bikramgarh,2,750,0,2,Unknown,Unknown,Resale,Ready to Move,27,3600,0,0,0,Low
Barrackpore,3,1351,2,2,Unknown,Unknown,Resale,Ready to Move,60,4441,0,0,0,Low
Kolkata,3,700,1,2,South -West,Power Of Attorney,Resale,Ready to Move,35,3889,0,0,0,Low
Kalikapur Santoshpur L,2,800,2,2,Unknown,Unknown,Resale,Ready to Move,35,4375,0,0,0,Low
Anwar shah Road,2,1250,2,2,South -West,Leasehold,Resale,Ready to Move,85,6800,0,1,0,Low
Baruipur,2,724,2,2,Unknown,Unknown,Resale,Ready to Move,25,3030,1,1,1,Low
Baguihati Ma,2,650,3,2,South - East,Freehold,Resale,Ready to Move,25,3268,1,0,0,Low
Kasba,2,650,8,2,South,Unknown,Resale,Ready to Move,100,8643,1,0,0,Low
Dum Dum,2,810,3,2,Unknown,Freehold,Resale,Ready to Move,40,4938.27160493827,0,0,0,Low
New Alipore,3,1171,3,3,Unknown,Unknown,Resale,Ready to Move,181,10056,1,0,1,Mid
Kolkata,3,1250,3,2,Unknown,Unknown,Resale,Ready to Move,100,8000,0,0,0,Low
Garia Gardens,2,850,4,2,Unknown,Unknown,Resale,Ready to Move,35,4118,0,0,0,Low
Kolkata,2,819,2,2,Unknown,Unknown,Resale,Ready to Move,50,6105.00610500611,0,0,0,Low
Dum Dum,3,1097,10,2,Unknown,Unknown,Resale,Ready to Move,125,11395,0,0,0,Low
Kolkata,2,697,4,2,Unknown,Unknown,Resale,Ready to Move,23,3300,0,0,0,Low
Bansdroni Park,2,700,4,2,Unknown,Unknown,Resale,Ready to Move,70,8323,0,0,0,Low
Rajpur Sonarpur,1,467,1,1,Unknown,Unknown,Resale,Ready to Move,11,2355,0,0,0,Low
Silpara,3,1025,4,2,East,Unknown,Resale,Ready to Move,39,3805,0,1,0,Low
Gorakshabasi Road,3,1100,3,2,Unknown,Unknown,Resale,Ready to Move,40,3636,0,0,0,Low
Barrackpore Kalyani Expressway,3,1000,7,2,North,Freehold,New Property,Ready to Move,50,4409,1,0,0,Low
Baruipur,2,1028,1,2,East,Unknown,Resale,Ready to Move,45,4377,1,1,1,Low
Kolkata,2,900,2,1,West,Freehold,Resale,Ready to Move,50,5556,0,1,0,Low
Jodhpur Park,4,2740,2,3,South,Unknown,Resale,Ready to Move,180,6569,0,0,0,Mid
Alipore,3,1142,7,2,South - East,Freehold,Resale,Ready to Move,175,12255,1,1,1,Mid
Behala,2,925,1,2,Unknown,Unknown,Resale,Ready to Move,46,4973,0,0,0,Low
Hast,3,1445,2,3,South - East,Freehold,Resale,Ready to Move,160,9412,0,1,0,Mid
Muchipara,3,950,0,2,Unknown,Unknown,Resale,Ready to Move,46,4182,0,0,0,Low
New Town,2,850,1,2,Unknown,Unknown,Resale,Ready to Move,55,6471,0,0,0,Low
Diamond Harbour Road,2,880,10,2,Unknown,Unknown,Resale,Ready to Move,45.5,5170,0,0,0,Low
Garia,2,720,3,2,East,Power Of Attorney,Resale,Ready to Move,38,4419,1,1,0,Low
Kalikapur Haltu,2,850,3,2,East,Freehold,Resale,Ready to Move,40,4706,0,1,0,Low
Jessore Road,2,1122,1,2,Unknown,Unknown,Resale,Ready to Move,85,7576,0,0,0,Low
Ballygunge,4,2400,9,4,East,Co-operative Society,Resale,Ready to Move,400,11561,1,0,0,Mid
Dum Dum,1,390,2,1,South -West,Freehold,Resale,Ready to Move,26,4019,0,0,0,Low
Amtala,2,500,2,1,Unknown,Freehold,Resale,Ready to Move,25,4529,1,0,0,Low
Rajarhat,4,1800,0,3,South - East,Freehold,Resale,Ready to Move,120,5642,1,0,0,Low
Kolkata,2,1256,5,2,Unknown,Unknown,Resale,Ready to Move,120,9554,0,0,0,Low
New Town,3,1620,4,2,Unknown,Freehold,Resale,Ready to Move,144,8889,0,1,0,Low
Jayashree Park Behala,2,720,1,2,North - East,Freehold,Resale,Ready to Move,55,5729,0,1,0,Low
Netaji Nagar,2,400,1,1,East,Unknown,Resale,Ready to Move,22.5,4500,0,1,0,Low
Rajarhat,2,1075,2,2,Unknown,Unknown,Resale,Ready to Move,45,4186,0,0,0,Low
Silpara,2,850,2,2,South,Freehold,Resale,Ready to Move,38,4471,0,1,0,Low
Action Area 2,3,975,2,2,South - East,Freehold,Resale,Ready to Move,85,6800,0,1,0,Low
Thakurpukur,2,605,0,1,Unknown,Freehold,Resale,Ready to Move,23,3538,0,1,0,Low
Andul Road,2,580,3,1,Unknown,Unknown,Resale,Ready to Move,25,4310,0,0,0,Low
Rajarhat,2,830,5,2,South,Freehold,Resale,Ready to Move,55,5544,1,0,1,Low
Kolkata,2,681,1,1,Unknown,Unknown,Resale,Ready to Move,25.5,3537,0,0,0,Low
Kolkata,3,1025,0,2,South,Freehold,Resale,Ready to Move,35,3415,0,0,1,Low
Dankuni,2,736,2,1,Unknown,Unknown,Resale,Ready to Move,22,2989,0,0,0,Low
Kolkata,3,1100,7,3,South - East,Freehold,Resale,Ready to Move,270,12558,1,1,1,Mid
Santoshpur,2,800,3,2,Unknown,Unknown,Resale,Ready to Move,40,5000,0,0,0,Low
Rajarhat,3,2225,3,4,Unknown,Freehold,New Property,Ready to Move,80,3596,0,1,0,Low
Garia,3,750,3,2,South,Freehold,Resale,Ready to Move,43.5,4439,0,1,1,Low
Behala,2,740,2,2,Unknown,Unknown,Resale,Ready to Move,35,4730,0,0,0,Low
Garia,2,800,4,2,South,Unknown,Resale,Ready to Move,32,4000,0,0,0,Low
New Alipore,3,1028,2,2,North,Freehold,Resale,Ready to Move,155,12062,1,0,0,Mid
Kolkata,2,980,6,2,Unknown,Unknown,Resale,Ready to Move,60,6122,0,0,0,Low
Sonarpur,3,1430,2,2,North - East,Freehold,Resale,Ready to Move,65,4545,1,0,0,Low
Paschim Putiary,2,607,1,1,South - East,Freehold,Resale,Ready to Move,28,3927,0,1,0,Low
Panditiya Road,4,1500,2,3,Unknown,Freehold,Resale,Ready to Move,350,16754,1,1,0,Mid
Rajarhat,3,1400,5,2,North - East,Co-operative Society,Resale,Ready to Move,125,8929,0,1,0,Low
Mahish Bathan,2,1030,1,2,South,Freehold,Resale,Ready to Move,70,6796,0,0,0,Low
Kolkata,3,1323,10,2,South -West,Freehold,New Property,Ready to Move,72,5442,1,1,1,Low
New Town,3,1224,7,2,South - East,Freehold,Resale,Ready to Move,130,8497,1,0,0,Low
Narendrapur Rajpur Sonarpur,3,1315,3,2,North - East,Freehold,New Property,Ready to Move,65,4290,0,1,0,Low
Kolkata,2,670,1,2,Unknown,Unknown,Resale,Ready to Move,40,5970,0,0,0,Low
New Alipore,4,1939,2,4,Unknown,Unknown,Resale,Ready to Move,221,11398,0,0,0,Mid
Ganguly Bagan,3,1239,2,3,Unknown,Freehold,Resale,Ready to Move,65,5246,0,1,0,Low
Bangur Avenue,4,2800,3,4,Unknown,Freehold,Resale,Ready to Move,201,7200,0,0,0,Mid
Joka,2,840,2,2,North - East,Freehold,Resale,Ready to Move,45,5357,0,0,0,Low
Kolkata,1,520,2,1,South -West,Freehold,Resale,Ready to Move,25,3925,0,1,0,Low
Garia,2,940,1,2,Unknown,Unknown,Resale,Ready to Move,45,4787,0,0,0,Low
Chetla,3,1745,4,3,West,Freehold,Resale,Ready to Move,150,8596,0,1,0,Low
Kolkata,3,1053,1,2,Unknown,Co-operative Society,Resale,Ready to Move,115,10921,0,0,0,Low
Rishra,2,525,2,2,Unknown,Unknown,Resale,Ready to Move,48,7251,0,0,0,Low
Ballygunge,3,1051,1,2,East,Freehold,New Property,Ready to Move,138,9500,0,0,0,Low
Ballygunge,2,1200,2,2,South - East,Freehold,Resale,Ready to Move,120,8571,0,1,0,Low
Bosepukur Road,4,1200,4,3,North - East,Freehold,Resale,Ready to Move,130,8323,0,1,0,Low
Bramhapur,2,700,2,2,Unknown,Unknown,Resale,Ready to Move,30,4286,0,0,0,Low
Hatiara,1,580,3,1,East,Freehold,Resale,Ready to Move,19,3276,0,1,0,Low
Chowbaga,2,650,1,1,Unknown,Unknown,Resale,Unknown,25,3846,0,0,0,Low
Bhowanipore,3,1313,5,2,Unknown,Unknown,Resale,Ready to Move,160,12186,0,0,0,Mid
Babur Bagan,3,734,11,2,Unknown,Unknown,Resale,Ready to Move,85,6996,0,0,0,Low
Vip Road,3,880,4,2,Unknown,Unknown,Resale,Ready to Move,60,6818,0,0,0,Low
Prantik Thakurpukur,2,700,1,2,Unknown,Unknown,Resale,Ready to Move,30,3000,0,0,0,Low
Tangra,3,1234,10,2,South - East,Freehold,Resale,Ready to Move,163,13209,1,0,0,Mid
Anandapur Hooghly,3,1100,1,2,West,Freehold,New Property,Ready to Move,70,5000,0,0,0,Low
Rajarhat,2,875,1,2,South,Freehold,Resale,Ready to Move,45,4737,0,1,0,Low
Laskarpur South 24 Parganas,2,700,2,2,South - East,Freehold,Resale,Ready to Move,32,4103,0,0,0,Low
Barasat,1,509,2,1,East,Freehold,Resale,Ready to Move,16,3143,0,1,1,Low
Turf Road,3,1309,2,2,Unknown,Freehold,Resale,Ready to Move,135,10313,0,0,0,Low
Baranagar,2,580,14,2,South - East,Freehold,Resale,Ready to Move,92,10291,1,1,0,Low
Action Area 3,3,1648,23,3,Unknown,Freehold,Resale,Ready to Move,150,9102,0,0,1,Low
Kolkata,3,2470,1,3,South,Freehold,Other,Ready to Move,130,5263.15789473684,0,0,0,Low
Andul Road,3,1310,2,2,Unknown,Unknown,Resale,Ready to Move,45,3435,0,0,0,Low
Kolkata,2,554,3,2,North,Unknown,Resale,Ready to Move,19,2879,0,1,0,Low
Action Area 2D,2,880,7,2,South - East,Freehold,Resale,Ready to Move,100,11364,1,1,0,Low
Lake Market,1,468,1,1,South - East,Freehold,Resale,Ready to Move,47,8545,0,1,0,Low
Howrah,3,820,4,2,Unknown,Unknown,Resale,Ready to Move,55,4490,0,0,0,Low
Maheshtala,3,1377,8,2,South - East,Freehold,Resale,Ready to Move,42,3050,1,1,1,Low
Jyangra Bottala,2,690,0,2,Unknown,Unknown,Resale,Ready to Move,21.5,3116,0,0,0,Low
Barrackpore Trunk Road,3,850,1,2,South - East,Freehold,Resale,Ready to Move,70,6542,0,1,0,Low
Howrah,3,1410,2,3,Unknown,Unknown,Resale,Ready to Move,200,14184,0,0,0,Mid
Serampore,2,670,2,1,North - East,Freehold,Resale,Ready to Move,28.5,3800,0,0,0,Low
Arjunpur,3,2000,5,2,Unknown,Freehold,Resale,Ready to Move,190,9500,1,0,0,Mid
Birati,3,1060,4,2,South,Freehold,Resale,Ready to Move,41,3868,0,1,1,Low
Sodepur,3,3500,1,2,Unknown,Freehold,Resale,Ready to Move,75,1875,0,1,0,Low
Bhangar,2,734,5,2,Unknown,Unknown,Resale,Unknown,23,3134,0,0,0,Low
New Town,4,1838,5,4,Unknown,Unknown,Resale,Ready to Move,160,8705,0,0,0,Mid
Bansdroni,2,580,2,2,South - East,Unknown,Resale,Ready to Move,35,5240,0,0,0,Low
Sector 3 Salt Lake City,4,1300,3,2,Unknown,Co-operative Society,New Property,Ready to Move,115,7188,0,1,0,Low
South Dumdum,1,350,3,1,Unknown,Unknown,Resale,Ready to Move,15,3333,0,0,0,Low
Tiljala Road,2,678,3,2,South,Freehold,Resale,Ready to Move,35,5162,0,1,0,Low
Uttar Para,3,1092,11,2,Unknown,Unknown,Resale,Unknown,60,5495,1,1,1,Low
Sonarpur,3,1070,0,3,South - East,Freehold,Resale,Ready to Move,36,2990,1,0,0,Low
Kolkata,3,968,3,2,North,Freehold,Resale,Ready to Move,30,3099.17355371901,0,0,0,Low
Kolkata,3,1056,2,3,Unknown,Co-operative Society,Resale,Ready to Move,50,3554,0,1,0,Low
Kolkata,3,900,2,3,Unknown,Unknown,Resale,Ready to Move,50,4167,0,0,0,Low
Madurdaha,2,784,,2,Unknown,Unknown,Resale,Ready to Move,48,6122,0,0,0,Low
Behala,2,505,0,1,North,Freehold,Resale,Ready to Move,24,3692,0,1,0,Low
Shobhabazar,4,1020,0,1,Unknown,Unknown,Resale,Ready to Move,110,7639,0,0,0,Low
Joka,3,1311,10,3,South - East,Freehold,Resale,Ready to Move,80,6102,1,0,0,Low
Eastern Metropolitan Bypass,1,400,0,1,Unknown,Co-operative Society,Resale,Ready to Move,35,6364,0,1,0,Low
Barrackpore Trunk Road,4,1900,3,4,East,Freehold,Resale,Ready to Move,145,7221,1,0,0,Low
Barisha,2,800,2,2,North - East,Freehold,Resale,Ready to Move,40,3968,0,1,0,Low
Jessore Road,2,720,3,2,South - East,Freehold,Resale,Ready to Move,59,6556,1,1,0,Low
Rajbari,1,580,3,2,South,Freehold,Resale,Ready to Move,29,5000,0,0,0,Low
Kolkata,2,630,1,1,Unknown,Unknown,Resale,Ready to Move,55,7294,0,0,0,Low
Rajarhat Ma,3,1170,2,3,Unknown,Unknown,Resale,Ready to Move,61,5214,0,0,0,Low
Behala,4,1670,12,3,North - East,Freehold,Resale,Ready to Move,95,5689,1,1,0,Low
Kolkata,3,1188,1,3,Unknown,Unknown,Resale,Ready to Move,180,15152,0,0,0,Mid
Kankurgachi,3,1440,11,3,South - East,Freehold,Resale,Ready to Move,215,11944,0,1,0,Mid
Mukundapur Ma,2,600,3,2,South - East,Freehold,Resale,Ready to Move,35,4375,0,0,0,Low
Rajarhat,3,1342,7,3,East,Freehold,Resale,Ready to Move,127,9463,0,1,0,Low
Shapoorji Pallonji Sukhobrishti Complex Road,2,1257,2,2,Unknown,Freehold,Resale,Ready to Move,115,9149,0,0,0,Low
Patuli,2,605,1,2,North - East,Freehold,Resale,Ready to Move,35,4930,0,0,0,Low
Uttar Para,1,306,1,1,South,Freehold,Resale,Unknown,22,5176,1,0,0,Low
New Alipore,1,524,7,1,Unknown,Unknown,Resale,Ready to Move,42,8015,0,0,0,Low
Barrackpore Trunk Road,2,1015,8,2,Unknown,Freehold,Resale,Ready to Move,86,8473,1,1,1,Low
Kolkata,2,800,4,2,Unknown,Unknown,Resale,Ready to Move,35,4375,0,0,0,Low
Kolkata,3,1440,3,3,Unknown,Unknown,Resale,Ready to Move,50,3472,0,0,0,Low
Kolkata,3,1205,6,2,North,Unknown,Resale,Ready to Move,50,3704,0,0,0,Low
Hanspukur Joka,3,1246,8,3,South,Freehold,Resale,Ready to Move,105,8427,0,0,0,Low
Rajpur Sonarpur,3,1140,3,2,Unknown,Unknown,Resale,Ready to Move,40,3509,0,0,0,Low
Kolkata,2,770,4,2,South,Freehold,Resale,Ready to Move,55,6555,0,0,1,Low
Nagerbazar,2,585,3,2,South,Freehold,Resale,Ready to Move,40.6,5200,1,0,0,Low
Ichapur,2,650,3,2,Unknown,Unknown,Resale,Ready to Move,30,3681,0,0,0,Low
Tangra,2,750,1,1,South -West,Leasehold,New Property,Ready to Move,35,3500,0,1,0,Low
Tollygunge,2,733,8,2,South,Freehold,Resale,Ready to Move,50.5,5465,1,1,0,Low
Mahamaya Tala,2,800,3,2,Unknown,Unknown,Resale,Ready to Move,25,3125,0,0,0,Low
Jessore Road,3,1148,4,2,Unknown,Unknown,Resale,Ready to Move,67,5836,0,0,0,Low
Nayapatty,3,1420,21,2,South - East,Freehold,Resale,Ready to Move,130,8966,1,1,0,Low
Boral Ma,2,800,2,2,West,Freehold,Resale,Ready to Move,40,3810,0,0,0,Low
Sahapur New Alipore,1,300,2,1,East,Freehold,Resale,Ready to Move,20,5000,0,1,0,Low
Sarada Pally,2,700,2,2,Unknown,Unknown,Resale,Ready to Move,38,4471,0,0,0,Low
Kolkata,3,950,3,2,South,Freehold,Resale,Ready to Move,45,4286,0,1,0,Low
Unique Park Behala,2,800,1,2,Unknown,Unknown,Resale,Ready to Move,45,5625,0,0,0,Low
New Town,3,1074,2,3,South,Freehold,Resale,Ready to Move,110,10242,1,1,1,Low
Dum Dum,2,640,3,2,North,Freehold,Resale,Ready to Move,35,4217,0,1,0,Low
Madhyamgram,3,1070,8,2,Unknown,Unknown,Resale,Ready to Move,85,7944,0,1,0,Low
Kolkata,2,650,4,2,Unknown,Unknown,Resale,Ready to Move,28,3500,0,0,0,Low
Rajarhat,2,1040,5,2,North - East,Freehold,Resale,Ready to Move,38,3654,1,1,1,Low
Garia,2,801,2,2,South,Freehold,Resale,Ready to Move,88,8232,1,0,1,Low
Gokhel Road,3,2100,0,2,East,Freehold,Resale,Ready to Move,150,8333,0,1,0,Low
Diamond Harbour Road,2,1056,5,2,Unknown,Unknown,Resale,Ready to Move,56,5303,0,0,0,Low
Survey Park,3,1286,5,3,South - East,Freehold,Resale,Ready to Move,135,8359,1,1,0,Low
Baruipur,1,435,3,1,Unknown,Unknown,Resale,Ready to Move,18,4138,0,0,0,Low
Hazra,3,1293,5,3,South,Freehold,New Property,Ready to Move,237,12273,0,1,0,Mid
Anandapur,3,1370,1,2,Unknown,Unknown,Resale,Ready to Move,100,7299,0,0,0,Low
Kolkata,2,650,3,2,Unknown,Unknown,Resale,Ready to Move,19,2235,0,0,0,Low
Serampore,3,740,8,3,North - East,Unknown,Resale,Ready to Move,70,6737,1,1,1,Low
Narendrapur Rajpur Sonarpur,3,1024,4,2,East,Co-operative Society,Resale,Ready to Move,60,4688,0,1,1,Low
Sarsuna,2,825,2,2,East,Freehold,Resale,Ready to Move,35,3889,0,0,0,Low
Shibpur,2,675,1,1,North - East,Freehold,Resale,Ready to Move,31.5,4667,0,1,0,Low
Behala,2,562,1,1,Unknown,Unknown,Resale,Ready to Move,21.5,3826,0,0,0,Low
Park Circus,2,600,1,1,Unknown,Unknown,Resale,Ready to Move,72.5,9864,0,0,0,Low
Mission Pally,2,725,3,2,Unknown,Unknown,Resale,Ready to Move,30,4138,0,0,0,Low
Bhowanipore,3,970,4,2,Unknown,Unknown,Resale,Ready to Move,135,10282,0,0,0,Low
Narkeldanga,3,1483,1,2,Unknown,Unknown,Resale,Ready to Move,105,7080,0,0,0,Low
Behala Chowrasta,1,2100,2,4,South - East,Freehold,Resale,Ready to Move,140,4819,1,1,0,Low
Phool Bagan Kankurgachi,3,1272,3,3,Unknown,Freehold,Resale,Ready to Move,182,10122,1,1,1,Mid
Chandannagar,4,1016,2,2,South - East,Freehold,Resale,Ready to Move,49,3528,1,0,0,Low
Sundarpur Chandannagar,3,800,3,2,Unknown,Unknown,Resale,Ready to Move,70,8750,0,0,0,Low
Narendrapur Rajpur Sonarpur,3,1109,1,2,East,Freehold,Resale,Ready to Move,49,4418,0,1,0,Low
Bidhangarh Ghoshpara,3,960,0,1,South,Freehold,Resale,Ready to Move,28,2667,0,1,0,Low
Kolkata,2,700,,2,Unknown,Unknown,Resale,Ready to Move,24,3429,0,0,0,Low
Birati,2,840,3,2,North - West,Freehold,Resale,Ready to Move,50,5952,1,0,0,Low
Tangra,3,1350,2,3,Unknown,Unknown,Resale,Ready to Move,150,8886,0,0,0,Low
New Town,2,954,15,2,Unknown,Unknown,Resale,Ready to Move,85,8910,0,1,0,Low
Purbalok,3,1104,2,2,South - East,Freehold,Resale,Ready to Move,75,5054,0,1,0,Low
Metropolitan Co Operative Hous,4,1900,4,4,South - East,Freehold,Resale,Ready to Move,135,6136,1,1,0,Low
Nagerbazar,1,520,2,1,North,Freehold,Resale,Ready to Move,16,3077,0,1,0,Low
Anandapur Hooghly,3,3127,23,4,East,Unknown,Resale,Ready to Move,531,16981,1,0,1,High
Kolkata,2,750,2,2,Unknown,Unknown,Resale,Ready to Move,28,3733,0,0,0,Low
Gar,3,1100,3,2,Unknown,Unknown,Resale,Ready to Move,40,3636,0,0,0,Low
Uttarpara Ch,2,640,10,2,South,Freehold,New Property,Ready to Move,37,4474,1,0,0,Low
New Town,3,1203,4,2,North - East,Freehold,Resale,Ready to Move,130,8649,1,1,1,Low
Kolkata,2,700,4,2,South - East,Freehold,Resale,Ready to Move,37,4625,1,0,0,Low
Barhans,2,800,1,1,South,Freehold,Resale,Ready to Move,26,3250,0,1,0,Low
Sector 5 Salt Lake City,3,1164,19,2,North - East,Freehold,Resale,Ready to Move,245,21048,0,0,0,Mid
Sakher Bazar,3,1072,2,2,North - West,Freehold,Resale,Ready to Move,55,5131,0,0,0,Low
Rajpur Sonarpur,3,1032,2,2,South,Freehold,Resale,Ready to Move,105,7119,1,0,1,Low
Kolkata,2,650,3,1,Unknown,Unknown,Resale,Ready to Move,16.5,2538,0,0,0,Low
Sinthi,2,650,3,1,Unknown,Unknown,Resale,Ready to Move,22,3385,0,0,0,Low
Mandirtala Shibpur,2,1068,4,2,South,Unknown,Resale,Ready to Move,48,4494,0,1,0,Low
Kolkata,4,1100,4,2,Unknown,Leasehold,Resale,Ready to Move,44,4000,0,0,0,Low
Dum Dum,3,1152,1,2,Unknown,Unknown,Resale,Ready to Move,45,3906,0,0,0,Low
Garia Ma,2,661,1,2,South,Freehold,Resale,Ready to Move,45,5762,0,1,0,Low
Jessore Road,2,731,3,2,Unknown,Freehold,Resale,Ready to Move,40,5472,0,0,0,Low
Shobhabazar,4,1500,1,2,South,Freehold,Resale,Ready to Move,120,7229,1,1,0,Low
Rajpur,2,800,3,1,Unknown,Unknown,Resale,Ready to Move,28,3500,0,0,0,Low
East Mall Road,2,620,3,1,Unknown,Freehold,Resale,Ready to Move,22,3284,0,1,0,Low
Kalighat,4,1900,3,3,South,Freehold,Resale,Ready to Move,200,9091,0,1,0,Mid
Kolkata,2,600,3,2,North,Freehold,Resale,Ready to Move,30.5,3836,0,1,0,Low
Bramhapur,2,500,3,1,Unknown,Unknown,Resale,Ready to Move,13,2600,0,0,0,Low
Rash Behari Avenue,2,506,0,2,Unknown,Unknown,Resale,Ready to Move,115,22727,0,0,0,Low
Nayabad,3,1057,3,2,Unknown,Unknown,Resale,Ready to Move,55,5203,0,0,0,Low
Uttarpara Ch,3,1476,10,2,South -West,Freehold,Resale,Ready to Move,80,5420,0,0,0,Low
Nabapally Sector 4 Salt Lake,3,1000,4,2,North - East,Freehold,Resale,Ready to Move,35,2778,1,1,0,Low
Airport 2 Number Gate,3,850,4,2,South - East,Freehold,Resale,Ready to Move,47,4563,1,1,0,Low
Baguiati,3,900,4,2,East,Unknown,Resale,Ready to Move,38,3619,0,0,0,Low
New Town,3,1000,4,2,Unknown,Unknown,Resale,Ready to Move,75,7500,0,0,0,Low
Saha Para Fartabad,3,1210,2,2,North,Freehold,Resale,Ready to Move,82,5866,0,1,1,Low
Deodar Street,2,850,3,2,Unknown,Co-operative Society,Resale,Ready to Move,100,11765,0,0,0,Low
Nayabad,2,750,4,2,South - East,Freehold,Resale,Ready to Move,50,5656,0,1,0,Low
Kolkata,2,996,3,2,Unknown,Freehold,Resale,Ready to Move,58,5823,0,0,0,Low
Motilal Colony,2,650,3,2,South,Freehold,Resale,Ready to Move,25,3333,0,1,0,Low
New Town,2,685,9,2,Unknown,Freehold,Resale,Ready to Move,125,18248,1,1,1,Low
Action Area 1,2,800,1,2,Unknown,Unknown,Resale,Ready to Move,89,8900,0,0,0,Low
Fartabad,3,1172,3,2,North - East,Freehold,Resale,Ready to Move,70,5973,1,0,0,Low
New Town,1,563,4,1,South,Freehold,New Property,Ready to Move,32,5684,1,0,0,Low
Rajarhat Ma,3,1100,6,2,South - East,Freehold,Resale,Ready to Move,130,11818,0,1,0,Low
Tollygunge,3,1450,1,2,North - East,Freehold,Resale,Ready to Move,120,8000,0,1,0,Low
Gariahat,3,1875,7,3,South -West,Freehold,New Property,Ready to Move,390,18795,1,1,0,Mid
Selimpur Road,2,556,1,2,North,Freehold,Resale,Ready to Move,27,4225,0,0,0,Low
Thakurpukur,3,1451,2,2,South -West,Freehold,Resale,Ready to Move,74,5100,0,0,0,Low
Beleghata,2,430,3,1,Unknown,Unknown,Resale,Ready to Move,34.4,8000,0,0,0,Low
Kolkata,3,916,7,2,Unknown,Unknown,Resale,Ready to Move,32,3493,1,0,0,Low
Rajarhat,4,2800,5,4,Unknown,Unknown,Resale,Ready to Move,225,5625,0,0,0,Mid
Kamalgazi,2,555,4,2,East,Freehold,Resale,Ready to Move,23,3538,1,1,0,Low
Khardaha,1,562,3,1,South,Unknown,New Property,Ready to Move,17,3025,0,1,0,Low
Birati,1,404,3,1,Unknown,Unknown,Resale,Ready to Move,14.8,3663,0,0,0,Low
Santoshpur,3,1400,2,2,South,Freehold,Resale,Ready to Move,110,7143,0,1,0,Low
Kolkata,3,1170,3,2,Unknown,Unknown,Resale,Ready to Move,72,6154,0,0,0,Low
Barasat,3,795,2,2,East,Freehold,Resale,Ready to Move,49,4623,0,1,0,Low
Madhyamgram,2,600,3,2,North - East,Freehold,Resale,Ready to Move,30,3704,1,0,0,Low
Rajarhat,3,1355,10,2,Unknown,Unknown,Resale,Ready to Move,95,7011,0,0,0,Low
Dhakuria,3,1263,4,2,Unknown,Unknown,Resale,Ready to Move,105,8314,0,0,0,Low
Podara,1,519,3,1,South,Unknown,Resale,Ready to Move,11,2119.46050096339,0,1,0,Low
Lake Town,3,1683,4,2,Unknown,Freehold,Resale,Ready to Move,122,7249,0,0,0,Low
Beleghata,3,1200,7,3,Unknown,Unknown,Resale,Ready to Move,220,18333,0,0,0,Mid
Asw,3,1600,1,3,Unknown,Unknown,Resale,Ready to Move,135,8437.5,0,0,0,Low
Uttarpara Ch,1,400,3,1,South -West,Unknown,Resale,Ready to Move,15,3614,0,0,0,Low
Kamalgazi,2,979,1,2,North - West,Freehold,Resale,Ready to Move,48,4903,1,0,1,Low
Purbachal Kalitala,2,1160,2,2,Unknown,Unknown,Resale,Ready to Move,75,6466,0,0,0,Low
Debaipukur,2,675,1,1,Unknown,Unknown,Resale,Ready to Move,16,2370,0,0,0,Low
Regent Estate,3,1200,1,2,South,Leasehold,Resale,Ready to Move,67,5583,0,1,0,Low
Kolkata,2,470,1,1,Unknown,Unknown,Resale,Ready to Move,20,3407,0,0,0,Low
Amtala,3,943,3,3,Unknown,Unknown,Resale,Ready to Move,39,4136,0,0,0,Low
Madurdaha,3,950,2,2,South,Freehold,Resale,Ready to Move,75,5593,0,1,0,Low
Baguiati,2,510,2,2,South - East,Unknown,Resale,Ready to Move,26,3824,0,0,0,Low
Howrah,2,1100,5,2,Unknown,Unknown,Resale,Ready to Move,50.6,4600,0,0,0,Low
Netaji Nagar,1,498,4,1,South -West,Freehold,Resale,Ready to Move,22.5,4518,0,0,0,Low
Ramgarh Garia,3,1140,1,2,Unknown,Unknown,Resale,Ready to Move,48,3718,0,0,0,Low
Boral Ma,2,722,1,2,North,Freehold,Resale,Ready to Move,30,3448,0,1,0,Low
Barabazar Market,2,300,1,1,Unknown,Unknown,Resale,Ready to Move,12,4000,0,0,0,Low
Behala,2,2500,4,2,Unknown,Unknown,Resale,Ready to Move,145,5370,0,0,0,Low
Kolkata,3,1485,2,2,North - East,Freehold,Resale,Ready to Move,75,5051,0,1,0,Low
Howrah,3,1460,11,2,Unknown,Freehold,Resale,Ready to Move,160,10959,1,1,1,Mid
Rajarhat,3,910,5,2,South - East,Freehold,Resale,Ready to Move,55,4850,1,0,0,Low
Maheshtala,1,712,10,1,Unknown,Unknown,Resale,Ready to Move,25,3511,0,0,0,Low
Baruipur,1,350,1,1,Unknown,Unknown,Resale,Unknown,18.5,5286,0,0,0,Low
Kolkata,2,860,1,2,Unknown,Unknown,Resale,Ready to Move,31,3605,0,0,0,Low
Beleghata,4,2100,11,4,Unknown,Unknown,Resale,Ready to Move,240,11429,0,0,0,Mid
Kolkata,2,760,3,2,Unknown,Unknown,Resale,Ready to Move,24,2637,0,0,0,Low
Maheshtala,2,712,7,2,Unknown,Freehold,Resale,Ready to Move,25,3511,0,0,0,Low
Southern Avenue,3,1600,3,3,Unknown,Freehold,Resale,Ready to Move,250,12195,0,0,0,Mid
Panchasayar,2,1100,13,2,North,Freehold,Resale,Ready to Move,140,9333,0,1,0,Low
Howrah,2,605,3,2,North,Freehold,Resale,Ready to Move,38.4,5100,0,1,0,Low
Mahamaya Tala,1,420,1,1,South,Unknown,Resale,Ready to Move,20,4049,0,0,0,Low
Bosepukur,2,687,2,2,Unknown,Unknown,Resale,Ready to Move,55,8005.82241630277,0,0,0,Low
Rajarhat,3,1068,5,2,West,Freehold,Resale,Ready to Move,45,4213,1,0,0,Low
Thakurpukur,2,807,2,2,South,Co-operative Society,Resale,Ready to Move,60,7435,1,1,1,Low
Sonarpur Station Road,2,678,2,2,East,Freehold,Resale,Ready to Move,43,4751,1,0,1,Low
Netaji Nagar,3,1440,3,2,Unknown,Freehold,Resale,Ready to Move,125,8681,0,0,0,Low
Kolkata,3,1200,1,2,Unknown,Unknown,Resale,Ready to Move,60,5000,0,0,0,Low
New Town,2,650,1,1,Unknown,Unknown,Resale,Ready to Move,50,7692,0,0,0,Low
Hast,2,950,7,2,North - East,Freehold,Resale,Ready to Move,100,8929,0,1,0,Low
New Alipore,3,1500,3,3,Unknown,Unknown,Resale,Ready to Move,250,13714,1,0,0,Mid
Shyamnagar,3,1200,1,2,Unknown,Unknown,Resale,Ready to Move,65,5417,0,0,0,Low
Narendrapur Rajpur Sonarpur,3,1308,4,2,Unknown,Unknown,Resale,Ready to Move,65,4969,0,0,0,Low
Ajoy Nagar Santoshpur,1,805,2,1,Unknown,Unknown,Resale,Ready to Move,65,8075,0,0,0,Low
Kankurgachi,4,1460,2,2,East,Freehold,Resale,Ready to Move,170,9315,0,1,0,Mid
Kolkata,2,519,2,1,Unknown,Unknown,Resale,Ready to Move,15,2890,0,0,0,Low
Gariahat,4,1500,2,3,East,Freehold,Resale,Ready to Move,250,13514,0,1,0,Mid
Sakher Bazar,4,1000,3,3,East,Unknown,Resale,Ready to Move,50,3704,0,0,0,Low
Behala,3,1700,0,3,South,Freehold,New Property,Ready to Move,110,5500,1,0,0,Low
Southern Bypass,3,850,11,2,South,Freehold,Resale,Ready to Move,83,7217,1,1,1,Low
Dum Dum Road,2,752,2,2,Unknown,Freehold,Resale,Ready to Move,35,4118,0,0,0,Low
Baguiati,2,740,2,2,East,Freehold,Resale,Ready to Move,32,4324,0,1,0,Low
Kestopur,1,568,0,1,North - East,Freehold,New Property,Ready to Move,45,7923,1,0,0,Low
Barrackpore,2,834,3,2,South - East,Freehold,Resale,Ready to Move,50,4794,0,0,0,Low
Watganj,3,1097,11,2,North - West,Freehold,Resale,Ready to Move,150,10925,0,1,0,Low
Action Area 2,3,995,10,3,South,Freehold,Resale,Unknown,155,9904,1,1,0,Mid
Maheshtala,2,712,5,2,Unknown,Unknown,New Property,Ready to Move,28,3932.58426966292,0,0,0,Low
Rajarhat,3,1140,12,2,Unknown,Unknown,Resale,Ready to Move,200,17544,0,0,0,Mid
Dr Suresh Sarkar Road,4,1500,7,4,Unknown,Unknown,Resale,Ready to Move,350,17500,0,0,0,Mid
Sonarpur,2,810,6,2,Unknown,Freehold,Resale,Ready to Move,40,4938.27160493827,1,0,0,Low
Maheshtala,3,1377,13,2,East,Freehold,Resale,Ready to Move,50,3631,0,0,0,Low
Sonarpur,2,1040,2,2,Unknown,Freehold,Resale,Ready to Move,36,3462,0,0,0,Low
Nagerbazar,4,2100,2,3,Unknown,Unknown,Resale,Ready to Move,130,6190,0,0,0,Low
Haltu,3,960,2,2,South - East,Freehold,Resale,Ready to Move,78,6500,0,1,0,Low
Eastern Metropolitan Bypass,2,903,4,2,South -West,Freehold,Resale,Ready to Move,46,5094.13067552602,0,1,0,Low
Nayabad,3,850,1,2,South - East,Freehold,Resale,Ready to Move,55,4561,0,1,0,Low
Rajarhat,2,927,4,2,Unknown,Unknown,Resale,Ready to Move,40,4315,0,0,0,Low
Ramgarh Colony,2,815,3,2,South - East,Freehold,Resale,Ready to Move,40,4908,0,0,0,Low
Motilal Gupta Road,2,750,3,2,South - East,Freehold,Resale,Ready to Move,32,3279,1,1,0,Low
Howrah,4,1484,5,3,Unknown,Unknown,Resale,Ready to Move,68,3656,0,0,0,Low
Thakurpukur,2,894,1,2,Unknown,Unknown,Resale,Ready to Move,47,5257,0,0,0,Low
Tollygunge,3,1200,1,3,Unknown,Freehold,Resale,Ready to Move,140,8159,1,1,0,Low
Kolkata,2,650,4,2,Unknown,Unknown,Resale,Ready to Move,22,2933,0,0,0,Low
Kolkata,3,1800,2,2,North,Unknown,Resale,Ready to Move,33,1833.33333333333,0,0,0,Low
Block 2 Jat,2,770,1,2,South - East,Freehold,Resale,Ready to Move,26,3377,0,1,0,Low
Tollygunge,2,1125,3,2,Unknown,Unknown,Resale,Ready to Move,100,8889,0,0,0,Low
Gulshan Colony,2,688,2,1,Unknown,Unknown,Resale,Ready to Move,19.5,2549,0,0,0,Low
Kolkata,2,600,4,1,West,Freehold,Resale,Ready to Move,18,2500,0,1,0,Low
Bansdroni,2,800,1,2,North - East,Freehold,Resale,Ready to Move,30,3750,0,1,0,Low
Kolkata,2,720,4,2,Unknown,Unknown,Resale,Ready to Move,20,2777.77777777778,0,0,0,Low
Jessore Road,2,970,2,2,Unknown,Unknown,Resale,Ready to Move,60,6186,0,0,0,Low
Joka,2,940,10,2,Unknown,Freehold,Resale,Ready to Move,60,6383,1,0,1,Low
Nagerbazar,2,700,4,2,Unknown,Unknown,Resale,Ready to Move,27.5,3929,0,0,0,Low
Alipore,4,2420,2,4,Unknown,Unknown,Resale,Ready to Move,270,11157,0,0,0,Mid
Rajarhat Ma,3,1143,3,2,Unknown,Freehold,Resale,Ready to Move,48,4199.4750656168,1,1,1,Low
Dum Dum,2,410,2,1,South - East,Co-operative Society,Resale,Ready to Move,27.5,4900,0,1,0,Low
Kolkata,2,1080,2,2,Unknown,Unknown,Resale,Ready to Move,130,12037,0,0,0,Low
Kolkata,2,600,2,1,North,Freehold,Resale,Ready to Move,22,3667,0,1,0,Low
Rajarhat,2,744,2,2,South - East,Freehold,Resale,Unknown,26,3495,0,0,0,Low
Kolkata,2,750,3,1,South,Unknown,Resale,Ready to Move,15,2000,0,0,0,Low
Picnic Garden,3,1092,3,2,East,Freehold,Resale,Ready to Move,115,8431,0,1,0,Low
Shripur,3,750,1,2,North - East,Freehold,Resale,Ready to Move,30,3006,0,1,0,Low
Kolkata,3,1050,1,3,East,Unknown,Resale,Ready to Move,55,4964,1,1,0,Low
Kolkata,2,630,3,2,North,Freehold,Resale,Ready to Move,42,5753,0,1,0,Low
Shibrampur,3,980,8,2,South - East,Freehold,Resale,Ready to Move,70,5360,1,0,0,Low
Chowhati,4,1539,4,3,South -West,Freehold,Resale,Ready to Move,100,6497.72579597141,1,0,0,Low
Maheshtala,2,712,12,2,Unknown,Unknown,Resale,Ready to Move,45,6320,0,0,0,Low
Shibpur,3,1600,2,2,South - East,Freehold,Resale,Ready to Move,89,5562,0,1,0,Low
Chowhati,2,774,4,2,Unknown,Unknown,Resale,Ready to Move,36,4651,0,0,0,Low
Thakurpukur,3,1237,1,3,Unknown,Unknown,Resale,Ready to Move,55,4446,0,0,0,Low
Rajpur Sonarpur,2,1126,3,2,North - East,Freehold,Resale,Ready to Move,45,3996.44760213144,0,0,0,Low
Raghunathpur,2,750,1,1,East,Freehold,Resale,Ready to Move,29,3412,0,0,0,Low
New Town,1,500,5,1,North - East,Freehold,Resale,Ready to Move,33,6111,1,0,0,Low
Birati,2,910,4,2,North - West,Freehold,Resale,Ready to Move,45,4945,1,1,0,Low
Madurdaha,3,2050,4,3,South - East,Freehold,Resale,Ready to Move,117,4708,1,1,0,Low
Batanagar,3,1296,18,3,Unknown,Unknown,Resale,Ready to Move,100,5023,0,0,0,Low
Subhash Nagar South Dumdum,2,950,2,2,South,Freehold,New Property,Ready to Move,65,5495,0,1,0,Low
New Alipore,3,1485,4,4,North,Freehold,Resale,Ready to Move,150,8108,0,1,0,Low
Eastern Metropolitan Bypass,2,690,16,2,South -West,Freehold,Resale,Ready to Move,115,10286,0,1,0,Low
Dunlop,3,1704,3,2,North,Freehold,Resale,Ready to Move,110,5486,0,1,0,Low
Joka,2,837,2,2,Unknown,Unknown,Resale,Ready to Move,40,4779,0,0,0,Low
Dum Dum,2,565,0,2,Unknown,Unknown,Resale,Ready to Move,260,36879,0,0,0,Mid
Baguiati,2,850,1,2,Unknown,Unknown,Resale,Ready to Move,35,4118,0,0,0,Low
Kolkata,3,1540,10,4,North - West,Unknown,Resale,Ready to Move,115,7468,0,0,0,Low
Kestopur,2,910,3,2,Unknown,Unknown,Resale,Ready to Move,38,4176,0,0,0,Low
Kankurgachi,3,1000,3,2,South - East,Co-operative Society,Resale,Ready to Move,85,6071,1,1,0,Low
Mukundapur,3,1256,3,2,South - East,Freehold,Resale,Ready to Move,85,6768,0,0,1,Low
Behala Chowrasta,2,1070,2,2,East,Freehold,Resale,Ready to Move,44,4112,0,1,0,Low
Narendrapur Rajpur Sonarpur,3,1447,1,3,Unknown,Unknown,Resale,Ready to Move,65,4492,0,0,0,Low
Kolkata,2,980,5,2,Unknown,Unknown,Resale,Ready to Move,32.2,2800,0,0,0,Low
Belghoria,2,830,3,1,North - East,Freehold,Resale,Ready to Move,60,6141,1,1,1,Low
Kolkata,3,1500,3,2,Unknown,Unknown,Resale,Ready to Move,100,6667,0,0,0,Low
Muchipara,2,800,3,2,South - East,Freehold,Resale,Ready to Move,31.5,3938,0,1,1,Low
Alipore,2,600,3,2,Unknown,Unknown,Resale,Ready to Move,35,4375,0,0,0,Low
Belghoria,2,595,2,2,South - East,Freehold,Resale,Ready to Move,26,3714,1,1,0,Low
Garia,2,796,0,2,Unknown,Unknown,Resale,Ready to Move,27,3333,0,0,0,Low
Kolkata,2,728,4,2,South,Co-operative Society,Resale,Ready to Move,25,3434,0,1,0,Low
Maheshtala,3,1524,9,3,Unknown,Unknown,Resale,Ready to Move,52,3412,0,0,0,Low
New Alipore,3,2000,1,1,Unknown,Unknown,Resale,Ready to Move,300,15000,0,0,0,Mid
Garia,2,784,4,2,Unknown,Unknown,Resale,Ready to Move,36,4592,0,0,0,Low
Kamalgazi,2,931,1,2,Unknown,Unknown,Resale,Ready to Move,55,5908,0,0,0,Low
Shibrampur,3,950,9,2,South,Freehold,Resale,Ready to Move,51,4595,1,0,1,Low
Kamdahari,2,650,3,2,South - East,Freehold,Resale,Ready to Move,35,4000,0,1,0,Low
Madhyamgram,2,1015,4,2,Unknown,Unknown,Resale,Ready to Move,40,3941,1,0,0,Low
VIP Service Road,2,800,3,2,North - East,Freehold,Resale,Ready to Move,50,6250,1,0,0,Low
Maheshtala,3,900,2,2,East,Freehold,Resale,Ready to Move,36,2913,1,0,1,Low
Rajarhat,2,850,13,2,South - East,Freehold,Resale,Ready to Move,85,7870,1,1,0,Low
Mukundapur,3,1050,1,2,Unknown,Unknown,Resale,Ready to Move,50,4762,0,0,0,Low
Rajarhat,2,906,2,2,Unknown,Unknown,Resale,Ready to Move,35,3863,0,0,0,Low
Kolkata,2,500,3,1,Unknown,Unknown,Resale,Ready to Move,17,3400,0,0,0,Low
Rajarhat,3,1040,4,2,South,Freehold,Resale,Ready to Move,120,8850,1,0,0,Low
Garia,3,1053,1,2,Unknown,Unknown,Resale,Ready to Move,53,5033,0,0,0,Low
Nagerbazar,3,1000,4,2,South - East,Freehold,Resale,Ready to Move,49.6,4100,1,0,0,Low
Kolkata,2,1432,4,2,Unknown,Freehold,Resale,Ready to Move,89,6215,0,0,0,Low
Kolkata,3,1250,1,2,Unknown,Unknown,Resale,Ready to Move,120,9600,0,0,0,Low
Birati,3,1017,1,2,South - East,Freehold,Resale,Ready to Move,140,13084,0,1,0,Low
Purbachal Haltu,2,620,3,1,North - East,Freehold,Resale,Ready to Move,45,6494,1,1,0,Low
Selimpur,1,445,3,1,Unknown,Freehold,Resale,Ready to Move,21,4719,0,0,0,Low
Haridevpur,3,1179,1,3,North,Freehold,Resale,Ready to Move,170,8277,1,1,0,Mid
Maheshtala,2,662,4,2,South,Freehold,Resale,Ready to Move,32,3575,1,1,0,Low
Jadavpur,2,600,2,2,Unknown,Unknown,Resale,Ready to Move,25,4167,0,0,0,Low
Kolkata,2,655,2,2,East,Freehold,Resale,Ready to Move,55,7285,0,1,0,Low
Fartabad,1,555,2,1,South -West,Freehold,Resale,Ready to Move,30,5405,1,0,0,Low
Tollygunge,3,1150,1,2,Unknown,Unknown,Resale,Ready to Move,120,10435,0,0,0,Low
Bablatala,3,1250,2,2,Unknown,Unknown,Resale,Ready to Move,46.5,3720,0,0,0,Low
Kasba,2,530,2,1,North,Freehold,Resale,Ready to Move,40,7547,0,1,0,Low
Dum Dum,2,672,2,2,North - East,Freehold,Resale,Ready to Move,43,5119,0,1,0,Low
Kolkata,2,834,2,1,South - East,Unknown,Resale,Ready to Move,17.5,2098,0,1,0,Low
Vip Road,3,1643,1,3,North,Freehold,Resale,Ready to Move,120,7304,0,0,0,Low
Kolkata,3,1250,1,2,Unknown,Unknown,Resale,Unknown,30,2400,0,0,0,Low
Kolkata,2,750,3,2,Unknown,Unknown,Resale,Ready to Move,47,6267,0,0,0,Low
Nalta,2,935,3,2,Unknown,Unknown,Resale,Ready to Move,33,3529,0,0,0,Low
Gulshan Colony,2,800,4,1,Unknown,Unknown,Resale,Ready to Move,28,3500,0,0,0,Low
Rajarhat,3,1300,5,2,North,Freehold,Resale,Ready to Move,56,4308,1,1,0,Low
College Street,4,990,,2,Unknown,Unknown,Resale,Ready to Move,55,5556,0,0,0,Low
Rab,2,990,2,2,Unknown,Unknown,Resale,Ready to Move,100,9901,0,0,0,Low
Uttar Panchanna Gram,2,658,3,1,South,Freehold,Resale,Ready to Move,32,4571,0,0,0,Low
Ekbalpur,3,1381,8,2,Unknown,Unknown,Resale,Unknown,128,9269,0,0,0,Low
Baithakkhana,3,1100,11,3,East,Freehold,Resale,Ready to Move,210,12500,1,0,0,Mid
Parnasree Palli,2,980,3,2,South,Freehold,Resale,Ready to Move,65,6633,0,0,0,Low
Raja Rammohan Roy Road,3,930,10,2,South,Freehold,Resale,Ready to Move,120,9608,1,1,0,Low
Gariahat,3,1200,1,3,Unknown,Unknown,Resale,Ready to Move,130,10833,0,0,0,Low
Domjur,3,870,7,2,South -West,Freehold,Resale,Ready to Move,32,2817,0,1,0,Low
Diamond Harbour Road,3,1026,1,2,Unknown,Co-operative Society,Resale,Ready to Move,50,4873.29434697856,0,1,0,Low
Kolkata,2,790,1,2,South -West,Unknown,Resale,Ready to Move,32,3747,0,0,0,Low
Amherst Street,1,240,1,1,East,Freehold,Resale,Ready to Move,13.8,5750,0,0,0,Low
Kolkata,2,500,0,1,South - East,Freehold,Resale,Ready to Move,32,4571,0,0,0,Low
Ho Chi M,2,967,4,2,Unknown,Freehold,Resale,Ready to Move,55,5688,0,1,1,Low
Action Area 3,4,3580,0,5,South -West,Freehold,Resale,Ready to Move,275,6145,1,1,0,Mid
Behala,3,1100,12,2,South - East,Freehold,Resale,Ready to Move,95,6810,1,1,0,Low
New Town,3,1489,32,4,South -West,Freehold,New Property,Unknown,330,14732,0,0,1,Mid
Salt Lake Bypass,2,700,15,2,South,Freehold,Resale,Ready to Move,150,14735,1,1,0,Low
Bansdroni,2,970,3,2,Unknown,Unknown,Resale,Ready to Move,50,4717,0,0,0,Low
Chakra Beriya,1,450,1,1,Unknown,Unknown,Resale,Ready to Move,18,4000,0,0,0,Low
Majarhati,3,1512,0,2,Unknown,Unknown,Resale,Ready to Move,120,7937,0,0,0,Low
Kamalgazi Sonarpur Road,3,900,4,2,North - East,Co-operative Society,Resale,Ready to Move,70,6358,0,0,0,Low
Haridevpur,1,465,3,1,Unknown,Unknown,Resale,Ready to Move,16,3441,0,0,0,Low
New Town,2,627,8,2,South - East,Freehold,Resale,Ready to Move,130,16603,0,1,0,Low
Howrah,3,1032,12,2,Unknown,Unknown,Resale,Ready to Move,80,6873,0,0,0,Low
Kustia,1,370,4,2,Unknown,Unknown,Resale,Ready to Move,13,3513.51351351351,0,0,0,Low
Rajarhat,3,1445,5,3,Unknown,Unknown,Resale,Ready to Move,60,4152,0,0,0,Low
Alambazar,2,870,3,2,East,Freehold,Resale,Ready to Move,27,3103,1,1,0,Low
Narendrapur Rajpur Sonarpur,2,600,1,2,Unknown,Unknown,Resale,Ready to Move,32,5333,0,0,0,Low
Naktala,2,1000,2,2,Unknown,Unknown,Resale,Ready to Move,51,5100,0,0,0,Low
Kolkata,2,565,1,1,Unknown,Unknown,Resale,Ready to Move,29,4143,0,0,0,Low
Motilal Gupta Road,2,820,3,2,East,Unknown,Resale,Ready to Move,34,3696,0,1,0,Low
Purulia,3,1200,3,2,Unknown,Unknown,Resale,Ready to Move,60,5000,0,0,0,Low
New Alipore,3,1150,9,3,East,Freehold,New Property,Ready to Move,220,13095,0,1,1,Mid
Serampore,3,1200,1,2,East,Freehold,New Property,Ready to Move,36,2400,0,1,0,Low
Senbagan,2,730,3,1,South - East,Freehold,Resale,Ready to Move,26,3562,0,1,0,Low
Sreenagar West,2,875,2,2,Unknown,Unknown,Resale,Ready to Move,45,5143,0,0,0,Low
Action Area 1,3,680,4,3,South - East,Freehold,Resale,Ready to Move,95,8636,0,1,0,Low
Haltu,2,715,1,2,Unknown,Unknown,Resale,Ready to Move,35,4895,0,0,0,Low
Baghajat,2,850,1,2,Unknown,Unknown,Resale,Ready to Move,57,6706,0,0,0,Low
Kolkata,2,620,5,2,North,Leasehold,Resale,Ready to Move,33,4258,0,0,0,Low
Ballygunge Place,4,1700,3,4,Unknown,Unknown,Resale,Ready to Move,150,8824,0,0,0,Low
Gariahat,3,1200,1,2,South,Unknown,Resale,Ready to Move,130,10833,0,1,0,Low
Dunlop,2,467,0,1,South - East,Freehold,Resale,Ready to Move,30,5455,0,1,0,Low
Kudghat,2,830,3,1,South -West,Freehold,Resale,Ready to Move,42,5060,0,1,0,Low
Bally,2,754,1,1,Unknown,Unknown,Resale,Ready to Move,26.5,3515,0,0,0,Low
Netaji Nagar,3,2741,11,4,South -West,Freehold,Resale,Ready to Move,400,10215,1,1,0,Mid
Mom,2,1150,4,2,Unknown,Freehold,Resale,Ready to Move,156,13609,1,0,1,Mid
Kolkata,3,1450,3,2,East,Unknown,Resale,Ready to Move,40,3195,0,0,0,Low
Kolkata,2,690,0,2,North,Freehold,Resale,Ready to Move,18,2195,0,1,0,Low
Agarpara,3,951,2,2,North - East,Freehold,Resale,Ready to Move,40,4206,0,1,0,Low
Sonarpur,2,962,3,2,Unknown,Unknown,Resale,Ready to Move,50,5198,0,0,0,Low
Barrackpore Trunk Road,3,1440,4,2,Unknown,Freehold,Resale,Ready to Move,100,6944,0,0,0,Low
Ramchandrapur Narendrapur,3,1228,1,2,Unknown,Unknown,Resale,Ready to Move,100,8143,0,0,0,Low
Bhowanipore,2,887,4,2,North - East,Freehold,Resale,Ready to Move,118,10997,0,1,0,Low
Patuli,2,784,1,2,South - East,Freehold,Resale,Ready to Move,57.6,5878,1,0,0,Low
Baguiati,3,1100,4,2,North - East,Freehold,Resale,Ready to Move,90,6429,0,1,0,Low
Eastern Park,2,700,3,2,South,Unknown,Resale,Ready to Move,39,5200,0,1,0,Low
Kestopur,2,966,4,2,South,Unknown,Resale,Ready to Move,40,4141,0,0,1,Low
Park Circus,2,1200,4,2,South - East,Power Of Attorney,Resale,Ready to Move,130,8892,0,1,0,Low
Santoshpur Avenue,3,1200,2,2,South - East,Freehold,Resale,Ready to Move,48,4000,1,1,0,Low
Picnic Garden Road,2,1500,1,2,Unknown,Unknown,Resale,Ready to Move,47,3133,0,0,0,Low
Howrah,3,909,4,2,South - East,Freehold,Resale,Ready to Move,150,12755,0,0,0,Low
Beliaghata Bridge,2,500,1,1,South,Leasehold,Resale,Ready to Move,19.5,3250,0,1,0,Low
Kolkata,2,770,2,2,South,Freehold,Resale,Ready to Move,60,7500,1,1,1,Low
Behala,2,880,2,1,Unknown,Unknown,Resale,Ready to Move,45,5114,0,0,0,Low
Maniktala Ma,1,463,1,1,South -West,Freehold,New Property,Ready to Move,42,11351,0,0,0,Low
Rajpur,3,1139,3,2,Unknown,Unknown,Resale,Ready to Move,43,3775,0,0,0,Low
Dhapa,2,1400,8,3,South - East,Freehold,Resale,Ready to Move,200,11429,0,1,0,Mid
Belghoria,2,821,3,2,North,Freehold,Resale,Ready to Move,45,5481,0,1,0,Low
Hazra Road,2,800,1,2,Unknown,Freehold,Resale,Ready to Move,50,6250,0,1,0,Low
GC Road,2,800,0,2,East,Freehold,Resale,Unknown,33.3,3200,1,1,0,Low
Kolkata,1,460,4,1,Unknown,Unknown,Resale,Ready to Move,15.5,3370,0,0,0,Low
Behala,3,756,4,2,South - East,Freehold,Resale,Ready to Move,60,5329,0,1,0,Low
Rajpur Sonarpur,3,773,5,2,South -West,Freehold,Resale,Ready to Move,84,7616,1,1,0,Low
Eastend Park,2,500,4,2,Unknown,Unknown,Resale,Ready to Move,28.5,3878,0,0,0,Low
Konnagar,2,630,5,2,East,Freehold,Resale,Ready to Move,31.5,5000,1,0,1,Low
Kolkata,2,784,2,2,South,Freehold,Resale,Ready to Move,39,4974,0,0,0,Low
Kalikapur Haltu,2,806,3,2,Unknown,Unknown,Resale,Ready to Move,40,4963,0,0,0,Low
Madhya Jhorehat,2,450,2,1,East,Unknown,Resale,Unknown,14.3,3178,0,0,0,Low
Joka,2,514,1,2,East,Freehold,Resale,Ready to Move,48,5875,1,0,1,Low
Kolkata,2,886,4,2,Unknown,Unknown,Resale,Ready to Move,30,3386,0,0,0,Low
Bhowanipore,3,1650,1,3,South,Freehold,Resale,Ready to Move,175,8838,0,1,0,Mid
Kolkata,2,730,4,2,Unknown,Unknown,Resale,Ready to Move,33,4125,0,0,0,Low
Kolkata,3,1260,3,2,Unknown,Unknown,Resale,Ready to Move,100,7692,0,0,0,Low
Garfa,2,650,4,2,South - East,Freehold,Resale,Ready to Move,40,5000,0,1,0,Low
Bansdroni,2,900,3,2,Unknown,Unknown,Resale,Ready to Move,45,4639,0,0,0,Low
Purba Barisha,2,870,4,2,South - East,Freehold,Resale,Ready to Move,42.5,4885,0,0,0,Low
Daksh,2,677,19,2,Unknown,Unknown,Resale,Unknown,55,6471,1,0,1,Low
Uttarpara Ch,2,960,2,2,South,Freehold,Resale,Ready to Move,35,3070,0,1,0,Low
Chetla,2,750,3,2,East,Freehold,Resale,Ready to Move,72,7579,0,1,0,Low
New Town,2,800,2,2,South -West,Freehold,Resale,Ready to Move,56,7000,1,1,1,Low
Ballygunge,3,1110,4,3,Unknown,Freehold,Resale,Ready to Move,200,12422,1,1,0,Mid
Sonarpur,1,400,1,1,Unknown,Unknown,New Property,Ready to Move,12,2400,0,0,0,Low
Tollygunge,3,831,4,2,Unknown,Unknown,Resale,Ready to Move,130,10317,0,0,0,Low
New Alipore,3,1875,14,3,Unknown,Freehold,Resale,Ready to Move,180,9600,0,0,1,Mid
Dr GS Bose Road,3,960,1,2,East,Unknown,Resale,Ready to Move,40,4167,0,0,0,Low
Rajarhat,2,903,5,2,Unknown,Unknown,Resale,Ready to Move,65,7198,0,0,0,Low
Kolkata,1,350,3,1,Unknown,Unknown,Resale,Ready to Move,11,3143,0,0,0,Low
New Alipore,3,1760,4,3,South,Leasehold,Resale,Ready to Move,280,13572,0,1,0,Mid
Joka,3,734,2,2,South - East,Freehold,New Property,Ready to Move,85,6996,1,0,0,Low
Bansdroni,2,909,3,2,Unknown,Unknown,Resale,Unknown,45,4950,0,0,0,Low
Howrah,3,694,1,2,East,Freehold,Resale,Ready to Move,35,5043,0,1,0,Low
Tegharia Baguiati,3,950,4,2,South - East,Freehold,Resale,Ready to Move,65,5471,1,0,0,Low
Hainavi,3,609,4,2,East,Freehold,Resale,Ready to Move,32,3426,1,1,1,Low
Salap,2,1116,13,2,Unknown,Unknown,Resale,Ready to Move,75,6720,0,0,0,Low
Beleghata,3,1620,5,2,South - East,Freehold,Resale,Ready to Move,135,8333,1,0,0,Low
Lake Town,3,850,1,2,South - East,Freehold,Resale,Ready to Move,50,4587,1,0,0,Low
Ganguly Bagan,2,700,3,2,South,Freehold,Resale,Ready to Move,42,4941,0,0,0,Low
Malancha Mahi Nagar,2,910,2,2,Unknown,Unknown,Resale,Ready to Move,96,10549,0,0,0,Low
Kamalgazi,3,1200,1,2,East,Freehold,Resale,Ready to Move,75,4688,1,1,0,Low
Paschim Putiary,2,1000,1,2,Unknown,Unknown,Resale,Ready to Move,50,5000,0,0,0,Low
Rajarhat Ma,2,645,4,2,West,Freehold,New Property,Ready to Move,68,7158,1,1,1,Low
New Town,2,650,3,2,South - East,Co-operative Society,Resale,Ready to Move,65,7647,1,1,0,Low
Kumarkhali,3,1360,3,3,Unknown,Freehold,Resale,Ready to Move,180,10187,1,0,0,Mid
Maheshtala,2,583,12,2,South,Unknown,Resale,Ready to Move,30,3891,0,0,0,Low
Barasat,2,750,3,2,North - East,Freehold,Resale,Ready to Move,40,4000,0,1,0,Low
Rajarhat,3,1141,1,3,North - East,Freehold,Resale,Ready to Move,120,7576,0,1,0,Low
Barasat,4,1700,0,3,Unknown,Unknown,Resale,Ready to Move,90,5294,0,0,0,Low
Maheshtala,3,1261,9,2,North - East,Freehold,Resale,Ready to Move,60,4758,1,1,1,Low
Haltu,2,800,1,2,East,Unknown,Resale,Ready to Move,61,6354,0,1,0,Low
Rajarhat,3,1455,8,2,North - East,Freehold,Resale,Ready to Move,105,7216,1,0,0,Low
Airport Area,3,900,2,2,East,Freehold,Resale,Ready to Move,75,6250,0,1,0,Low
Shyam Nagar Road,3,1000,2,2,East,Freehold,Resale,Ready to Move,40,4000,0,0,0,Low
Block B Lake Town,2,1150,1,2,North,Freehold,Resale,Ready to Move,55,4314,0,0,0,Low
Muchipara,3,1260,3,2,Unknown,Unknown,Resale,Ready to Move,35,2778,0,0,0,Low
Salt Lake City,2,1800,0,3,Unknown,Unknown,Resale,Ready to Move,160,8889,0,0,0,Mid
Santoshpur,1,450,1,2,Unknown,Freehold,Resale,Ready to Move,17,3542,0,0,0,Low
Regent Estate,3,900,2,2,South - East,Freehold,Resale,Ready to Move,70,6667,0,1,0,Low
Mukundapur,3,1000,3,2,North - West,Unknown,Resale,Ready to Move,70,5573,1,1,1,Low
Manohar Pukur Road,4,2000,3,4,Unknown,Unknown,Resale,Ready to Move,375,15625,0,0,0,Mid
Rajarhat,2,785,2,2,Unknown,Unknown,Resale,Ready to Move,66,8408,0,0,0,Low
Tangra,2,990,9,2,Unknown,Unknown,Resale,Ready to Move,100,9174,0,0,0,Low
Alipore,2,1400,3,3,South -West,Freehold,Resale,Ready to Move,250,14706,1,0,0,Mid
Alambazar,2,980,4,2,South -West,Power Of Attorney,Resale,Ready to Move,40,4082,0,1,0,Low
Rajpur,2,967,2,2,Unknown,Unknown,Resale,Ready to Move,42,4343,0,0,0,Low
Baruipur,2,995,9,2,Unknown,Unknown,Resale,Ready to Move,56,5628,0,0,0,Low
Rajarhat Ma,2,878,1,2,Unknown,Freehold,Resale,Ready to Move,65,7403,0,1,0,Low
Tollygunge,1,700,3,1,South - East,Freehold,Resale,Ready to Move,37,5286,1,1,0,Low
Sonarpur Station Road,2,750,3,2,North,Co-operative Society,Resale,Ready to Move,50,5291,1,0,0,Low
Behala Chowrasta,2,640,1,2,South,Freehold,Resale,Ready to Move,40,5000,0,0,0,Low
Agarpara,2,700,5,2,North - West,Freehold,Resale,Ready to Move,19.5,2308,0,1,0,Low
Dum Dum,2,550,3,1,South - East,Freehold,Resale,Ready to Move,30,4615,0,0,0,Low
Kolkata,2,1300,2,2,Unknown,Unknown,Resale,Ready to Move,55,4231,0,0,0,Low
Kolkata,2,600,4,2,East,Freehold,Resale,Ready to Move,22,3216,0,1,0,Low
Purbasa,2,600,4,2,East,Freehold,Resale,Ready to Move,30,4286,0,0,0,Low
Salua,3,950,3,2,South -West,Freehold,Resale,Ready to Move,46,4406,0,0,0,Low
Behala Thana,3,1319,2,2,South,Freehold,Resale,Ready to Move,69,5231,0,0,0,Low
Joramondir Road,2,850,4,1,North - West,Freehold,Resale,Ready to Move,15,1764.70588235294,0,1,0,Low
Behala Industrial Estate,1,650,0,1,East,Freehold,Resale,Ready to Move,25,5000,0,1,0,Low
Kolkata,2,730,3,2,Unknown,Unknown,Unknown,Ready to Move,32,4383.56164383562,0,0,0,Low
Howrah,3,1460,8,2,Unknown,Unknown,Resale,Ready to Move,130,8904,1,1,1,Low
Ambagan,2,650,3,2,South -West,Freehold,Resale,Ready to Move,25,2941,0,1,0,Low
Purba Barisha,2,696,1,2,South - East,Freehold,New Property,Ready to Move,32,3678,0,1,0,Low
Mukundapur,3,700,3,2,East,Freehold,Resale,Ready to Move,82,6529,1,0,0,Low
Mukundapur,2,650,3,1,Unknown,Freehold,Resale,Ready to Move,42,5753,0,0,0,Low
Rishra,2,585,3,1,Unknown,Unknown,Resale,Ready to Move,17,2906,0,0,0,Low
Kolkata,2,650,1,2,North,Freehold,Resale,Ready to Move,35,4375,0,0,0,Low
Motilal Nehru Road,4,1050,1,3,North - West,Freehold,Resale,Ready to Move,185,13083,0,1,0,Mid
Khardaha,3,810,1,2,East,Freehold,Resale,Ready to Move,45,4327,0,1,0,Low
Kasba,4,2000,3,4,Unknown,Freehold,Resale,Ready to Move,100,5000,0,0,0,Low
Ballygunge,4,1500,4,3,Unknown,Freehold,Resale,Ready to Move,329,16734,1,1,0,Mid
Kolkata,2,700,2,2,South -West,Freehold,Resale,Ready to Move,22,2785,0,0,0,Low
Batanagar,2,712,6,2,South,Freehold,Resale,Ready to Move,35,4916,0,0,0,Low
Haltu,3,2400,1,2,South - East,Freehold,Resale,Ready to Move,125,7576,0,1,0,Low
Belghoria,2,850,3,2,Unknown,Freehold,New Property,Ready to Move,42,4138,1,1,0,Low
Kolkata,2,700,4,2,Unknown,Unknown,Resale,Ready to Move,28,3784,0,0,0,Low
Behala,2,827,2,2,Unknown,Unknown,Resale,Ready to Move,45,5441,0,0,0,Low
Vip Road,3,1380,3,2,East,Freehold,Resale,Ready to Move,110,7971,0,0,0,Low
Gulshan Colony,2,475,2,1,Unknown,Freehold,Resale,Ready to Move,13,2490,0,0,0,Low
Tollygunge,2,910,5,2,Unknown,Unknown,Resale,Ready to Move,124,10000,0,0,0,Low
New Alipore,2,880,2,2,North - East,Unknown,Resale,Ready to Move,64.6,7341,0,0,0,Low
Noapara,2,600,1,2,Unknown,Freehold,Resale,Ready to Move,35,5833.33333333333,0,0,0,Low
Kalipark,2,762,4,2,Unknown,Unknown,Resale,Ready to Move,49,6430,0,0,0,Low
Rajarhat,3,1350,3,2,Unknown,Unknown,Resale,Ready to Move,40.5,3000,0,0,0,Low
Kolkata,2,820,3,2,Unknown,Unknown,Resale,Ready to Move,41,5000,0,0,0,Low
Regent Estate,2,755,1,2,East,Freehold,Resale,Ready to Move,45,5960,0,1,0,Low
Kolkata,3,1585,2,3,Unknown,Unknown,Resale,Ready to Move,125,5952,0,0,0,Low
Nayabad,3,1074,3,2,North - East,Freehold,Resale,Ready to Move,53,3701,0,1,0,Low
Raghunathpur,3,1000,6,2,South - East,Freehold,Resale,Ready to Move,70,5691,1,1,0,Low
Tollygunge,2,935,12,2,Unknown,Freehold,Resale,Ready to Move,95,10160.4278074866,0,0,0,Low
Kolkata,3,895,4,2,South,Freehold,Resale,Unknown,90,10055.8659217877,1,1,1,Low
Kolkata,4,1600,4,4,Unknown,Unknown,Resale,Ready to Move,285,13902,0,0,0,Mid
Sahanagar,4,1530,2,3,East,Freehold,Resale,Ready to Move,203,11941,0,1,0,Mid
Joka,2,960,1,2,East,Freehold,Resale,Ready to Move,25,2604,0,0,1,Low
Thakurpukur,2,920,1,2,Unknown,Unknown,Resale,Ready to Move,36,3913,0,0,0,Low
Ultadanga,2,900,5,2,East,Freehold,Resale,Ready to Move,120,11429,1,1,1,Low
Naktala,1,450,4,1,North,Freehold,Resale,Ready to Move,20,4000,0,1,0,Low
Dum Dum,2,825,4,1,Unknown,Unknown,Resale,Ready to Move,30,3636,0,0,0,Low
Behala,2,709,4,2,North - West,Unknown,Resale,Ready to Move,37,5211,0,0,0,Low
Ganga Nagar Mukundapur,2,750,3,2,South -West,Leasehold,Resale,Ready to Move,22.5,3000,0,0,0,Low
International Airport,2,700,1,2,East,Freehold,New Property,Ready to Move,32.8,5290,0,1,0,Low
Andul,2,630,4,2,East,Freehold,Resale,Ready to Move,19.8,3135,0,1,0,Low
Andul Road,4,1993,6,3,South - East,Freehold,Resale,Ready to Move,350,14051,0,1,0,Mid
Joka,1,270,1,1,Unknown,Unknown,Resale,Ready to Move,13,3869,0,0,0,Low
Rajarhat,2,1121,6,2,Unknown,Unknown,Resale,Ready to Move,72,6423,0,0,0,Low
Sarat Ghosh Garden Road,2,850,2,2,Unknown,Unknown,Resale,Ready to Move,70,6364,0,0,0,Low
Postal Park,2,685,1,2,South - East,Freehold,Resale,Ready to Move,28,3419,0,1,0,Low
Vip Road,2,636,3,2,South - East,Co-operative Society,Resale,Unknown,32.5,5110,1,0,0,Low
Kolkata,3,1375,3,2,Unknown,Unknown,Resale,Ready to Move,110,7333,0,0,0,Low
Kolkata,3,1495,3,2,South,Freehold,Resale,Ready to Move,110,7358,0,0,0,Low
New Town,3,808,4,2,Unknown,Freehold,Resale,Ready to Move,92.5,7570,0,0,0,Low
Shibpur,2,675,7,1,South,Freehold,Resale,Ready to Move,35,5185,0,0,0,Low
Kolkata,4,1650,13,5,South - East,Freehold,Resale,Ready to Move,251,12149,0,1,0,Mid
Bijoygarh,2,632,1,1,Unknown,Unknown,Resale,Ready to Move,27,4272,0,0,0,Low
Canal South Road,4,2554,5,3,Unknown,Freehold,Resale,Ready to Move,275,10767,1,0,1,Mid
Golaghata,3,1520,2,3,Unknown,Freehold,Resale,Unknown,89,5855,0,0,0,Low
Ballygunge,3,2400,1,3,North,Co-operative Society,Resale,Ready to Move,280,11667,1,1,0,Mid
Prafulla Kanan,2,675,0,2,South - East,Freehold,Resale,Ready to Move,40,5333,0,1,0,Low
Garia Station Road,2,715,3,2,Unknown,Unknown,Resale,Ready to Move,34,4755,0,0,0,Low
New Town,4,4199,23,4,Unknown,Unknown,Resale,Ready to Move,285,6787,1,1,0,Mid
Krishnapur Kestopur,2,918,0,2,South - East,Freehold,Resale,Ready to Move,37,4031,1,0,0,Low
New Town,3,1550,25,2,Unknown,Unknown,Resale,Ready to Move,150,9677,1,1,0,Low
Gariahat Road,3,1100,1,2,South - East,Co-operative Society,Resale,Ready to Move,150,11364,0,1,0,Low
Kolkata,2,850,2,2,North - West,Unknown,Resale,Ready to Move,32,3764.70588235294,1,1,0,Low
New Town,2,889,5,2,South,Freehold,Resale,Ready to Move,65,7312,1,0,1,Low
Sakher Bazar,2,900,1,2,Unknown,Unknown,Resale,Ready to Move,45,5000,0,0,0,Low
Rajarhat,2,660,3,2,Unknown,Unknown,Resale,Ready to Move,33,5000,0,0,0,Low
Kolkata,2,650,1,1,Unknown,Unknown,Resale,Ready to Move,32,4923,0,0,0,Low
Rahara,2,770,3,2,North - East,Freehold,Resale,Ready to Move,20,2427,0,1,0,Low
Vedic Village,4,2600,4,4,East,Freehold,Resale,Ready to Move,100,3299,1,1,1,Low
Joka,3,1005,3,2,South - East,Freehold,Resale,Ready to Move,58,4723,0,1,0,Low
Eastern Metropolitan Bypass,2,917,18,2,Unknown,Freehold,Resale,Ready to Move,150,16358,0,1,0,Low
Rajarhat,3,1000,3,2,North,Unknown,Resale,Ready to Move,40,3226,0,1,0,Low
Netaji Nagar,2,875,4,2,Unknown,Freehold,Resale,Ready to Move,50,5714.28571428571,0,0,0,Low
Sector 5 Salt Lake City,4,2590,18,3,Unknown,Unknown,Resale,Ready to Move,417,16100,0,0,0,High
Nayabad,2,592,3,2,East,Freehold,Resale,Ready to Move,34,4595,0,1,1,Low
Sreebhumi,2,831,2,1,South - East,Freehold,Resale,Ready to Move,26.5,3189,0,0,0,Low
Basirhat,2,950,4,2,Unknown,Unknown,Resale,Ready to Move,16,1684,0,0,0,Low
Howrah 1,2,803,1,2,East,Co-operative Society,Resale,Ready to Move,56,6974,0,1,0,Low
Madhyamgram,3,1044,5,2,South - East,Freehold,Resale,Ready to Move,65,4981,1,0,1,Low
Kolkata,2,686,1,2,Unknown,Unknown,Resale,Ready to Move,28,4082,0,0,0,Low
Rash Behari Avenue,3,2745,5,2,Unknown,Unknown,Resale,Ready to Move,240,8743,0,0,0,Mid
Bally Khal,2,1302,3,2,South - East,Freehold,Resale,Ready to Move,42,3226,0,1,0,Low
Bramhapur,2,823,2,2,South,Freehold,Resale,Ready to Move,29.1,3536,1,0,0,Low
Acharya Prafulla Chandra Road,3,1437,3,3,South - East,Freehold,Resale,Ready to Move,215,11971,0,1,0,Mid
Beck Bagan,3,1200,1,2,South,Freehold,New Property,Ready to Move,125,7812,0,1,0,Low
Kolkata,3,1063,3,2,North,Freehold,Resale,Ready to Move,40,3763,0,0,0,Low
Barasat,2,650,1,2,South,Freehold,Resale,Ready to Move,18,2857,1,1,1,Low
Haridevpur,2,830,3,2,Unknown,Unknown,Resale,Ready to Move,30,3614.4578313253,0,0,0,Low
Ashok Nagar,2,650,3,1,East,Freehold,Resale,Ready to Move,30,4615.38461538462,0,1,0,Low
Kestopur,3,1050,3,2,East,Unknown,Resale,Ready to Move,60,4800,0,0,0,Low
Dum Dum,3,825,3,2,North - East,Freehold,Resale,Ready to Move,35,3608,0,1,0,Low
Barasat,1,396,2,1,South,Freehold,Resale,Ready to Move,10,2525.25252525253,0,0,0,Low
CIT Road,2,1050,5,2,Unknown,Unknown,Resale,Ready to Move,126,12000,0,0,0,Low
Netaji Subhas Road,2,902,4,2,East,Freehold,Resale,Ready to Move,43,4767,0,0,0,Low
Thakurpukur,2,750,5,2,South - East,Co-operative Society,Resale,Ready to Move,30,3750,0,0,0,Low
Taratala,3,1450,7,2,South - East,Freehold,Resale,Ready to Move,140,7726,1,1,0,Low
Sector 5 Salt Lake City,3,1505,19,3,South -West,Freehold,Resale,Ready to Move,165,10963,0,0,0,Mid
Kolkata,2,740,4,2,Unknown,Unknown,Resale,Ready to Move,30,4054,0,0,0,Low
Madhyamgram,2,848,8,2,North - West,Freehold,Resale,Ready to Move,56,6604,1,0,1,Low
Joka,2,773,7,2,North - East,Freehold,Resale,Ready to Move,35,4528,1,1,0,Low
Satpukur,2,775,4,2,South,Freehold,Resale,Ready to Move,51,5263,0,0,0,Low
Maheshtala,2,447,9,2,Unknown,Unknown,Resale,Ready to Move,25,3511,0,0,0,Low
Barisha,3,900,1,2,North,Freehold,Resale,Ready to Move,62,5086,0,0,0,Low
New Town,3,2286,0,4,South - East,Freehold,Resale,Ready to Move,250,8747,0,1,0,Mid
Ruby Hospital Area,3,2914,28,3,Unknown,Leasehold,Resale,Unknown,450,15443,0,1,0,High
Gariahat,3,1700,1,2,Unknown,Freehold,Resale,Ready to Move,185,10882,0,1,0,Mid
Maheshtala,2,580,9,2,North,Freehold,Resale,Ready to Move,19,2669,1,1,1,Low
Garcha Road,3,2130,1,3,Unknown,Unknown,Resale,Ready to Move,195,9155,0,0,0,Mid
Kolkata,2,834,4,2,South - East,Freehold,Resale,Ready to Move,32,3351,0,0,0,Low
Howrah,2,792,3,2,East,Freehold,Resale,Ready to Move,28,3302,1,1,0,Low
Rajarhat,3,1270,17,2,East,Freehold,Resale,Ready to Move,120,9449,0,1,0,Low
Shyamnagar,3,1380,6,2,South,Freehold,Resale,Ready to Move,65,4710,0,1,0,Low
Baghajat,2,450,3,2,Unknown,Unknown,Resale,Unknown,24.6,5465,0,0,0,Low
Kaikhali Ma,2,850,7,2,North,Power Of Attorney,New Property,Ready to Move,50,4545,1,1,1,Low
Maheshtala,2,850,0,1,West,Freehold,Resale,Ready to Move,22.2,2612,0,0,0,Low
Ramgarh Colony,2,500,0,1,Unknown,Unknown,Resale,Ready to Move,19,3800,0,0,0,Low
Jodhpur Park,3,1000,4,2,South,Freehold,Resale,Ready to Move,152,11301,1,1,0,Mid
Ganguly Bagan,3,1000,4,2,South,Freehold,Resale,Ready to Move,85,5667,0,1,0,Low
East Belgharia,2,480,3,1,North - East,Freehold,Resale,Ready to Move,19,2923,0,1,0,Low
Bramhapur,3,1100,2,3,Unknown,Unknown,Resale,Ready to Move,32,2909,0,0,0,Low
Mukundapur,3,1255,4,2,East,Freehold,Resale,Ready to Move,105,5853,1,0,1,Low
Dum Dum,2,980,5,2,Unknown,Unknown,Resale,Ready to Move,65,6633,0,0,0,Low
Kolkata,3,1152,1,2,Unknown,Unknown,Resale,Ready to Move,65,5642,0,0,0,Low
Satgachi,3,850,4,2,South,Freehold,Resale,Ready to Move,55,5140,0,0,0,Low
Gostatala New Scheme Road,2,580,1,2,South,Freehold,Resale,Ready to Move,22,3099,0,1,0,Low
Rajarhat,2,1236,3,2,Unknown,Unknown,Resale,Ready to Move,60,4854,0,0,0,Low
H B Town,2,750,2,2,Unknown,Unknown,Resale,Ready to Move,20.5,2733,0,0,0,Low
Badu Road,2,800,1,2,North,Freehold,Resale,Ready to Move,55,6194,1,1,1,Low
Chanditala,2,675,5,2,East,Freehold,New Property,Ready to Move,130,12037,0,1,0,Low
Narendrapur Rajpur Sonarpur,3,897,3,2,East,Freehold,Resale,Ready to Move,49,4094,1,0,0,Low
Hast,3,1050,2,2,South - East,Freehold,Resale,Ready to Move,140,10769,0,1,0,Low
New Town,3,1950,10,2,Unknown,Unknown,Resale,Ready to Move,225,11538,0,0,0,Mid
Shree Bhumi,1,512,3,1,South - East,Freehold,Resale,Ready to Move,28.2,5512,0,1,0,Low
Khardaha,2,656,11,2,South - East,Freehold,Resale,Ready to Move,42,5122,1,0,0,Low
Maheshtala,2,712,0,2,Unknown,Unknown,Resale,Ready to Move,27.4,3848,0,0,0,Low
Kolkata,3,1150,5,3,Unknown,Unknown,Resale,Ready to Move,85,7391.30434782609,0,0,0,Low
Lake View Road,1,600,5,2,Unknown,Unknown,Resale,Ready to Move,85,14167,0,0,0,Low
Moor Avenue,2,600,0,2,North - East,Freehold,Resale,Ready to Move,27.5,4231,0,0,0,Low
New Town,3,1237,4,2,North,Freehold,Resale,Ready to Move,85,6871,1,0,0,Low
Rab,2,916,4,2,North - East,Freehold,Resale,Ready to Move,46,5022,1,0,0,Low
Baguiati,2,1250,4,2,Unknown,Freehold,Resale,Ready to Move,39.5,2926,0,1,0,Low
Basanta Lal Saha Road,3,1250,4,2,North,Freehold,Resale,Ready to Move,160,9846,0,1,0,Mid
Shobhabazar,4,2880,1,2,Unknown,Freehold,Resale,Ready to Move,185,6146,0,1,0,Mid
Tollygunge Phari,2,910,1,2,South - East,Freehold,Resale,Ready to Move,60,6593,0,1,0,Low
Baguiati,2,870,2,2,South - East,Freehold,Resale,Ready to Move,52,5977,0,1,0,Low
Noapara,3,1334,3,2,South - East,Freehold,Resale,Ready to Move,76,5697,0,1,1,Low
Rab,3,1200,1,2,East,Freehold,Resale,Ready to Move,36,2748,0,1,0,Low
Kasba,4,1350,2,3,Unknown,Unknown,Resale,Ready to Move,80,5333,0,0,0,Low
Chiriamore,3,1159,5,2,Unknown,Unknown,Resale,Ready to Move,55,4745,0,0,0,Low
Dum Dum Road,2,650,3,1,North - East,Freehold,Resale,Ready to Move,32.6,4000,0,0,0,Low
Joka,3,1128,9,2,South,Freehold,Resale,Ready to Move,87,7713,1,0,1,Low
Kolkata,3,1100,3,2,Unknown,Unknown,Resale,Ready to Move,110,8059,0,0,0,Low
Kolkata,2,700,,2,Unknown,Unknown,Resale,Ready to Move,18.5,2643,0,0,0,Low
Adarsha Pally Netaji Nagar,1,565,0,1,East,Freehold,Resale,Ready to Move,26,4602,0,1,0,Low
Barasat,2,868,0,2,South,Freehold,Resale,Ready to Move,35,4032,0,1,0,Low
Kolkata,2,450,4,1,Unknown,Freehold,Resale,Ready to Move,18,3600,0,0,0,Low
New Town,3,1328,2,3,South - East,Power Of Attorney,Resale,Ready to Move,140,8065,0,0,0,Low
Maheshtala,3,1261,10,2,North - East,Freehold,Resale,Ready to Move,36,2855,1,1,1,Low
Kolkata,2,960,2,2,Unknown,Unknown,Resale,Ready to Move,35,3646,0,0,0,Low
Kolkata,2,650,3,1,South -West,Unknown,Resale,Ready to Move,14,2154,0,0,1,Low
Lake Gardens,3,1454,1,3,Unknown,Unknown,Resale,Unknown,135,9285,0,0,0,Low
Madurdaha,3,936,3,1,North - East,Freehold,Resale,Unknown,50,4006,0,1,0,Low
Azadgarh,2,800,3,2,Unknown,Unknown,Resale,Ready to Move,35,3763,0,1,0,Low
Santoshpur,3,906,2,2,West,Freehold,Resale,Ready to Move,45,4967,0,0,0,Low
Kolkata,2,250,3,1,North - East,Leasehold,Resale,Ready to Move,19.5,6290,0,1,0,Low
Kolkata,2,780,3,2,Unknown,Unknown,Resale,Ready to Move,32,4103,0,0,0,Low
Maheshtala,2,712,6,2,South - East,Freehold,Resale,Ready to Move,27.5,3862,1,0,0,Low
Sirity,2,900,3,2,South - East,Co-operative Society,Resale,Ready to Move,51,4080,1,1,0,Low
Sodepur,4,1590,0,2,North - East,Freehold,Resale,Ready to Move,40,2353,0,1,0,Low
Netaji Subhash Chandra Bose Road,2,750,1,2,North - East,Freehold,Resale,Ready to Move,50,5000,0,1,0,Low
Bhangar Raghunathpur,4,1832,4,3,East,Co-operative Society,Resale,Ready to Move,85,4640,0,0,0,Low
Tollygunge Phari,3,1220,5,2,South,Freehold,Resale,Ready to Move,130,8880,0,0,1,Low
Kolkata,2,716,1,1,Unknown,Unknown,Resale,Ready to Move,30,3352,0,0,0,Low
Mukundapur,4,1187,2,2,South - East,Freehold,New Property,Unknown,88,6124,1,0,1,Low
Kolkata,3,2200,2,3,East,Freehold,Resale,Ready to Move,400,16000,0,0,0,Mid
Dum Dum,3,989,2,2,South -West,Freehold,Resale,Ready to Move,92,7461,0,1,0,Low
Narendrapur Rajpur Sonarpur,3,936,3,2,South - East,Co-operative Society,Resale,Ready to Move,41,4380,1,0,0,Low
Kamalgazi,2,931,2,2,North - East,Freehold,Resale,Ready to Move,80,8593,0,0,0,Low
Baruipur,1,435,3,1,East,Freehold,Resale,Ready to Move,22,5057,1,0,1,Low
Mukundapur,4,1794,4,3,East,Freehold,Resale,Ready to Move,150,8361,0,0,0,Low
Thakurpukur,2,817,3,1,North - East,Freehold,Resale,Ready to Move,29,3550,0,1,0,Low
Dhakuria,2,1200,1,2,Unknown,Unknown,Resale,Ready to Move,72,6000,0,0,0,Low
Kolkata,1,409,4,1,Unknown,Freehold,Resale,Ready to Move,18,4401,1,1,1,Low
Eastern Metropolitan Bypass,2,834,6,2,Unknown,Unknown,Resale,Ready to Move,95,11391,0,0,0,Low
Madhyamgram,2,680,2,2,East,Freehold,Resale,Ready to Move,29,3318,1,0,1,Low
Picnic Garden Road,2,592,3,1,East,Freehold,New Property,Ready to Move,35,5912,0,1,0,Low
Kolkata,2,550,3,2,North,Freehold,Resale,Ready to Move,35,4487,0,1,0,Low
Barrackpore Trunk Road,4,1950,18,3,Unknown,Unknown,Resale,Ready to Move,200,10256,0,0,0,Mid
Kolkata,2,850,1,2,Unknown,Unknown,Resale,Ready to Move,40,4705.88235294118,0,0,0,Low
Lake Town,3,1800,4,2,Unknown,Unknown,Resale,Ready to Move,120,6667,0,0,0,Low
Bhangar,1,360,3,1,Unknown,Unknown,Resale,Ready to Move,15,3326,0,0,0,Low
Dum Dum,2,720,3,2,South -West,Freehold,New Property,Ready to Move,36,3681,0,0,0,Low
Kanchrapara Loco,3,840,2,2,South -West,Unknown,Resale,Ready to Move,32.5,3095,0,0,0,Low
Ashok Nagar,3,1550,1,2,East,Freehold,Resale,Ready to Move,140,7527,1,0,0,Low
Purba Putiary,2,457,3,2,North,Freehold,Resale,Ready to Move,30,4918,1,0,0,Low
Italgacha Road,3,900,4,2,Unknown,Unknown,Resale,Ready to Move,50,4525,0,0,0,Low
Narendrapur Rajpur Sonarpur,2,1015,8,2,South -West,Freehold,Resale,Ready to Move,68,6700,1,0,0,Low
SN Roy Road,3,1650,11,3,Unknown,Unknown,Resale,Ready to Move,130,7879,0,0,0,Low
Bowbazar,3,950,2,2,East,Freehold,Resale,Ready to Move,170,14131,0,1,0,Mid
Mukundapur,2,776,3,2,South -West,Freehold,Resale,Ready to Move,45,5799,0,0,0,Low
Natunpara Baruipur,2,650,1,2,South - East,Freehold,Resale,Ready to Move,42.5,4707,0,1,0,Low
Manoharpukur,3,1056,1,2,West,Freehold,New Property,Ready to Move,128,9697,0,1,0,Low
Jessore Road,3,1480,1,2,Unknown,Unknown,Resale,Ready to Move,123,8311,1,0,1,Low
Duillya,2,735,3,2,South - East,Freehold,Resale,Ready to Move,21,2378,0,0,0,Low
Parnasree Palli,4,1500,2,3,Unknown,Unknown,Resale,Unknown,60,4000,0,0,0,Low
Sodepur,2,708,4,2,North - West,Freehold,Resale,Ready to Move,45,5085,0,1,0,Low
Jatragachhi,2,864,10,2,South,Freehold,New Property,Ready to Move,90,8333,1,1,1,Low
Kolkata,3,1250,3,3,Unknown,Co-operative Society,Resale,Ready to Move,110,8800,1,0,1,Low
Rajarhat,2,1105,5,2,West,Freehold,Resale,Ready to Move,110,9955,1,1,1,Low
Mourigram,1,600,2,1,North,Freehold,Resale,Ready to Move,18,2400,0,1,0,Low
Maheshtala,3,2000,2,3,East,Freehold,Resale,Ready to Move,85,4250,1,1,0,Low
Park Circus,2,1200,1,3,East,Freehold,Resale,Ready to Move,150,12500,0,1,0,Low
Ballygunge,3,1630,3,3,East,Freehold,Resale,Ready to Move,225,11676,0,1,0,Mid
Kalikapur South 24 Parganas,1,1725,1,1,East,Freehold,Resale,Ready to Move,190,8261,1,1,0,Mid
Ballygunge Circular Road,2,950,2,2,South - East,Freehold,Resale,Ready to Move,140,12727,0,1,0,Low
Alipore,4,4316,3,5,South - East,Freehold,Resale,Ready to Move,1000,18536,1,1,1,High
Nayabad,2,767,2,1,Unknown,Freehold,Resale,Ready to Move,40,5215,0,0,1,Low
Kolkata,4,1400,1,2,Unknown,Unknown,Resale,Ready to Move,90,6429,0,0,0,Low
Raghunathpur,2,826,2,2,North,Freehold,Resale,Ready to Move,32,3874.09200968523,0,0,0,Low
Silpara,2,750,3,1,South,Freehold,Resale,Ready to Move,32,3765,0,1,0,Low
Maheshtala,3,1377,6,3,Unknown,Freehold,Resale,Ready to Move,45,3268,0,0,0,Low
Shree Bhumi,2,900,3,2,North - East,Freehold,Resale,Ready to Move,52,5778,0,1,0,Low
Joka,2,970,3,2,South - East,Leasehold,Resale,Ready to Move,25,2577,1,0,0,Low
Baranagar,1,450,1,1,East,Freehold,Resale,Ready to Move,14,3111,0,1,0,Low
Andul,3,1257,4,2,West,Freehold,Resale,Ready to Move,31.4,2500,1,0,0,Low
Bagmari,2,520,1,2,North,Leasehold,Resale,Unknown,30,4762,1,1,1,Low
Barrackpore,1,633,5,1,East,Freehold,Resale,Ready to Move,26,4107,0,1,1,Low
Ganguly Bagan,2,700,0,2,Unknown,Unknown,Resale,Ready to Move,45,5294,1,0,0,Low
Tollygunge,2,1116,2,2,West,Freehold,New Property,Unknown,85,7616,0,1,0,Low
Kolkata,2,650,3,2,Unknown,Unknown,Resale,Ready to Move,23,3075,0,0,0,Low
Nayabad,2,711,3,1,Unknown,Unknown,Resale,Ready to Move,30,4219,0,0,0,Low
Lake Town,2,1050,4,2,Unknown,Unknown,Resale,Ready to Move,40,3810,0,0,0,Low
Batanagar,3,1768,1,3,South,Freehold,Resale,Ready to Move,82,4638,0,0,0,Low
Barrackpore Trunk Road,2,885,4,2,Unknown,Freehold,Resale,Ready to Move,35,3955,0,1,0,Low
Rajarhat Ma,3,900,11,2,South -West,Freehold,Resale,Ready to Move,130,11818,0,0,0,Low
Naktala,2,750,4,2,North,Freehold,Resale,Ready to Move,40,4124,1,1,0,Low
South Dumdum,3,800,6,2,South,Unknown,Resale,Ready to Move,48,4615,0,0,0,Low
Joka,2,431,1,1,North,Freehold,Resale,Ready to Move,43,6143,0,0,0,Low
Dum Dum,2,915,3,2,Unknown,Unknown,Resale,Ready to Move,40,4372,0,0,0,Low
Garia Ma,3,1668,,2,Unknown,Unknown,Resale,Ready to Move,210,12590,0,0,0,Mid
New Alipore,3,1600,4,3,South - East,Freehold,Resale,Ready to Move,280,14000,0,1,0,Mid
Naskar Para Garfa,3,1000,3,2,North,Unknown,Resale,Ready to Move,45,4500,0,0,0,Low
Sector 5 Salt Lake City,2,904,2,2,South - East,Freehold,New Property,Ready to Move,98,10316,1,1,1,Low
Kolkata,2,1130,3,2,Unknown,Unknown,Resale,Ready to Move,115,10177,0,0,0,Low
Boral,3,1040,3,2,West,Freehold,Resale,Ready to Move,37,3558,0,0,0,Low
Ragunathpur Road,2,860,3,2,South,Freehold,Resale,Ready to Move,25,2907,0,0,0,Low
Eastern Metropolitan Bypass,2,1100,9,2,Unknown,Unknown,Resale,Ready to Move,100,9091,0,0,0,Low
Behala,2,875,4,2,East,Freehold,Resale,Unknown,27,2700,0,1,0,Low
Alipore,3,2375,1,3,Unknown,Unknown,Resale,Ready to Move,360,15158,0,0,0,Mid
Behala Chowrasta,2,400,1,1,East,Freehold,Resale,Ready to Move,22,5500,0,0,0,Low
Rajarhat Ma,3,1143,3,2,North - East,Unknown,Resale,Ready to Move,45,3937,1,0,0,Low
Howrah,2,672,1,2,East,Freehold,Resale,Ready to Move,23.5,3497,1,0,0,Low
Dunlop,3,1570,1,2,North,Freehold,Resale,Ready to Move,90,5732,1,1,0,Low
Kolkata,3,1417,3,2,Unknown,Freehold,New Property,Ready to Move,160,11291,1,0,0,Mid
Kolkata,2,1130,3,2,Unknown,Unknown,Resale,Ready to Move,80,7080,0,0,0,Low
Bramhapur,2,935,0,1,Unknown,Unknown,Resale,Ready to Move,22,2353,0,0,0,Low
New Town,3,1330,1,2,South - East,Freehold,Resale,Ready to Move,105,7023,1,1,0,Low
Bansdroni,2,750,,2,Unknown,Unknown,Resale,Unknown,37.5,5000,0,0,0,Low
Behala Colony Basti,2,650,1,1,Unknown,Unknown,Resale,Ready to Move,28,3889,0,0,0,Low
Joka,2,817,11,2,North - East,Freehold,Resale,Ready to Move,55,6732,1,0,0,Low
Garia,2,755,1,2,Unknown,Unknown,Resale,Ready to Move,31.5,4172,0,0,0,Low
Rajarhat,3,1300,1,2,Unknown,Unknown,New Property,Ready to Move,60,4615,0,0,0,Low
Chandannagar,1,600,2,1,East,Freehold,Resale,Ready to Move,20,3333,0,1,0,Low
Alipore,3,1834,5,4,South - East,Co-operative Society,Resale,Ready to Move,310,13525,0,1,0,Mid
Kolkata,2,590,2,2,South -West,Freehold,Resale,Ready to Move,46,5412,0,0,0,Low
New Town,2,570,5,2,North - West,Freehold,New Property,Ready to Move,59,6705,1,1,0,Low
Kolkata,2,915,2,2,Unknown,Unknown,Resale,Ready to Move,45,4918,0,0,0,Low
Kolkata,3,1100,2,2,South - East,Freehold,Resale,Ready to Move,38.5,3500,0,0,0,Low
Maheshtala,2,550,13,2,South - East,Leasehold,Resale,Ready to Move,34,4775,1,0,0,Low
Kolkata,3,875,2,2,East,Freehold,Resale,Ready to Move,25,2347,0,1,0,Low
Rajarhat,3,1000,4,2,Unknown,Unknown,Resale,Ready to Move,40,4000,0,0,0,Low
Rajarhat,3,1203,8,2,Unknown,Unknown,Resale,Ready to Move,89,7398,0,0,0,Low
Uttarpara Ch,3,1385,6,2,Unknown,Unknown,Resale,Ready to Move,82,5921,0,1,1,Low
Sahitya Parishad,2,608,3,2,North,Unknown,Resale,Unknown,72,7801,1,1,0,Low
Rajarhat,3,1400,2,2,South - East,Freehold,Resale,Ready to Move,60,4286,1,1,1,Low
Maheshtala,2,712,14,2,Unknown,Freehold,Resale,Ready to Move,27,3792,1,1,0,Low
Patuli,1,375,0,1,Unknown,Unknown,Resale,Ready to Move,19,5067,0,0,0,Low
Behala,2,645,1,1,Unknown,Unknown,Resale,Ready to Move,20,3101,0,0,0,Low
Mullick Fatak,2,770,4,2,South,Freehold,Resale,Ready to Move,36.5,4740,0,1,0,Low
Kolkata,3,958,1,2,North - East,Freehold,Resale,Ready to Move,85,8408,1,1,1,Low
Sakher Bazar,3,1560,3,3,Unknown,Freehold,Resale,Ready to Move,63,4038,0,1,0,Low
Rajpur,2,938,4,2,South -West,Freehold,Resale,Ready to Move,42,4478,1,0,0,Low
Boral Ma,2,650,4,1,North,Unknown,Resale,Ready to Move,27,3576,0,1,0,Low
Kolkata,2,470,1,1,North - East,Unknown,Resale,Ready to Move,19,3369,0,0,0,Low
Postal Park,2,700,1,2,North,Freehold,Resale,Ready to Move,38,3455,1,0,0,Low
Garia,2,800,1,2,North - East,Freehold,Resale,Unknown,35,3375,1,0,0,Low
Madhyamgram,3,1141,4,2,South,Freehold,New Property,Ready to Move,65,5697,1,0,1,Low
Behala Chowrasta,3,1611,1,2,Unknown,Unknown,Resale,Ready to Move,150,9311,0,0,0,Low
Belghoria,3,900,4,2,Unknown,Unknown,Resale,Ready to Move,35,2883,0,0,0,Low
Topsia Road,2,675,3,1,East,Freehold,Resale,Ready to Move,15.5,2296.2962962963,0,0,0,Low
Baishnabghata,2,902,3,2,South - East,Freehold,Resale,Ready to Move,45,4344,1,1,0,Low
Joka,2,1050,10,2,Unknown,Unknown,Resale,Ready to Move,55,5238,0,0,0,Low
Kolkata,1,450,4,1,Unknown,Unknown,Resale,Ready to Move,19.5,4333,0,0,0,Low
Patuli,2,735,4,1,Unknown,Unknown,Resale,Ready to Move,35,4762,0,0,0,Low
Rajarhat Ma,2,750,8,2,South -West,Co-operative Society,New Property,Ready to Move,54,5510,1,0,1,Low
Rajarhat,2,776,3,3,Unknown,Freehold,Resale,Ready to Move,60,7732,0,0,0,Low
Kolkata,3,1110,2,2,South,Freehold,Resale,Ready to Move,65,5856,0,0,0,Low
Kolkata,2,560,4,1,Unknown,Unknown,Resale,Ready to Move,30,4464,0,0,0,Low
Chetla,2,732,1,2,South - East,Co-operative Society,Resale,Ready to Move,53,5792,1,0,0,Low
Joka,2,950,3,2,South,Unknown,Resale,Ready to Move,45,4737,0,0,0,Low
Bakultala Behala,2,680,1,2,East,Freehold,Resale,Ready to Move,40,4614,0,0,0,Low
Phool Bagan Kankurgachi,4,3500,2,4,Unknown,Unknown,Resale,Ready to Move,300,8571,0,0,0,Mid
Kolkata,2,600,1,1,Unknown,Unknown,Resale,Ready to Move,26,3714,0,0,0,Low
Bablatala,3,1350,1,3,East,Freehold,Resale,Ready to Move,70,4516,1,0,0,Low
Lake Town,3,1728,5,2,Unknown,Unknown,Resale,Ready to Move,110,6366,0,0,0,Low
Kolkata,3,1000,0,2,Unknown,Unknown,Resale,Ready to Move,65,5155,0,0,0,Low
Khardaha,2,665,0,1,North,Unknown,Resale,Ready to Move,25,3759,0,0,0,Low
Kolkata,2,750,3,2,South,Freehold,Resale,Ready to Move,18,2400,0,0,0,Low
Garia,1,472,1,1,Unknown,Unknown,Resale,Ready to Move,19,4025,0,0,0,Low
Ranikuthi,3,2200,2,4,South - East,Unknown,Resale,Ready to Move,150,6818,0,1,0,Low
Kolkata,3,800,3,2,Unknown,Unknown,Resale,Ready to Move,24,3000,0,0,0,Low
Indrajit Pally,2,684,0,2,Unknown,Unknown,Resale,Ready to Move,45,6579,0,0,0,Low
Garia,2,750,1,2,Unknown,Freehold,Resale,Ready to Move,45,6000,0,1,0,Low
Selimpur,2,1090,4,2,South,Freehold,Resale,Ready to Move,95,8716,0,1,0,Low
Kolkata,2,500,1,1,Unknown,Unknown,Resale,Ready to Move,20,4000,0,0,0,Low
Durga Nagar,2,1200,6,2,West,Freehold,New Property,Ready to Move,85,8947,1,0,0,Low
Metropolitan Co Operative Hous,4,1700,3,4,Unknown,Unknown,Resale,Ready to Move,150,7389,0,0,0,Low
Madhyamgram,2,925,4,2,Unknown,Freehold,Resale,Ready to Move,60,6486,1,1,1,Low
Tollygunge Road,2,430,0,1,East,Leasehold,Resale,Ready to Move,35,7778,0,0,0,Low
Kasba,4,1762,1,2,South - East,Freehold,Resale,Ready to Move,141,8008,1,1,0,Low
Kolkata,3,1100,4,2,South - East,Co-operative Society,Resale,Ready to Move,85,6538,1,0,0,Low
Madhyamgram,2,1055,1,2,North,Freehold,New Property,Ready to Move,52,4929,1,0,0,Low
Kolkata,2,959,2,2,Unknown,Unknown,Resale,Ready to Move,202,15385,1,1,0,Mid
Southern Avenue,3,1358,1,3,South - East,Co-operative Society,Resale,Ready to Move,160,9423,0,1,0,Mid
Madhyamgram,2,618,1,2,Unknown,Unknown,Resale,Ready to Move,42,6796,0,0,0,Low
Kolkata,3,1180,3,2,Unknown,Unknown,Resale,Ready to Move,80,6780,0,0,0,Low
Kolkata,2,950,1,2,South,Freehold,Resale,Ready to Move,45,4737,0,0,0,Low
Picnic Garden Road,1,450,4,1,South - East,Freehold,Resale,Ready to Move,16.5,3056,0,1,0,Low
Kolkata,1,420,3,1,Unknown,Unknown,Resale,Ready to Move,18,3462,0,0,0,Low
Gobra,2,540,0,1,South,Leasehold,Resale,Ready to Move,25,4032,0,0,0,Low
Shibrampur,3,1084,8,2,South,Power Of Attorney,Resale,Ready to Move,52,4333,1,1,1,Low
Airport 2 Number Gate,2,660,3,1,Unknown,Unknown,Resale,Ready to Move,40,5464,0,0,0,Low
Anwar shah Road,3,1000,4,2,Unknown,Unknown,Resale,Ready to Move,135,10800,0,0,0,Low
Kestopur,3,1500,3,2,Unknown,Unknown,Resale,Ready to Move,50,3333,0,0,0,Low
Maheshtala,3,1524,11,3,South - East,Freehold,Resale,Ready to Move,51,3346,1,1,1,Low
Kolkata,2,742,4,2,Unknown,Unknown,Resale,Ready to Move,31,4177.89757412399,0,0,0,Low
Maheshtala,3,1790,5,3,Unknown,Unknown,Resale,Ready to Move,125,6983.24022346369,0,0,0,Low
Behala Chowrasta,2,650,1,2,West,Unknown,Resale,Ready to Move,32,4923.07692307692,0,1,0,Low
Narendrapur Rajpur Sonarpur,2,900,2,2,East,Freehold,Resale,Ready to Move,60,6667,1,1,1,Low
Shyamnagar,3,1300,1,2,Unknown,Freehold,Resale,Ready to Move,72,4800,0,0,0,Low
New Town,3,780,11,2,Unknown,Unknown,Resale,Ready to Move,115,14744,0,0,0,Low
Sodepur Paschim Putiary,2,680,1,2,South - East,Freehold,Resale,Ready to Move,22,2588,0,0,0,Low
James Long Sarani,3,1132,3,2,South - East,Freehold,Resale,Ready to Move,45,3975,0,0,0,Low
Rani Rashmoni Bagan,2,570,2,2,South - East,Freehold,Resale,Ready to Move,24,3509,0,0,0,Low
Garia Ma,2,740,1,2,East,Freehold,Resale,Ready to Move,28,3783.78378378378,0,0,0,Low
Bosepukur,1,455,3,1,Unknown,Unknown,Resale,Ready to Move,25,5495,0,1,1,Low
New Town,4,1720,3,3,South,Freehold,Resale,Ready to Move,106,6163,0,0,0,Low
Dum Dum Road,3,1200,5,2,Unknown,Freehold,Resale,Ready to Move,62,4627,0,1,0,Low
Kankurgachi,2,783,9,2,South,Freehold,Resale,Ready to Move,100,9930,1,0,1,Low
Rajarhat,3,930,6,2,South,Freehold,Resale,Ready to Move,125,9273,1,1,1,Low
Ballygunge Park,3,2085,3,3,South,Freehold,Resale,Ready to Move,260,12470,1,1,0,Mid
New Town,3,674,6,2,South,Freehold,Resale,Ready to Move,130,12104,1,0,1,Low
Anwar shah Road,4,3608,25,5,South,Freehold,Resale,Ready to Move,800,22173,1,1,0,High
New Town,4,1508,19,5,South,Freehold,Resale,Ready to Move,285,12599,1,1,1,Mid
Southern Bypass,2,915,12,2,South,Freehold,Resale,Ready to Move,55,6011,0,1,0,Low
Patuli,4,1454,12,3,East,Freehold,Resale,Ready to Move,145,9972,1,1,1,Low
Rajarhat,2,586,,2,South,Freehold,New Property,Unknown,67.1,11450.5119453925,0,1,0,Low
Rajarhat,3,1845,12,3,South,Freehold,Resale,Ready to Move,148,8022,1,0,0,Low
Rajarhat,3,782,9,3,South - East,Freehold,New Property,Unknown,96,7980,1,1,1,Low
Narendrapur Rajpur Sonarpur,2,680,2,2,East,Freehold,Resale,Ready to Move,42.5,5006,1,1,0,Low
Barrackpore Trunk Road,3,1300,,2,South - East,Freehold,New Property,Unknown,91,7000,1,1,1,Low
Rajpur Sonarpur,3,729,2,2,South,Freehold,New Property,Ready to Move,42.4,5815,0,1,0,Low
Bag Bazar Colony Manicktala,3,1700,7,3,South,Freehold,Resale,Ready to Move,210,10422,1,1,0,Mid
Anwar shah Road,3,2100,12,3,South -West,Freehold,Resale,Ready to Move,200,9523.80952380952,0,1,0,Mid
Rajarhat,3,1300,4,3,South - East,Freehold,Resale,Ready to Move,52,4000,1,1,0,Low
Tangra,3,1195,4,2,North,Freehold,New Property,Unknown,206,17238.4937238494,1,0,0,Mid
New Town,4,2581,15,3,South - East,Unknown,New Property,Unknown,345,13367,1,1,1,Mid
Tollygunge,3,1494,2,2,East,Freehold,Resale,Ready to Move,120,8032,1,0,0,Low
Kona Expressway,4,1250,1,4,South - East,Freehold,Resale,Ready to Move,85,5862,0,1,0,Low
New Town,2,780,14,1,North,Freehold,Resale,Ready to Move,135,11739,1,1,0,Low
Garia,3,1389,3,2,South - East,Freehold,Resale,Ready to Move,71,5112,1,1,1,Low
Joka,3,900,13,2,North - West,Freehold,Resale,Ready to Move,52,4235,0,1,0,Low
Hanspukur Joka,2,668,5,2,North - East,Freehold,Resale,Ready to Move,55,6173,1,1,1,Low
New Town,4,3029,11,4,South - East,Freehold,Resale,Ready to Move,570,18818.0917794652,0,0,0,High
New Alipore,2,800,8,2,South - East,Freehold,Resale,Ready to Move,58,6304,1,1,1,Low
Action Area 3,3,690,7,2,North,Freehold,Resale,Ready to Move,53,5882,1,1,0,Low
Rajarhat,3,720,7,2,South - East,Freehold,New Property,Unknown,66,8108,1,0,0,Low
Raja Subodh Chandra Mallick Road,3,1350,2,2,South - East,Freehold,Resale,Ready to Move,98,7259,0,1,0,Low
New Town,3,1089,19,3,North - West,Freehold,Resale,Ready to Move,135,8682,1,0,1,Low
New Town,4,1651,5,4,East,Freehold,Resale,Ready to Move,299,12537,1,1,0,Mid
Lake Town,2,665,2,2,North - East,Freehold,New Property,Ready to Move,59.9,6300,0,1,0,Low
Entally,3,1512,20,2,South,Freehold,New Property,Unknown,255,16865,1,1,0,Mid
Action Area 1,3,1578,1,3,East,Freehold,Resale,Ready to Move,101,6401,1,1,1,Low
Beleghata,3,1357,4,3,Unknown,Unknown,Resale,Ready to Move,120,8843,0,0,0,Low
Ajoy Nagar Santoshpur,3,1233,18,3,South - East,Freehold,Resale,Ready to Move,300,17889,0,1,0,Mid
Action Area 3,2,956,8,2,North - East,Freehold,New Property,Ready to Move,77,8054,1,0,0,Low
Kaikhali,3,1378,2,2,East,Freehold,New Property,Ready to Move,64.8,4700,0,1,0,Low
Action Area 3,2,956,14,2,North,Freehold,Resale,Ready to Move,80,8368,1,0,0,Low
Rajarhat,2,790,6,2,South - East,Freehold,Resale,Ready to Move,72,7407,1,0,0,Low
Action Area 1,3,996,1,3,North,Freehold,Resale,Ready to Move,250,17544,1,0,0,Mid
Ballygunge,2,1200,6,2,South - East,Freehold,Resale,Ready to Move,100,8333,0,1,0,Low
Konnagar,2,975,2,2,South -West,Freehold,New Property,Ready to Move,46.3,4750,1,0,1,Low
Eastern Metropolitan Bypass,4,3421,14,4,East,Freehold,Resale,Ready to Move,725,21193,1,0,0,High
Shyamnagar,3,1500,13,2,South -West,Freehold,Resale,Ready to Move,132,8684,0,1,0,Low
Eastern Metropolitan Bypass,3,1027,12,2,South,Freehold,Resale,Ready to Move,220,14360,1,1,0,Mid
Sector 5 Salt Lake City,3,1047,20,2,South - East,Freehold,Resale,Ready to Move,220,14696,1,0,0,Mid
Ballygunge Place,4,2500,4,4,North - East,Freehold,Resale,Ready to Move,1000,23652,1,1,1,High
Netaji Subhash Chandra Bose Road,3,1610,0,3,South -West,Freehold,Resale,Ready to Move,100,6211,0,0,0,Low
Santoshpur,3,1665,6,3,South - East,Freehold,Resale,Ready to Move,165,9910,1,0,0,Mid
Tollygunge,3,1050,4,2,North - East,Freehold,Resale,Ready to Move,45,3664,1,0,0,Low
Eastern Metropolitan Bypass,2,926,8,2,East,Freehold,Resale,Ready to Move,95,7851,1,0,0,Low
Block A Alipore,4,3443,2,4,South -West,Freehold,Resale,Ready to Move,1350,26601,1,1,1,High
Thakurpukur,3,1285,4,3,South - East,Freehold,Resale,Ready to Move,65,5058.36575875486,0,1,0,Low
Survey Park,3,900,6,2,South,Freehold,Resale,Ready to Move,110,8703,0,0,0,Low
Tollygunge,2,1000,3,2,South - East,Freehold,Resale,Ready to Move,85,7113,1,0,0,Low
Action Area 3,3,901,12,2,North - West,Freehold,Resale,Ready to Move,56.5,6271,1,1,0,Low
Uttarpara Ch,2,630,12,2,South - East,Freehold,New Property,Ready to Move,30,4762,1,1,1,Low
Thakurpukur,2,470,1,2,South - East,Freehold,Resale,Ready to Move,32,4124,0,1,0,Low
Action Area 3,3,1226,6,2,South - East,Freehold,Resale,Ready to Move,95,7749,1,0,0,Low
Anandapur,4,3600,,4,South - East,Freehold,New Property,Ready to Move,600,16667,1,0,0,High
Nayapatty,3,1100,15,3,South - East,Freehold,Resale,Ready to Move,150,10601,1,0,1,Low
Rajarhat,3,2250,,3,North - East,Freehold,New Property,Ready to Move,250,11111,1,1,0,Mid
New Alipore,3,1500,12,2,East,Unknown,New Property,Unknown,239,11131,1,1,1,Mid
Rajarhat,3,1650,5,4,South - East,Freehold,Resale,Ready to Move,165,7876,1,1,0,Mid
Southern Bypass,2,995,5,2,East,Freehold,New Property,Ready to Move,41,4121,1,1,0,Low
Ballygunge Circular Road,4,3927,7,4,South - East,Freehold,Resale,Ready to Move,1250,31831,0,1,0,High
Andul,2,560,1,2,South - East,Freehold,New Property,Ready to Move,24.5,3500,0,1,0,Low
Rajarhat,3,1613,6,3,East,Freehold,Resale,Ready to Move,85,5270,0,1,0,Low
Tollygunge,2,908,1,2,South,Power Of Attorney,Resale,Ready to Move,112,8000,1,1,0,Low
Tollygunge,4,2364,,3,South,Freehold,Resale,Ready to Move,425,17978,0,0,0,High
Rajarhat,2,890,,2,South,Freehold,Resale,Ready to Move,75,8152,1,1,0,Low
Narendrapur Rajpur Sonarpur,2,998,1,2,North - East,Freehold,Resale,Ready to Move,35,3507,1,0,0,Low
Rajarhat,2,1250,4,2,Unknown,Unknown,Resale,Ready to Move,80,6400,0,0,0,Low
Barrackpore Trunk Road,3,1014,11,2,South,Freehold,Resale,Ready to Move,61.5,6065,1,1,1,Low
Tollygunge,1,700,6,1,Unknown,Unknown,Resale,Ready to Move,40,5714.28571428571,0,0,0,Low
Block J Action Area 3,3,2200,14,3,Unknown,Unknown,Resale,Ready to Move,189,8591,0,0,0,Mid
Sealdah,3,1695,12,3,Unknown,Unknown,Resale,Ready to Move,220,12979,0,0,0,Mid
Kolkata,2,930,4,2,North - East,Freehold,New Property,Ready to Move,62,6667,0,1,0,Low
Rajpur,2,799,2,2,Unknown,Freehold,Resale,Ready to Move,24.8,2477,0,0,0,Low
Barrackpore,2,685,3,1,North - West,Freehold,Resale,Ready to Move,22,3212,0,1,0,Low
New Town,2,916,1,2,Unknown,Unknown,Resale,Ready to Move,65,7096,0,0,0,Low
Southern Avenue,4,2450,3,3,East,Freehold,New Property,Unknown,310,12653,0,1,0,Mid
Kolkata,3,1950,1,2,South - East,Freehold,Resale,Ready to Move,135,6923,0,1,0,Low
Gopalpur,2,717,1,2,North - West,Freehold,New Property,Unknown,43.8,4500,0,1,0,Low
Ballygunge,3,1958,4,3,Unknown,Unknown,New Property,Unknown,201,10291,0,0,0,Mid
Ballygunge,4,2109,2,4,Unknown,Unknown,New Property,Unknown,196,9300,0,0,0,Mid
Rajpur,2,869,1,2,Unknown,Unknown,New Property,Unknown,29.1,3350,0,0,0,Low
Maheshtala,2,895,1,2,Unknown,Unknown,New Property,Unknown,31.3,3500,0,0,0,Low
Shakespeare Sarani,4,2400,12,4,Unknown,Unknown,New Property,Unknown,435,18125,0,0,0,High
Shakespeare Sarani,4,2315,8,4,Unknown,Unknown,New Property,Unknown,428,18500,0,0,0,High
Ballygunge,3,1959,3,3,Unknown,Unknown,New Property,Unknown,182,9301,0,0,0,Mid
Loudon Street,3,3575,6,4,Unknown,Unknown,Resale,Ready to Move,625,17483,0,0,0,High
New Town,2,870,6,2,Unknown,Unknown,New Property,Unknown,37.4,4299,0,0,0,Low
Rajarhat,3,1309,8,2,Unknown,Unknown,Resale,Ready to Move,800,61115,0,0,0,High
Action Area 3,3,1093,1,2,Unknown,Unknown,New Property,Unknown,75,6862,0,0,0,Low
Thakurpukur,3,1353,4,2,Unknown,Unknown,New Property,Ready to Move,51.4,3800,0,0,0,Low
Madhyamgram,2,849,1,2,Unknown,Unknown,New Property,Unknown,30,3534,0,0,0,Low
New Town,2,870,4,2,Unknown,Unknown,New Property,Unknown,37.4,4300,0,0,0,Low
Madhyamgram,2,849,1,2,Unknown,Unknown,New Property,Unknown,29.6,3485,0,0,0,Low
Ultadanga,2,1064,1,2,Unknown,Unknown,Resale,Ready to Move,76,7143,0,0,0,Low
Tollygunge,2,889,2,2,Unknown,Unknown,Resale,Ready to Move,40,4499,0,0,0,Low
Rajarhat,2,980,2,2,North,Freehold,Resale,Ready to Move,100,9259,0,0,0,Low
Manoharpukur,3,1750,1,3,South - East,Freehold,New Property,Ready to Move,225,12857,0,1,0,Mid
Tangra,4,4196,20,4,Unknown,Unknown,Resale,Ready to Move,275,6554,0,0,0,Mid
Barrackpore Trunk Road,2,661,18,2,Unknown,Unknown,Resale,Unknown,65,9834,0,0,0,Low
Rajarhat,3,1175,9,2,Unknown,Unknown,Resale,Ready to Move,52,4426,0,0,0,Low
Patuli,3,1080,4,2,South,Freehold,Resale,Ready to Move,65,5417,0,1,0,Low
Mahish Bathan,3,1475,18,3,South,Freehold,Resale,Ready to Move,142,9627,0,0,1,Low
Rajarhat,2,1718,3,2,Unknown,Unknown,Resale,Ready to Move,120,6985,0,0,0,Low
Garia,3,1430,2,2,Unknown,Unknown,Resale,Ready to Move,46,3217,0,0,0,Low
Garia,2,918,1,2,Unknown,Unknown,Resale,Ready to Move,30,3268,0,0,0,Low
Madhyamgram,2,900,0,2,Unknown,Unknown,Resale,Ready to Move,28,3111,0,0,0,Low
Joka,2,745,3,2,East,Freehold,New Property,Unknown,26.1,3500,1,0,0,Low
New Town,3,1618,13,3,Unknown,Freehold,Resale,Ready to Move,170,10507,1,1,0,Mid
Jessore Road,3,1920,12,3,North - East,Freehold,Resale,Ready to Move,230,11979,1,0,0,Mid
Mukundapur,3,1200,2,2,Unknown,Unknown,Resale,Ready to Move,165,9874,0,0,0,Mid
Block EE Sector 2,2,850,1,2,Unknown,Unknown,Resale,Ready to Move,83,9222,0,0,0,Low
New Garia Station Road,2,875,2,2,East,Freehold,Resale,Ready to Move,48,5486,0,1,0,Low
Maheshtala,3,1377,3,3,Unknown,Unknown,Resale,Ready to Move,44,3195,0,0,0,Low
Joka,2,830,2,2,Unknown,Unknown,Resale,Unknown,60,7229,0,0,0,Low
Rajarhat,2,790,5,2,Unknown,Unknown,Resale,Ready to Move,40,4848,0,0,0,Low
Tangra,2,930,9,2,North - West,Freehold,Resale,Ready to Move,100,10753,1,0,1,Low
Santoshpur,3,800,1,2,South -West,Freehold,Resale,Ready to Move,60,5566,0,1,0,Low
Shapoorji Pallonji Sukhobrishti Complex Road,3,901,5,2,East,Freehold,Resale,Ready to Move,60,6659,1,0,0,Low
Baranagar,2,800,3,2,South,Freehold,Resale,Ready to Move,26,3250,0,0,0,Low
New Town,4,2420,22,4,South - East,Freehold,Resale,Ready to Move,250,7228,1,1,0,Mid
Kolkata,2,814,2,2,South - East,Freehold,Resale,Ready to Move,36.6,4500,0,0,0,Low
Bally,2,1183,2,2,Unknown,Unknown,Resale,Ready to Move,48,4057,0,0,0,Low
Paikpara,2,1086,16,2,North,Freehold,Resale,Ready to Move,110,7801,0,1,0,Low
Pashupati Bhattacharya Road,2,750,3,2,East,Freehold,New Property,Unknown,48,4800,0,1,0,Low
Bagnan Amta Road,2,800,2,2,Unknown,Freehold,Resale,Ready to Move,30,3000,0,1,0,Low
Kolkata,2,800,3,2,Unknown,Unknown,Resale,Ready to Move,31,3875,0,0,0,Low
Andul Mauri,2,1035,1,1,Unknown,Unknown,Resale,Unknown,39.5,3821,0,0,0,Low
Rajarhat,3,750,2,2,South - East,Freehold,Resale,Ready to Move,65,6500,1,0,1,Low
Tollygunge,2,699,5,2,Unknown,Unknown,Resale,Ready to Move,51,5835,0,0,0,Low
Rajarhat,3,1200,3,2,West,Unknown,Resale,Ready to Move,55,4583,0,0,0,Low
Bireshpally Madhyamgram,2,744,1,2,Unknown,Unknown,Resale,Ready to Move,24,3226,0,0,0,Low
Bijoygarh Golf Green,2,920,3,2,Unknown,Unknown,Resale,Ready to Move,45,4891,0,0,0,Low
Baghajat,2,954,1,2,South -West,Freehold,Resale,Ready to Move,51,5346,0,0,0,Low
Rajarhat,2,765,3,2,Unknown,Unknown,Resale,Ready to Move,70,7143,0,0,0,Low
Rajpur Sonarpur,3,973,5,2,South - East,Freehold,Resale,Ready to Move,100,7899,0,0,1,Low
Barrackpore,2,732,1,2,South - East,Freehold,Resale,Ready to Move,28,3294,0,0,0,Low
New Town,3,1107,4,2,Unknown,Co-operative Society,Resale,Ready to Move,80,6020,0,0,0,Low
Narendrapur Rajpur Sonarpur,3,1315,3,2,Unknown,Unknown,Resale,Ready to Move,50,3802,0,0,0,Low
Bangur Avenue,2,862,1,2,Unknown,Unknown,Resale,Ready to Move,49.5,5742,0,0,0,Low
Rajarhat,3,1606,3,2,East,Freehold,Resale,Ready to Move,120,7472,0,1,1,Low
Lake Gardens,2,450,3,1,Unknown,Unknown,Resale,Ready to Move,20,4000,0,0,0,Low
Kestopur,3,1350,4,2,North - East,Freehold,Resale,Ready to Move,67.5,4470,0,1,0,Low
Silpara,2,910,4,2,South,Freehold,Resale,Ready to Move,45,4945,1,1,0,Low
Tollygunge,2,638,3,2,South - East,Freehold,Resale,Ready to Move,30,4000,0,1,0,Low
Haridevpur,2,717,3,2,Unknown,Unknown,Resale,Ready to Move,18.5,2580,0,0,0,Low
Ichapur Howrah,2,676,3,2,Unknown,Unknown,Resale,Ready to Move,30,3774,0,0,0,Low
Garia,3,1077,4,2,Unknown,Unknown,Resale,Ready to Move,68,6314,1,0,0,Low
Action Area 2,3,1550,4,3,South -West,Freehold,Resale,Ready to Move,92,5935,0,1,0,Low
Amtala,3,1355,4,2,Unknown,Unknown,Resale,Ready to Move,48,3542,0,0,0,Low
Naskar Bagan,1,485,2,1,Unknown,Unknown,Resale,Ready to Move,22,4536,0,0,0,Low
Kabardanga,3,1250,4,2,South,Freehold,Resale,Ready to Move,43,3413,1,1,0,Low
Action Area 1,2,850,1,2,North,Co-operative Society,Resale,Ready to Move,70,7625,0,1,0,Low
Noapara,3,835,1,2,South - East,Freehold,Resale,Ready to Move,45.6,3800,1,1,0,Low
Rajarhat,3,836,3,2,North - East,Freehold,Resale,Ready to Move,150,11619,1,0,0,Low
Kankurgachi,3,880,4,2,Unknown,Unknown,Resale,Ready to Move,140,10145,0,0,0,Low
Kustia,3,970,2,3,Unknown,Unknown,Resale,Ready to Move,42,4330,0,0,0,Low
Kankurgachi,3,880,4,2,East,Freehold,Resale,Ready to Move,140,10145,0,0,0,Low
Tegharia Baguiati,1,350,0,1,East,Freehold,Resale,Ready to Move,16.5,4714,1,0,0,Low
Kolkata,2,411,2,2,South - East,Freehold,Resale,Unknown,45,6618,0,1,0,Low
Action Area 2,2,962,5,2,South,Freehold,Resale,Ready to Move,95,7897,1,0,0,Low
Nayabad,3,1004,2,2,South,Freehold,New Property,Ready to Move,45.2,4500,1,1,0,Low
Gariahat,3,1650,3,3,East,Freehold,Resale,Ready to Move,260,11818,0,1,0,Mid
Action Area 3,3,1588,10,3,South -West,Freehold,Resale,Ready to Move,135,8501,0,1,0,Low
Bablatala,2,810,1,2,East,Freehold,New Property,Ready to Move,28.4,3500,0,1,0,Low
Rajarhat,1,217,2,1,South - East,Freehold,New Property,Unknown,7.6,2815,0,1,0,Low
Topsia,3,1675,9,3,South - East,Freehold,Resale,Ready to Move,180,10746,1,1,0,Mid
New Town,2,950,1,2,South - East,Freehold,Resale,Ready to Move,82,6560,1,1,0,Low
Chiriamore,3,1300,18,3,North - East,Freehold,Resale,Ready to Move,225,11538,1,0,1,Mid
Naktala,2,800,0,1,South - East,Freehold,Resale,Ready to Move,36,4500,1,1,0,Low
Howrah,2,749,8,2,West,Unknown,Resale,Ready to Move,40,5340,1,0,0,Low
Action Area 1C,3,1100,7,2,South - East,Co-operative Society,Resale,Ready to Move,120,7273,0,1,0,Low
Bishnupur Rajarhat,3,952,2,2,South,Freehold,New Property,Unknown,40.6,3200,1,1,1,Low
Bhowanipore,3,1000,5,2,North,Freehold,Resale,Ready to Move,175,13672,0,1,0,Mid
Behala Thana,2,650,2,2,South,Freehold,Resale,Ready to Move,36,4800,0,1,0,Low
Kolkata,2,850,2,2,South,Freehold,Resale,Ready to Move,30,3158,0,1,0,Low
Daksh,3,1379,8,2,Unknown,Freehold,New Property,Ready to Move,69,5000,1,1,1,Low
Park Street,2,1400,7,2,South - East,Freehold,Resale,Ready to Move,140,10000,0,0,0,Low
Haridevpur,2,900,4,2,South -West,Freehold,Resale,Ready to Move,60,5455,0,1,0,Low
New Alipore,3,1900,3,3,North,Freehold,New Property,Unknown,280,14737,0,1,0,Mid
Sector 5 Salt Lake City,2,716,14,2,South - East,Freehold,Resale,Ready to Move,130,12695,1,1,1,Low
Uttar Para,3,840,5,2,North - East,Freehold,New Property,Unknown,48,5714,1,0,0,Low
Dum Dum,3,1750,4,2,South - East,Freehold,New Property,Unknown,84,4800,0,1,0,Low
Sector 4 Salt Lake City,2,600,2,1,North - East,Leasehold,New Property,Ready to Move,18,2647,0,1,0,Low
Garia,2,930,2,2,South - East,Freehold,New Property,Ready to Move,35.3,3800,0,1,0,Low
Golf Club Road,3,950,4,2,Unknown,Unknown,Resale,Ready to Move,95,8636,1,1,1,Low
New Alipore,3,1985,1,3,East,Freehold,New Property,Ready to Move,250,12594,0,1,0,Mid
Mahamaya Tala,3,1408,2,3,South - East,Freehold,Resale,Ready to Move,105,7457,0,1,0,Low
Rajarhat,3,1210,8,2,South -West,Freehold,Resale,Ready to Move,105,8678,0,1,0,Low
Eastern Metropolitan Bypass,4,2600,5,4,South - East,Freehold,Resale,Ready to Move,218,8385,1,1,1,Mid
Mali Bagan Kaikhali,4,940,1,3,North - West,Unknown,Resale,Ready to Move,84.6,5845,0,0,0,Low
Naktala,3,1675,2,2,South - East,Freehold,Resale,Ready to Move,140,8358,0,1,0,Low
New Town,3,1250,2,2,North - East,Unknown,New Property,Ready to Move,95,7600,1,0,0,Low
Bhowanipore,2,1150,3,2,North,Freehold,Resale,Ready to Move,120,10435,0,1,0,Low
North 24 Parganas,2,768,2,1,Unknown,Freehold,Resale,Ready to Move,15,1953,0,0,0,Low
Belghoria Expressway,3,1300,6,2,North,Unknown,Resale,Ready to Move,80,6154,1,0,0,Low
Jessore Road,1,548,2,1,Unknown,Unknown,Resale,Ready to Move,40,7299,0,0,0,Low
Barrackpore Trunk Road,3,1138,8,2,Unknown,Unknown,Resale,Ready to Move,95,8348,0,0,0,Low
Howrah,2,832,2,2,Unknown,Unknown,Resale,Ready to Move,35,4206.73076923077,1,1,1,Low
Andul Road,2,850,2,2,South,Freehold,New Property,Ready to Move,20,2353,1,1,0,Low
Tollygunge Phari,2,850,1,2,Unknown,Unknown,Resale,Ready to Move,50,5882,0,0,0,Low
Dum Dum Road,3,930,2,2,Unknown,Unknown,Resale,Ready to Move,20,2151,0,0,0,Low
Vidyasagar,4,1450,3,4,Unknown,Freehold,Resale,Ready to Move,80,4706,0,1,0,Low
Rajpur Sonarpur,2,972,5,2,Unknown,Unknown,Resale,Ready to Move,60,6173,0,0,0,Low
Kamalgazi,2,580,0,2,Unknown,Unknown,Resale,Ready to Move,28.5,4385,0,0,0,Low
Bhangar,3,916,4,2,Unknown,Unknown,Resale,Ready to Move,20,2183,0,0,0,Low
Action Area 1,2,650,5,2,North,Freehold,Resale,Ready to Move,130,20000,0,0,0,Low
Belgachia,4,1600,13,3,South -West,Freehold,Resale,Ready to Move,115,7188,1,1,1,Low
New Town,3,1768,2,2,South - East,Freehold,Resale,Ready to Move,125,7070,1,0,0,Low
Dum Dum Cantonment,2,650,1,2,South - East,Power Of Attorney,Resale,Ready to Move,27,3230,0,1,0,Low
Sirity,2,720,0,2,North - East,Power Of Attorney,Resale,Ready to Move,27,3176,0,0,0,Low
Howrah,3,950,3,2,East,Freehold,Resale,Ready to Move,48.5,3757,1,0,0,Low
New Town,3,1500,1,2,North,Freehold,Resale,Ready to Move,95,6333,0,0,0,Low
Naktala,2,500,3,2,South - East,Freehold,Resale,Ready to Move,18,2769,0,1,0,Low
Rajarhat,4,1265,1,3,South,Freehold,Resale,Ready to Move,105,5303,1,1,0,Low
Golf Green,3,1447,6,3,East,Freehold,Resale,Ready to Move,120,8293.0200414651,0,1,0,Low
Sealdah,3,1605,16,3,North - East,Freehold,Resale,Ready to Move,215,13396,0,1,0,Mid
New Town,3,1956,11,3,South - East,Freehold,Resale,Ready to Move,175,8947,1,1,0,Mid
Eastern Metropolitan Bypass,2,800,1,2,South - East,Unknown,Resale,Ready to Move,27,3375,0,1,0,Low
Tangra,4,2302,11,4,Unknown,Freehold,Resale,Ready to Move,210,9123,1,1,1,Mid
Action Area 1,3,950,11,2,North - East,Freehold,Resale,Ready to Move,73,6636,1,1,0,Low
Rajarhat,3,1186,10,2,North - West,Freehold,Resale,Ready to Move,56,4722,1,1,1,Low
Ballygunge,3,900,4,3,North - East,Freehold,New Property,Ready to Move,140,11700,0,1,0,Low
South End Park,2,1000,3,2,North - East,Freehold,Resale,Ready to Move,80,8000,0,1,0,Low
Block L New Alipore,3,1080,10,3,South - East,Leasehold,New Property,Unknown,262,14050,1,1,1,Mid
Santoshpur,2,930,1,2,South -West,Freehold,Resale,Ready to Move,35,3763,1,1,0,Low
Rajarhat,4,1778,1,3,South,Freehold,Resale,Ready to Move,120,6749,1,0,0,Low
Action Area 1,3,1280,2,2,South,Freehold,New Property,Ready to Move,80,6250,1,1,0,Low
Survey Park,3,1145,2,3,South - East,Freehold,Resale,Ready to Move,75,6550,0,0,0,Low
Kolkata,3,1500,1,2,South - East,Unknown,Resale,Ready to Move,85,5152,0,1,0,Low
Ballygunge Place,3,2020,3,5,North - East,Freehold,New Property,Ready to Move,230,10360,0,1,0,Mid
Uttarpara Ch,3,840,7,2,South -West,Freehold,Resale,Ready to Move,40,4762,1,0,0,Low
Kolkata,2,500,1,1,West,Freehold,Resale,Ready to Move,22,3667,0,1,0,Low
Camac Street,2,650,4,2,Unknown,Unknown,Resale,Ready to Move,98,11879,0,1,0,Low
Parnasree Palli,2,701,1,2,South - East,Freehold,Resale,Ready to Move,32,4330,0,1,0,Low
Jessore Road,4,2317,5,3,North - East,Freehold,Resale,Ready to Move,210,9063,1,0,0,Mid
Kolkata,2,1280,12,2,South - East,Co-operative Society,Resale,Ready to Move,120,9375,1,1,0,Low
Action Area 1C,3,1100,7,2,South - East,Co-operative Society,Resale,Ready to Move,120,8276,0,1,0,Low
Nagerbazar,2,452,5,2,South,Freehold,Resale,Ready to Move,75,10776,1,1,0,Low
Sealdah,3,1605,15,3,North - East,Freehold,Resale,Ready to Move,200,12461,1,1,1,Mid
Kolkata,2,649,1,2,South,Freehold,New Property,Ready to Move,54.1,6251,0,1,0,Low
Kamalgazi,2,600,10,2,East,Freehold,Resale,Ready to Move,55,5889,1,0,0,Low
Rowland Row,4,3600,6,4,West,Freehold,New Property,Ready to Move,700,19444,0,0,0,High
Action Area 3,1,425,2,1,North,Unknown,Resale,Ready to Move,23.5,5529,1,0,0,Low
Naktala,2,600,3,2,North - West,Freehold,New Property,Unknown,42,4941,0,0,0,Low
New Town,4,2000,1,3,North,Freehold,New Property,Ready to Move,160,7273,0,1,0,Mid
Khardaha,2,648,2,2,Unknown,Freehold,New Property,Ready to Move,23,2601,0,0,0,Low
Rajarhat,1,460,3,1,Unknown,Freehold,Resale,Ready to Move,22,4782.60869565217,1,0,0,Low
Carry Road,2,530,2,2,North,Power Of Attorney,New Property,Ready to Move,21.2,3259,0,1,0,Low
Kadapara,3,1286,7,3,East,Freehold,Resale,Ready to Move,200,10881,0,0,1,Mid
Rath Tala Kasba,3,880,1,2,East,Freehold,New Property,Ready to Move,49.5,4500,0,1,0,Low
Phool Bagan Kankurgachi,2,1000,3,1,South - East,Freehold,Resale,Ready to Move,100,8333,0,1,0,Low
Sodepur,3,1300,1,2,North - East,Freehold,New Property,Ready to Move,34,2615,0,1,0,Low
Action Area 1,3,1485,1,3,North,Freehold,Resale,Ready to Move,110,6627,1,0,1,Low
Action Area 1,3,950,3,2,Unknown,Unknown,New Property,Ready to Move,85,6800,0,1,0,Low
Sakher Bazar,2,650,3,2,South -West,Freehold,Resale,Ready to Move,34,5231,0,0,0,Low
Gandhi Colony,3,780,1,2,Unknown,Unknown,New Property,Unknown,70.8,6808,0,0,0,Low
Kolkata,3,900,2,2,Unknown,Unknown,Resale,Ready to Move,55,5093,0,0,0,Low
New Town,3,1100,2,2,South - East,Freehold,New Property,Unknown,85,5743,1,0,0,Low
Action Area 1,2,700,3,2,East,Freehold,Resale,Ready to Move,72,7742,0,1,0,Low
Hiland Park,4,2450,5,4,South - East,Freehold,Resale,Ready to Move,240,9795.91836734694,0,1,0,Mid
Sector 2 Salt Lake City,4,1700,1,3,South - East,Freehold,Resale,Ready to Move,220,8462,1,1,0,Mid
Tangra,2,1100,6,2,Unknown,Unknown,Resale,Ready to Move,125,11409,1,0,1,Low
Nabapally Barasat,3,1000,3,2,South,Freehold,New Property,Ready to Move,62.5,5000,0,1,0,Low
Kolkata,3,1050,1,2,South - East,Freehold,Resale,Ready to Move,80,6601,1,1,1,Low
Eastern Metropolitan Bypass,4,1966,5,3,Unknown,Unknown,Resale,Ready to Move,255,12970,0,0,0,Mid
Southern Avenue,4,2342,10,3,East,Unknown,New Property,Ready to Move,365,15585,0,1,1,Mid
New Town,3,1500,10,2,South,Freehold,Resale,Ready to Move,200,13333,1,1,1,Mid
Rajarhat,4,2127,2,3,Unknown,Unknown,Resale,Ready to Move,100,4701,0,0,0,Low
Bramhapur,2,700,1,2,South,Freehold,Resale,Ready to Move,28,3500,0,0,0,Low
Tollygunge,3,2400,5,3,North - East,Freehold,Resale,Ready to Move,211,8792,0,1,0,Mid
New Town,4,1558,8,5,North - East,Freehold,Resale,Ready to Move,275,11957,1,1,1,Mid
Tegharia Baguiati,3,1342,4,3,South - East,Unknown,New Property,Ready to Move,65,4844,0,0,1,Low
Beleghata,2,803,2,2,East,Freehold,New Property,Unknown,50.6,6300,0,1,0,Low
Bijoygarh,2,880,2,2,Unknown,Unknown,Resale,Ready to Move,36,4091,0,0,0,Low
Baishnabghata Patuli Township,2,755,3,2,Unknown,Freehold,New Property,Ready to Move,32,4239,0,0,0,Low
Action Area 1,3,1180,4,2,North - East,Unknown,Resale,Ready to Move,120,8276,1,1,0,Low
Rajarhat,2,1100,1,2,Unknown,Unknown,Resale,Ready to Move,52,4727,0,0,0,Low
Park Circus,3,1300,13,2,South -West,Freehold,Resale,Ready to Move,140,9689,1,1,1,Low
Shibrampur,3,1110,7,2,Unknown,Unknown,Resale,Ready to Move,70,6306,0,0,0,Low
Jadavpur,2,920,0,2,Unknown,Unknown,Resale,Ready to Move,45,4592,0,0,0,Low
Bidhanpally Bansdroni,2,890,4,2,Unknown,Freehold,Resale,Ready to Move,50,5618,0,0,0,Low
New Alipore,3,1050,5,2,South - East,Freehold,Resale,Ready to Move,90,6977,0,1,0,Low
Khardaha,2,880,3,2,North,Freehold,Resale,Ready to Move,26,2955,0,1,0,Low
Sahid Nagar,4,2400,2,3,North - East,Power Of Attorney,Resale,Ready to Move,145,6042,1,1,0,Low
Naktala,2,680,2,1,North,Freehold,Resale,Ready to Move,30,4412,0,0,0,Low
Action Area 1,4,1680,3,4,Unknown,Unknown,Resale,Ready to Move,150,6726,0,0,0,Low
Eastern Metropolitan Bypass,4,2048,17,4,East,Freehold,Resale,Ready to Move,300,10249,1,1,0,Mid
Seal Lane Tangra,3,1133,,2,Unknown,Freehold,Resale,Ready to Move,165,14563,0,0,0,Mid
Rajarhat,3,1260,19,2,South,Freehold,Resale,Ready to Move,120,9524,0,0,0,Low
South City Complex,3,1100,1,2,South,Unknown,New Property,Ready to Move,95,7916,0,1,0,Low
Bosepukur,2,700,4,2,North - East,Freehold,Resale,Ready to Move,50,5556,0,1,0,Low
Garia,3,1166,1,3,East,Freehold,Resale,Ready to Move,54,4631,1,1,1,Low
Mondal Ganthi,2,850,3,2,North - East,Freehold,New Property,Ready to Move,26,3059,0,1,0,Low
Abhedananda Road,3,1589,3,2,Unknown,Freehold,Resale,Ready to Move,150,9439.89930774072,0,0,0,Low
Narendrapur Rajpur Sonarpur,2,918,4,2,Unknown,Unknown,Resale,Ready to Move,38,4139,0,0,0,Low
New Town,4,1150,11,3,East,Freehold,Resale,Ready to Move,230,14801,1,1,0,Mid
MM Ghosh Road,2,925,3,2,South - East,Freehold,Resale,Ready to Move,32,3459,0,0,0,Low
Rajpur Sonarpur,2,575,3,1,Unknown,Unknown,Resale,Ready to Move,18.5,2960,0,0,0,Low
Durga Nagar,3,1458,2,3,Unknown,Unknown,Resale,Ready to Move,65,4458,0,0,0,Low
Uttarpara Ch,3,1119,1,2,Unknown,Unknown,Resale,Ready to Move,52,4647,0,0,0,Low
Mahish Bathan,3,1505,10,3,Unknown,Unknown,Resale,Ready to Move,130,8638,0,0,0,Low
Manicktala,4,2903,17,4,Unknown,Freehold,Resale,Ready to Move,375,12918,0,0,0,Mid
Gopalpur,3,1535,4,3,Unknown,Unknown,Resale,Unknown,130,8469.05537459283,0,0,0,Low
Lake Town,2,985,9,2,East,Freehold,Resale,Unknown,100,10152,0,0,0,Low
Action Area 3,3,1700,13,2,South,Freehold,Resale,Ready to Move,120,7059,1,0,1,Low
Sector 5 Salt Lake City,3,965,17,2,East,Co-operative Society,Resale,Ready to Move,140,8833,0,0,0,Low
Behala Chowrasta,1,420,1,1,Unknown,Unknown,Resale,Ready to Move,13,3095,0,0,0,Low
Barrackpore Trunk Road,2,931,6,2,Unknown,Unknown,Resale,Ready to Move,67,7197,0,0,0,Low
Action Area 1,2,1225,11,2,Unknown,Unknown,Resale,Unknown,200,16327,0,0,0,Mid
Maheshtala,2,712,8,2,Unknown,Unknown,Resale,Ready to Move,26.8,3764,0,0,0,Low
Rathtala,3,1360,5,2,Unknown,Unknown,Resale,Ready to Move,110,8088,0,0,0,Low
Shibrampur,1,445,3,1,Unknown,Unknown,Resale,Ready to Move,15.5,3483,0,0,0,Low
Rajarhat,3,950,3,2,Unknown,Unknown,New Property,Ready to Move,117,8357,1,0,0,Low
Sinthi,3,1116,12,2,Unknown,Unknown,Resale,Ready to Move,150,13441,0,0,0,Low
Howrah,3,900,7,2,Unknown,Unknown,Resale,Ready to Move,52.5,5024,0,0,0,Low
Barasat,3,1059,2,3,Unknown,Unknown,Resale,Ready to Move,18,1700,0,0,0,Low
Barasat,2,1048,2,2,Unknown,Unknown,Resale,Ready to Move,23,2195,0,0,0,Low
Garia,1,420,2,1,Unknown,Unknown,Resale,Ready to Move,20,4000,0,0,0,Low
New Town,4,2300,,4,Unknown,Unknown,Resale,Ready to Move,110,4783,0,0,0,Low
Barrackpore Trunk Road,4,2150,13,3,Unknown,Unknown,Resale,Ready to Move,150,6977,1,0,0,Low
Baruipur,2,840,2,2,Unknown,Unknown,Resale,Ready to Move,36,4286,0,0,0,Low
Tangra,3,1341,24,3,Unknown,Freehold,Resale,Unknown,200,14914,1,1,1,Mid
Garia,2,870,3,2,Unknown,Freehold,Resale,Ready to Move,38,4368,1,0,0,Low
Alipore,3,1200,,2,Unknown,Unknown,Unknown,Unknown,140,11718,0,0,0,Low
Eastern Metropolitan Bypass,4,1165,5,3,Unknown,Unknown,Resale,Unknown,126,8000,0,1,0,Low
Madhyamgram,1,460,1,1,Unknown,Unknown,Resale,Ready to Move,22,3819,0,0,0,Low
Ekbalpur,3,1280,10,3,Unknown,Unknown,Resale,Ready to Move,190,10795,0,0,0,Mid
Sealdah,4,1923,4,3,East,Freehold,Resale,Ready to Move,190,9880,1,0,0,Mid
Ho Chi M,2,967,5,2,Unknown,Unknown,Resale,Ready to Move,60,6205,0,0,0,Low
Metropolitan Co Operative Hous,3,1840,5,3,Unknown,Freehold,New Property,Ready to Move,190,10326,1,1,1,Mid
Gariahat,3,1550,4,2,South - East,Freehold,New Property,Ready to Move,190,12258.064516129,0,1,0,Mid
Sonarpur,2,978,1,2,South,Freehold,New Property,Ready to Move,36.4,3725,0,1,0,Low
Action Area 3,1,480,4,1,South - East,Freehold,Resale,Ready to Move,23,4792,1,1,0,Low
Nayabad,2,800,1,2,South - East,Freehold,Resale,Ready to Move,25,3125,0,1,0,Low
Eastern Metropolitan Bypass,4,2480,6,4,South - East,Freehold,Resale,Ready to Move,210,8468,1,0,0,Mid
Sodepur,1,428,0,1,Unknown,Unknown,Resale,Ready to Move,17.1,3991,0,0,0,Low
East Topsia,3,1535,1,2,East,Unknown,Resale,Ready to Move,150,9772,0,0,0,Low
Barasat,2,1270,4,2,Unknown,Unknown,Resale,Ready to Move,35,2756,0,0,0,Low
Tangra,4,2581,8,4,Unknown,Freehold,Resale,Ready to Move,225,8718,0,0,0,Mid
Dhakuria,2,620,2,2,South - East,Freehold,Resale,Ready to Move,32,4384,0,0,0,Low
Kolkata,2,990,4,2,Unknown,Unknown,Resale,Unknown,50,5051,0,0,0,Low
Daspara Mukundapur,3,900,2,3,Unknown,Freehold,Resale,Ready to Move,70,5882,0,1,0,Low
Ganguly Bagan,2,784,3,2,Unknown,Unknown,Resale,Ready to Move,50,6378,0,0,0,Low
Karuripara,2,748,1,2,Unknown,Unknown,Resale,Ready to Move,25,2831,0,0,0,Low
Bhowanipore,3,1300,2,2,Unknown,Unknown,Resale,Ready to Move,250,16667,0,0,0,Mid
Joka,3,1370,14,3,Unknown,Unknown,Resale,Ready to Move,95,6934,0,0,0,Low
Barrackpore,2,796,7,1,Unknown,Unknown,Resale,Ready to Move,39,4899,0,0,0,Low
Sonarpur,2,1060,4,2,Unknown,Unknown,Resale,Ready to Move,60,5660.37735849057,0,0,0,Low
Howrah,3,2150,8,3,Unknown,Unknown,Resale,Ready to Move,350,16279,0,0,0,Mid
New Town,3,1550,18,3,Unknown,Unknown,Resale,Unknown,200,12903,0,0,0,Mid
Bhangar,1,351,3,1,Unknown,Unknown,Resale,Ready to Move,14,3988.60398860399,0,0,0,Low
Khardaha,3,1235,2,2,Unknown,Unknown,New Property,Ready to Move,68,5506,0,0,0,Low
Alipore,4,4527,9,5,Unknown,Unknown,Resale,Ready to Move,1000,22090,0,0,0,High
Barrackpore Trunk Road,4,2180,,4,Unknown,Unknown,Resale,Ready to Move,150,6881,0,0,0,Low
Eastern Metropolitan Bypass,4,2100,7,2,Unknown,Unknown,Resale,Ready to Move,250,10417,0,0,0,Mid
Tangra,3,1855,17,2,South,Freehold,Resale,Ready to Move,185,9973,0,0,0,Mid
Tangra,2,990,6,2,Unknown,Unknown,Resale,Ready to Move,120,12121,0,0,0,Low
Narendrapur Rajpur Sonarpur,2,761,2,2,South -West,Freehold,Resale,Ready to Move,41,5388,1,0,1,Low
International Airport,3,2500,8,3,Unknown,Freehold,New Property,Ready to Move,550,20755,1,0,0,High
Tollygunge,3,1720,2,2,East,Freehold,Resale,Ready to Move,145,8430,1,0,1,Low
Rajarhat,3,1753,7,2,Unknown,Unknown,Resale,Ready to Move,100,5705,0,0,0,Low
Barrackpore Trunk Road,3,965,1,2,Unknown,Unknown,New Property,Ready to Move,70,7254,1,0,1,Low
Rajarhat,3,1100,1,2,South - East,Freehold,New Property,Ready to Move,65,4362,1,1,0,Low
Kestopur,3,1250,4,2,Unknown,Unknown,Resale,Ready to Move,60,4800,0,0,0,Low
Sector 5 Salt Lake City,3,1485,9,2,Unknown,Unknown,Resale,Ready to Move,130,8754,0,0,0,Low
Joka,3,1050,3,3,Unknown,Freehold,Resale,Ready to Move,55,5238,1,1,1,Low
Rajarhat,3,1046,27,2,Unknown,Unknown,Resale,Unknown,150,12942,0,0,0,Low
Ballygunge,3,2000,1,3,Unknown,Unknown,Resale,Ready to Move,420,21000,0,0,0,High
New Town,3,1285,13,3,East,Freehold,Resale,Ready to Move,205,13219,1,0,0,Mid
New Alipore,3,1050,6,2,East,Freehold,Resale,Ready to Move,80,7619,0,0,1,Low
Kankurgachi,2,1229,1,2,East,Freehold,Resale,Ready to Move,100,8137,0,0,0,Low
Maheshtala,2,447,13,2,Unknown,Unknown,Resale,Ready to Move,24,3371,0,0,0,Low
Tollygunge,2,1240,1,2,Unknown,Unknown,Resale,Ready to Move,120,9677,0,0,0,Low
Santoshpur,3,1242,3,2,North - West,Freehold,Resale,Ready to Move,90,7246,0,1,0,Low
New Town,3,1588,10,3,Unknown,Unknown,Resale,Ready to Move,150,9446,0,0,0,Low
New Town,2,650,11,2,Unknown,Unknown,Resale,Ready to Move,42,6462,0,0,0,Low
Salt Lake City,3,1485,17,2,Unknown,Unknown,Resale,Ready to Move,130,8754,0,0,0,Low
Rash Behari Avenue,4,1282,2,3,North - West,Freehold,Resale,Ready to Move,230,13450,1,0,0,Mid
Madhyamgram,3,1176,0,2,South,Freehold,Resale,Ready to Move,56,4762,1,0,0,Low
Rajarhat,3,1522,21,2,Unknown,Unknown,Resale,Ready to Move,110,7227,0,0,0,Low
New Town,2,1266,2,2,South,Leasehold,Resale,Ready to Move,120,9479,1,1,1,Low
Chakra Beriya,3,1380,4,3,Unknown,Unknown,Resale,Ready to Move,220,15942,0,0,0,Mid
Eastern Metropolitan Bypass,4,3687,11,4,Unknown,Unknown,Resale,Ready to Move,1000,27122,0,0,0,High
Maheshtala,3,1482,8,2,Unknown,Unknown,Resale,Ready to Move,60,4049,0,0,0,Low
Picnic Garden,3,1369,4,2,East,Freehold,Resale,Ready to Move,130,9496,1,0,0,Low
New Town,3,1550,12,2,Unknown,Unknown,Resale,Ready to Move,110,7097,0,0,0,Low
Eastern Metropolitan Bypass,4,2086,6,3,East,Freehold,Resale,Ready to Move,315,15101,0,0,0,Mid
New Town,4,2077,7,3,Unknown,Unknown,Resale,Ready to Move,210,10111,0,0,0,Mid
Baguiati,2,500,2,1,Unknown,Unknown,Resale,Ready to Move,17,3400,0,0,0,Low
New Town,3,1930,11,3,South - East,Unknown,Resale,Ready to Move,220,11399,1,1,1,Mid
Rajarhat,2,560,3,1,South - East,Freehold,Resale,Ready to Move,45,8036,0,1,0,Low
Patuli,3,1000,2,2,Unknown,Unknown,Resale,Ready to Move,96,8518,0,0,0,Low
Narendrapur Rajpur Sonarpur,3,1315,3,2,Unknown,Freehold,Resale,Unknown,51.5,3916,1,0,0,Low
New Town,2,1060,1,2,Unknown,Unknown,Resale,Ready to Move,100,9434,0,0,0,Low
Bishnupur Road,3,900,2,2,Unknown,Freehold,Resale,Ready to Move,50,4348,1,1,1,Low
Rajarhat,3,1398,5,2,South - East,Freehold,Resale,Unknown,110,7868,1,0,0,Low
Jessore Road,2,1080,4,2,Unknown,Unknown,Resale,Ready to Move,32,2963,0,0,0,Low
Uttarpara Ch,2,1020,6,2,West,Freehold,Resale,Ready to Move,60,5882,0,0,0,Low
Narendrapur Rajpur Sonarpur,2,1059,4,2,Unknown,Freehold,Resale,Ready to Move,51,4816,0,0,0,Low
Narendrapur Rajpur Sonarpur,2,820,2,2,Unknown,Unknown,Resale,Ready to Move,30,3659,0,0,0,Low
New Town,4,1508,3,5,South,Freehold,Resale,Ready to Move,270,12402,0,0,0,Mid
Joka,1,549,6,1,East,Freehold,Resale,Ready to Move,30,5464,1,0,0,Low
Dunlop,3,1450,5,2,North - East,Freehold,Resale,Ready to Move,1100,74324,0,1,0,High
New Town,2,1475,7,2,Unknown,Unknown,Resale,Ready to Move,88,5966,0,0,0,Low
Tangra,3,1200,1,3,Unknown,Unknown,Resale,Ready to Move,150,9323,0,0,0,Low
Khardaha,1,630,1,2,West,Unknown,Resale,Ready to Move,25,3968,1,1,1,Low
Maheshtala,2,712,9,2,Unknown,Freehold,New Property,Ready to Move,32,4494,0,0,0,Low
New Town,4,2230,9,4,Unknown,Unknown,Resale,Ready to Move,175,7847.533632287,0,0,0,Mid
Rajarhat,3,1216,2,2,Unknown,Unknown,Resale,Ready to Move,50,4112,0,0,0,Low
Barasat,3,950,1,2,Unknown,Unknown,Resale,Ready to Move,25,2632,0,0,0,Low
Maheshtala,3,1377,13,2,Unknown,Unknown,Resale,Ready to Move,55,3994,0,0,0,Low
Rajarhat,1,1250,,1,Unknown,Unknown,Resale,Ready to Move,135,10800,0,0,0,Low
Diamond Harbour Road,2,880,10,2,North - East,Freehold,Resale,Ready to Move,47,5341,0,0,0,Low
Sector 5 Salt Lake City,2,1090,19,2,East,Freehold,Resale,Ready to Move,99,9083,0,0,0,Low
Pailan,3,1158,4,2,Unknown,Unknown,New Property,Ready to Move,38,3282,0,0,0,Low
New Town,3,990,4,2,Unknown,Unknown,Resale,Ready to Move,120,11776,0,0,0,Low
Eastern Metropolitan Bypass,3,1719,2,2,South,Unknown,Resale,Ready to Move,130,7563,0,0,0,Low
Diamond Harbour Road,4,2170,10,4,Unknown,Unknown,Resale,Ready to Move,321,14793,1,1,0,Mid
Behala Chowrasta,3,1112,4,2,Unknown,Unknown,Resale,Ready to Move,55,4946,0,0,0,Low
Eastern Metropolitan Bypass,3,1035,1,3,Unknown,Unknown,Resale,Ready to Move,285,17056,0,0,0,Mid
Ramgarh Garia,2,1163,7,2,North - East,Freehold,Resale,Ready to Move,100,8598,1,0,0,Low
Sector 5 Salt Lake City,3,1435,11,3,North - East,Freehold,Resale,Ready to Move,400,20725,1,0,0,Mid
Uttarpara Ch,3,1119,6,2,Unknown,Unknown,Resale,Ready to Move,65,5809,0,0,0,Low
Serampore,2,587,9,2,Unknown,Freehold,Resale,Ready to Move,38,6473.59454855196,1,0,0,Low
Vip Road,3,1405,1,2,Unknown,Unknown,Resale,Ready to Move,140,9964,0,0,0,Low
Maheshtala,3,1356,1,2,Unknown,Unknown,Resale,Unknown,42.2,3112,0,0,0,Low
Pailan,3,1059,3,3,Unknown,Unknown,Resale,Ready to Move,30,2833,0,0,0,Low
Baranagar,2,771,21,2,North - East,Freehold,Resale,Ready to Move,100,9488,1,0,1,Low
Mukundapur,1,513,23,1,South,Freehold,Resale,Ready to Move,50,9747,1,1,1,Low
New Town,3,1956,24,3,Unknown,Unknown,Resale,Ready to Move,140,7157,0,0,0,Low
Rajarhat,2,840,2,2,Unknown,Unknown,Resale,Ready to Move,70,8333,0,0,0,Low
Baguiati,3,1148,3,2,Unknown,Unknown,Resale,Ready to Move,50,4355,0,0,0,Low
New Alipore,3,1600,4,3,Unknown,Unknown,Resale,Ready to Move,150,9375,0,0,0,Low
Joka,3,1208,2,2,Unknown,Unknown,Resale,Ready to Move,55,4553,0,0,0,Low
Howrah,2,614,5,2,Unknown,Unknown,Resale,Ready to Move,55,8958,0,0,0,Low
Kadapara,3,1015,3,3,Unknown,Unknown,Resale,Ready to Move,129,8398,0,0,0,Low
Madurdaha,3,1034,2,2,Unknown,Unknown,Resale,Ready to Move,85,8221,0,0,0,Low
Joka,3,867,13,3,South - East,Unknown,Resale,Ready to Move,110,8607,0,0,0,Low
Eastern Metropolitan Bypass,3,3186,36,4,South,Freehold,Resale,Ready to Move,650,20402,1,1,0,High
Dum Dum,3,1882,2,3,Unknown,Leasehold,Resale,Ready to Move,155,8236,0,0,0,Mid
Action Area 2,3,942,9,2,Unknown,Unknown,Resale,Ready to Move,128,9964,0,0,0,Low
Narendrapur Rajpur Sonarpur,3,1379,17,2,Unknown,Unknown,Resale,Ready to Move,96,6962,0,0,0,Low
Eastern Metropolitan Bypass,3,1425,2,2,East,Unknown,Resale,Ready to Move,230,16140,1,0,0,Mid
Madhyamgram,3,1156,2,2,South - East,Unknown,Resale,Ready to Move,45,3892.73356401384,0,0,0,Low
Gariahat,3,1000,3,3,Unknown,Unknown,Resale,Ready to Move,165,10645,0,0,0,Mid
Belgachia,3,1234,4,2,North,Freehold,Resale,Ready to Move,150,12156,0,0,0,Low
Barrackpore Trunk Road,2,1360,4,2,Unknown,Unknown,Resale,Ready to Move,110,8088,0,0,0,Low
Madhyamgram,2,975,1,2,Unknown,Unknown,Resale,Ready to Move,33,3385,0,0,0,Low
Block N New Alipore,2,687,5,2,South,Co-operative Society,Resale,Ready to Move,125,12376,0,0,0,Low
Rajarhat,2,990,4,2,Unknown,Unknown,Resale,Ready to Move,50,5051,0,0,0,Low
Southern Bypass,2,800,7,2,Unknown,Unknown,Resale,Ready to Move,43,3909,0,0,0,Low
Kolkata,4,2211,4,4,South,Freehold,Resale,Ready to Move,160,7237,1,0,0,Mid
Alipore,3,1674,4,3,East,Freehold,Resale,Ready to Move,200,11947,1,0,0,Mid
Belghoria Expressway,1,600,1,1,Unknown,Unknown,Resale,Ready to Move,46,7667,0,0,0,Low
Joka,2,906,8,2,Unknown,Unknown,Resale,Ready to Move,65,7174,0,0,0,Low
Joka,2,806,10,2,Unknown,Unknown,Resale,Ready to Move,65,8065,0,0,0,Low
Khardaha,2,906,6,2,Unknown,Unknown,Resale,Ready to Move,45,4967,0,0,0,Low
Rajpur,2,896,2,2,Unknown,Unknown,Resale,Ready to Move,60,6696,0,0,0,Low
Howrah,3,1326,16,2,Unknown,Freehold,Resale,Ready to Move,135,10181,0,0,0,Low
Rajarhat,2,821,4,2,South -West,Freehold,Resale,Ready to Move,34,4141.29110840439,0,0,0,Low
Eastern Metropolitan Bypass,2,417,9,1,East,Unknown,Resale,Ready to Move,110,16200,0,1,0,Low
Sodepur,3,1300,3,2,Unknown,Unknown,Resale,Ready to Move,50,3846,0,0,0,Low
East Kolkata Township,2,1134,5,2,Unknown,Unknown,Resale,Ready to Move,114,10097,0,0,0,Low
Rajarhat,2,774,10,2,South,Unknown,Resale,Ready to Move,77,9948,1,1,0,Low
Bhangar,1,450,1,1,Unknown,Unknown,Resale,Ready to Move,12,2667,0,0,0,Low
Jessore Road,3,1100,4,2,Unknown,Unknown,Resale,Ready to Move,65,5909,0,0,0,Low
Howrah,2,1202,7,2,Unknown,Unknown,Resale,Ready to Move,80,6656,0,0,0,Low
Maheshtala,2,750,11,2,Unknown,Unknown,Resale,Ready to Move,32,4267,0,0,0,Low
Maheshtala,2,712,12,2,Unknown,Unknown,Resale,Ready to Move,25,3511,0,0,0,Low
Eastern Metropolitan Bypass,3,1695,3,2,Unknown,Unknown,Resale,Ready to Move,186,10973,0,0,0,Mid
Eastern Metropolitan Bypass,2,1206,4,2,Unknown,Unknown,Resale,Ready to Move,100,8292,0,0,0,Low
Rajarhat,3,1750,1,2,Unknown,Unknown,Resale,Ready to Move,100,5714,0,0,0,Low
Behala,3,1150,9,2,Unknown,Unknown,Resale,Ready to Move,43.7,3800,0,0,0,Low
Rajarhat,2,650,4,2,North - East,Freehold,Resale,Ready to Move,40,4624,1,1,1,Low
Joka,2,850,7,2,Unknown,Co-operative Society,Resale,Ready to Move,54,5320,1,1,0,Low
Barrackpore Trunk Road,3,1513,18,2,Unknown,Unknown,Resale,Ready to Move,135,8923,0,0,0,Low
Alipore,3,1200,4,3,Unknown,Unknown,Resale,Ready to Move,200,11947,0,0,0,Mid
Patuli,3,1182,4,2,East,Freehold,Resale,Ready to Move,91,7699,1,1,1,Low
Phool Bagan Kankurgachi,4,2328,9,3,Unknown,Unknown,Resale,Ready to Move,400,17182,0,0,0,Mid
Anandapur,3,1540,6,3,Unknown,Unknown,Resale,Unknown,425,16667,0,0,0,High
Rajarhat,2,800,1,2,Unknown,Freehold,Resale,Ready to Move,46,5750,0,1,0,Low
New Town,3,1577,4,2,Unknown,Unknown,Resale,Ready to Move,190,12048,0,0,0,Mid
Kamalgazi,2,983,4,2,Unknown,Unknown,Resale,Ready to Move,65,6612,1,1,1,Low
Behala Chowrasta,2,920,3,2,Unknown,Unknown,Resale,Ready to Move,50,5435,0,0,0,Low
Eastern Metropolitan Bypass,4,2500,18,4,North,Unknown,Resale,Ready to Move,450,15000,1,1,0,High
New Town,4,1512,19,3,North - East,Freehold,Resale,Unknown,310,15369,1,1,1,Mid
Narendrapur Rajpur Sonarpur,2,879,3,2,South - East,Freehold,Resale,Ready to Move,45,5119,0,0,1,Low
Barasat,3,1200,2,2,Unknown,Unknown,Resale,Ready to Move,57,4750,0,0,0,Low
Barrackpore,2,796,6,2,South -West,Freehold,Resale,Ready to Move,27,3392,0,1,0,Low
Sector 5 Salt Lake City,3,1485,6,2,Unknown,Unknown,Resale,Ready to Move,215,14478,0,0,0,Mid
Dunlop,2,950,3,2,Unknown,Unknown,Resale,Ready to Move,65,6842,0,0,0,Low
Rajarhat Ma,3,1200,2,2,South,Freehold,Resale,Ready to Move,120,7895,0,0,0,Low
Joka,2,705,9,2,South - East,Freehold,New Property,Ready to Move,53,5638,1,1,0,Low
Mahish Bathan,4,1947,16,4,Unknown,Unknown,Resale,Ready to Move,430,22085,0,0,0,High
Rajarhat Ma,2,875,4,2,South - East,Freehold,Resale,Ready to Move,32,3657,1,1,1,Low
Thakurpukur,3,1389,2,2,East,Freehold,Resale,Ready to Move,51,3672,1,0,0,Low
Tollygunge,3,1475,11,2,Unknown,Unknown,Resale,Unknown,110,7458,0,0,0,Low
Rajarhat,3,1697,15,2,Unknown,Unknown,Resale,Ready to Move,125,7366,0,0,0,Low
Rajarhat,3,1800,15,3,North - East,Freehold,Unknown,Ready to Move,150,8333,1,1,0,Low
Maheshtala,2,712,11,2,South -West,Freehold,Resale,Ready to Move,31.1,4362,0,1,0,Low
Mukundapur,3,2143,27,2,Unknown,Unknown,Resale,Unknown,300,13999,0,0,0,Mid
Bishnupur Rajarhat,2,992,8,2,Unknown,Freehold,Resale,Ready to Move,53,5343,1,0,0,Low
Bally,2,720,0,1,North - East,Co-operative Society,New Property,Unknown,25,3333,0,1,0,Low
Rajarhat,2,897,8,2,Unknown,Unknown,Resale,Ready to Move,44.8,4994,0,0,0,Low
Agarpara,2,696,2,2,South - East,Freehold,Resale,Ready to Move,75,7426,1,1,1,Low
Mahatma Gandhi Road,2,938,2,2,Unknown,Unknown,Resale,Ready to Move,40,4264,0,0,0,Low
New Town,3,1670,6,3,Unknown,Unknown,Resale,Ready to Move,110,6587,0,0,0,Low
Tangra,3,1556,1,3,Unknown,Unknown,Resale,Ready to Move,135,8676,0,0,0,Low
Action Area 1,4,3029,7,5,North - West,Freehold,Resale,Ready to Move,425,14031,0,1,1,High
Rajarhat,3,1275,8,2,Unknown,Unknown,Resale,Ready to Move,151,11843,0,0,0,Mid
Action Area 2,4,1345,17,3,Unknown,Unknown,Resale,Ready to Move,300,22304.8327137547,0,0,0,Mid
Garia,2,956,1,2,Unknown,Unknown,Resale,Ready to Move,61,6381,0,0,0,Low
Sector 5 Salt Lake City,3,1711,1,3,Unknown,Unknown,Resale,Ready to Move,200,11689,0,0,0,Mid
Uttarpara Ch,3,805,11,2,Unknown,Freehold,Resale,Unknown,60,5362,1,0,0,Low
Rajarhat,3,1350,3,2,East,Unknown,Resale,Ready to Move,82,6074,0,0,0,Low
Chak Garia,3,1350,26,2,Unknown,Unknown,Resale,Ready to Move,150,11111,0,0,0,Low
Shakespeare Sarani,2,1200,10,2,East,Freehold,Resale,Ready to Move,195,13122,0,1,0,Mid
Bramhapur,2,780,1,2,Unknown,Freehold,Resale,Ready to Move,30,3846,0,0,0,Low
Baruipur,2,840,3,2,Unknown,Unknown,Resale,Ready to Move,40,4762,0,0,0,Low
Sector 5 Salt Lake City,2,1080,24,2,Unknown,Unknown,Resale,Ready to Move,135,12500,0,0,0,Low
Rajarhat Falta,3,834,1,2,South -West,Unknown,Resale,Ready to Move,100,7710,0,0,0,Low
Behala Chowrasta,2,1052,1,2,Unknown,Unknown,Resale,Ready to Move,43,4087,0,0,0,Low
Maheshtala,3,1236,9,2,Unknown,Unknown,Resale,Ready to Move,42,3398,0,0,0,Low
Rajarhat Falta,3,950,13,3,South,Freehold,New Property,Ready to Move,120,8571,1,0,0,Low
Rajpur Sonarpur,3,1000,8,2,Unknown,Unknown,Resale,Ready to Move,125,12500,0,0,0,Low
Howrah,3,1200,5,3,Unknown,Unknown,Resale,Unknown,120,7864,0,0,0,Low
Rajarhat,3,1585,1,3,Unknown,Unknown,Resale,Ready to Move,90,5678,0,0,0,Low
Tollygunge,3,1047,4,2,East,Freehold,Resale,Ready to Move,51,4093,1,1,1,Low
Rajarhat,3,785,2,3,Unknown,Unknown,Resale,Ready to Move,92,7610,0,0,0,Low
Kasba,2,900,1,2,Unknown,Unknown,Resale,Ready to Move,65,7222,0,0,0,Low
Maheshtala,2,750,3,2,Unknown,Unknown,Resale,Ready to Move,30,4000,0,0,0,Low
Eastern Metropolitan Bypass,3,2100,13,2,Unknown,Unknown,Resale,Ready to Move,220,10476,0,0,0,Mid
Kaikhali,2,860,3,2,Unknown,Unknown,Resale,Ready to Move,45,5233,0,0,0,Low
Santragachi,3,1050,33,3,Unknown,Unknown,Resale,Unknown,59.8,5693,0,0,0,Low
Rajarhat,2,867,3,2,Unknown,Unknown,Resale,Ready to Move,30.1,3472,0,0,0,Low
Regent Park,3,1050,1,3,South,Freehold,Resale,Unknown,115,7419,0,0,0,Low
Konnagar,3,1256,3,3,Unknown,Unknown,Resale,Ready to Move,120,9554,0,0,0,Low
Jessore Road,2,600,10,2,Unknown,Unknown,Resale,Ready to Move,60,6881,0,0,0,Low
Eastern Metropolitan Bypass,3,2000,13,4,Unknown,Unknown,Resale,Ready to Move,400,20000,0,0,0,Mid
Vip Road,3,1440,3,2,Unknown,Unknown,Resale,Ready to Move,100,6944,0,0,0,Low
Mukundapur,3,3490,3,4,Unknown,Unknown,Resale,Ready to Move,400,11461,0,0,0,Mid
Sector 5 Salt Lake City,2,1050,17,2,Unknown,Unknown,Resale,Ready to Move,125,11905,0,0,0,Low
New Alipore,2,1000,3,2,North - West,Unknown,Resale,Ready to Move,150,11538,0,1,0,Low
Maheshtala,2,700,7,1,Unknown,Unknown,Resale,Ready to Move,25,3571,0,0,0,Low
Bakra Hat Road,3,658,4,3,East,Freehold,Resale,Ready to Move,27,2789,0,0,0,Low
Maheshtala,3,1524,8,3,Unknown,Unknown,Resale,Ready to Move,60,3937,0,0,0,Low
Eastern Metropolitan Bypass,4,2161,13,3,Unknown,Unknown,Resale,Ready to Move,160,7404,0,0,0,Mid
Thakurpukur,3,1435,5,2,Unknown,Unknown,Resale,Ready to Move,70,4878,0,0,0,Low
Ranikuthi,2,834,1,2,Unknown,Freehold,Resale,Unknown,82,7289,0,0,0,Low
Barasat,2,863,3,2,Unknown,Unknown,Resale,Ready to Move,25.6,2966,0,0,0,Low
New Town,4,1651,26,4,Unknown,Unknown,Resale,Ready to Move,321,13459,0,0,0,Mid
Mahish Bathan Dhapa,3,968,19,2,North - East,Freehold,Resale,Ready to Move,120,8136,0,1,0,Low
Shibrampur,3,1306,5,3,East,Unknown,Resale,Ready to Move,66,5053.59877488515,1,0,0,Low
Narayanpur,2,920,5,2,Unknown,Unknown,Resale,Ready to Move,41,5170,0,0,0,Low
Park Street Area,2,1137,8,2,Unknown,Unknown,Resale,Ready to Move,275,24186,0,0,0,Mid
Vip Road,3,1195,1,3,Unknown,Freehold,Resale,Ready to Move,126,7910,0,0,0,Low
Basanta Lal Saha Road,3,1475,5,2,Unknown,Unknown,Resale,Ready to Move,120,8136,0,0,0,Low
Joka,2,891,11,2,Unknown,Unknown,Resale,Ready to Move,57,6264,0,0,0,Low
Barrackpore Trunk Road,3,1590,4,3,East,Freehold,Resale,Ready to Move,150,9434,1,0,0,Low
Tangra,3,810,10,2,South,Freehold,Resale,Ready to Move,180,13740,1,1,1,Mid
Action Area 3,3,2128,18,4,Unknown,Freehold,New Property,Unknown,145,6814,1,1,1,Low
Maheshtala,2,548,5,2,East,Freehold,Resale,Unknown,22,4015,1,1,1,Low
Tollygunge,3,1435,6,3,Unknown,Co-operative Society,Resale,Ready to Move,200,13937,1,0,0,Mid
Madhyamgram,2,612,3,2,South - East,Freehold,Resale,Ready to Move,58,6270,0,1,1,Low
Howrah,2,950,2,2,East,Co-operative Society,New Property,Ready to Move,45,4737,0,1,0,Low
Mukundapur,1,517,8,1,Unknown,Unknown,Resale,Ready to Move,37,7157,0,0,0,Low
Barrackpore Trunk Road,3,1359,9,2,South -West,Freehold,New Property,Unknown,100,7358,1,0,1,Low
Behala,3,1325,1,3,North,Freehold,Resale,Ready to Move,105,5183,1,1,0,Low
Joka,2,750,9,2,Unknown,Unknown,Resale,Ready to Move,30,4000,0,0,0,Low
Tangra,3,1743,13,3,North - East,Unknown,Resale,Ready to Move,210,12048,1,0,1,Mid
Ultadanga,2,900,11,2,Unknown,Unknown,Resale,Ready to Move,120,13333,0,0,0,Low
Gariahat Road,2,1100,5,2,North - East,Co-operative Society,Resale,Ready to Move,200,13986,1,0,0,Mid
Hainavi,2,840,2,2,Unknown,Unknown,Resale,Ready to Move,31,3690,0,0,0,Low
Maheshtala,2,712,10,2,East,Freehold,Resale,Ready to Move,24,3371,0,0,0,Low
Convent Road,3,1076,7,3,South,Freehold,Resale,Ready to Move,200,16978,1,1,0,Mid
Maheshtala,3,1236,,3,Unknown,Unknown,Resale,Ready to Move,43,3479,0,0,0,Low
Daulatpur,3,1059,3,2,Unknown,Freehold,New Property,Unknown,29.5,2786,0,1,0,Low
Kolkata,4,1400,17,3,East,Freehold,New Property,Unknown,205,10411,1,0,1,Mid
Rajarhat,4,2400,1,4,Unknown,Unknown,Resale,Ready to Move,110,4583,0,0,0,Low
Maheshtala,2,550,7,2,Unknown,Unknown,Resale,Ready to Move,25,3141,0,0,0,Low
Eastern Metropolitan Bypass,3,1038,21,2,Unknown,Unknown,Resale,Unknown,80,7707,0,0,0,Low
Diamond Harbour Road,3,1755,4,3,Unknown,Unknown,Resale,Ready to Move,210,11966,0,0,0,Mid
Maheshtala,2,712,4,2,Unknown,Unknown,Resale,Ready to Move,30,4213,0,0,0,Low
Kasba,3,860,4,2,Unknown,Unknown,Resale,Ready to Move,90,10465,0,0,0,Low
Eastern Metropolitan Bypass,4,2581,9,4,Unknown,Unknown,Resale,Ready to Move,180,6974,0,0,0,Mid
Salt Lake City,2,1820,4,3,Unknown,Leasehold,Resale,Ready to Move,275,15110,1,1,1,Mid
Hainavi,2,769,1,2,Unknown,Unknown,Resale,Ready to Move,23,2991,0,0,0,Low
Sonarpur Station Road,3,1175,4,2,Unknown,Unknown,Resale,Ready to Move,47.5,4043,0,0,0,Low
Jessore Road,4,2284,1,2,Unknown,Unknown,Resale,Ready to Move,250,10946,0,0,0,Mid
Anandapur,3,2742,23,3,North - East,Leasehold,Resale,Unknown,430,15682,0,0,1,High
Dum Dum,2,1180,3,2,Unknown,Unknown,Resale,Ready to Move,78,6610,0,0,0,Low
Eastern Metropolitan Bypass,3,2440,1,3,Unknown,Unknown,Resale,Ready to Move,280,11475,0,0,0,Mid
Tollygunge,4,1553,3,3,Unknown,Unknown,Resale,Ready to Move,175,11269,0,0,0,Mid
Eastern Metropolitan Bypass,2,834,18,2,Unknown,Unknown,Resale,Unknown,97,11631,0,0,0,Low
Jagatdal,2,700,2,2,Unknown,Unknown,Resale,Ready to Move,28,3256,0,0,0,Low
Maheshtala,2,712,13,2,Unknown,Unknown,Resale,Ready to Move,32.5,4564.60674157303,0,0,0,Low
Khardaha,3,1216,3,2,Unknown,Unknown,Resale,Ready to Move,60,4934,0,0,0,Low
Mukundapur,1,513,9,1,North,Freehold,Resale,Ready to Move,30,5848,0,0,0,Low
Malancha Mahi Nagar,3,960,5,2,Unknown,Unknown,Resale,Ready to Move,35,3646,0,0,0,Low
Tollygunge,2,1220,3,2,East,Freehold,Resale,Ready to Move,70,5738,1,0,0,Low
Eastern Metropolitan Bypass,3,2028,,3,North,Freehold,Resale,Ready to Move,155,7643,1,0,0,Mid
New Town,3,1651,18,4,Unknown,Unknown,Resale,Ready to Move,310,18776,0,0,0,Mid
Garia,2,937,2,2,Unknown,Unknown,Resale,Ready to Move,50,5336,0,0,0,Low
Barrackpore Trunk Road,3,1312,5,2,Unknown,Freehold,Resale,Ready to Move,125,9527,0,1,1,Low
Rash Behari Avenue,3,1710,2,3,Unknown,Unknown,Resale,Ready to Move,240,14035,0,0,0,Mid
Birati,4,1716,6,4,Unknown,Unknown,Resale,Ready to Move,90,5245,0,0,0,Low
Rajarhat,2,1044,3,2,Unknown,Unknown,Resale,Ready to Move,50,4789,0,0,0,Low
Ramchandrapur Thakurpukur,3,1220,2,2,Unknown,Unknown,Resale,Ready to Move,52.9,4332,0,0,0,Low
Madhyamgram,3,1260,3,3,Unknown,Unknown,Resale,Ready to Move,52,4127,0,0,0,Low
Vedic Village,2,1040,1,2,East,Freehold,New Property,Ready to Move,49,4455,0,0,1,Low
Kolkata,2,650,3,2,Unknown,Unknown,New Property,Ready to Move,22,3385,0,0,0,Low
Rajarhat,2,900,1,2,Unknown,Unknown,Resale,Ready to Move,39.7,4411,0,0,0,Low
Durga Nagar,2,617,2,2,Unknown,Freehold,New Property,Unknown,37,4800,1,0,0,Low
Bidhan Park,2,800,3,2,Unknown,Unknown,Resale,Ready to Move,32,3556,0,0,0,Low
